group,dataset_id,rep,method,variant,auprc,f1_topk
grn_n10_e10_c5_a0_pos50,grn_n10_e10_c5_a0_pos50_rep0,0,GENIE3,directed_unsigned,0.08547794761541305,0.03333333333333333
grn_n10_e10_c5_a0_pos50,grn_n10_e10_c5_a0_pos50_rep0,0,GENIE3,signed_directed,0.05660697566893693,0.03333333333333333
grn_n10_e10_c5_a0_pos50,grn_n10_e10_c5_a0_pos50_rep0,0,GENIE3,undirected,0.15974453130425603,0.10000000000000002
grn_n10_e10_c5_a0_pos50,grn_n10_e10_c5_a0_pos50_rep0,0,GRNBOOST2,directed_unsigned,0.2855878306455053,0.26666666666666666
grn_n10_e10_c5_a0_pos50,grn_n10_e10_c5_a0_pos50_rep0,0,GRNBOOST2,signed_directed,0.20870076011497576,0.26666666666666666
grn_n10_e10_c5_a0_pos50,grn_n10_e10_c5_a0_pos50_rep0,0,GRNBOOST2,undirected,0.5402782821536157,0.46666666666666673
grn_n10_e10_c5_a0_pos50,grn_n10_e10_c5_a0_pos50_rep0,0,PEARSON,directed_unsigned,0.2889465761126362,0.4000000000000001
grn_n10_e10_c5_a0_pos50,grn_n10_e10_c5_a0_pos50_rep0,0,PEARSON,signed_directed,0.2889465761126362,0.4000000000000001
grn_n10_e10_c5_a0_pos50,grn_n10_e10_c5_a0_pos50_rep0,0,PEARSON,undirected,0.5278931522252724,0.4000000000000001
grn_n10_e10_c5_a0_pos50,grn_n10_e10_c5_a0_pos50_rep0,0,PIDC,directed_unsigned,0.3065562913310339,0.3
grn_n10_e10_c5_a0_pos50,grn_n10_e10_c5_a0_pos50_rep0,0,PIDC,signed_directed,0.22292658730158732,0.3
grn_n10_e10_c5_a0_pos50,grn_n10_e10_c5_a0_pos50_rep0,0,PIDC,undirected,0.5631125826620678,0.5
grn_n10_e10_c5_a0_pos50,grn_n10_e10_c5_a0_pos50_rep0,0,PPCOR,directed_unsigned,0.3245946689842876,0.3666666666666667
grn_n10_e10_c5_a0_pos50,grn_n10_e10_c5_a0_pos50_rep0,0,PPCOR,signed_directed,0.3245946689842876,0.3666666666666667
grn_n10_e10_c5_a0_pos50,grn_n10_e10_c5_a0_pos50_rep0,0,PPCOR,undirected,0.5973893682250572,0.4333333333333334
grn_n10_e10_c5_a0_pos50,grn_n10_e10_c5_a0_pos50_rep0,0,SCODE,directed_unsigned,0.13273881274685323,0.03333333333333333
grn_n10_e10_c5_a0_pos50,grn_n10_e10_c5_a0_pos50_rep0,0,SCODE,signed_directed,0.07449271937480477,0.03333333333333333
grn_n10_e10_c5_a0_pos50,grn_n10_e10_c5_a0_pos50_rep0,0,SCODE,undirected,0.29683483461151644,0.26666666666666666
grn_n10_e10_c5_a0_pos50,grn_n10_e10_c5_a0_pos50_rep0,0,SCSGL,directed_unsigned,0.31849165901427307,0.3
grn_n10_e10_c5_a0_pos50,grn_n10_e10_c5_a0_pos50_rep0,0,SCSGL,signed_directed,0.31849165901427307,0.3
grn_n10_e10_c5_a0_pos50,grn_n10_e10_c5_a0_pos50_rep0,0,SCSGL,undirected,0.6036499846952128,0.6333333333333333
grn_n10_e10_c5_a0_pos50,grn_n10_e10_c5_a0_pos50_rep0,0,TODO4v2,directed_unsigned,0.39302986471123474,0.4000000000000001
grn_n10_e10_c5_a0_pos50,grn_n10_e10_c5_a0_pos50_rep0,0,TODO4v2,signed_directed,0.39302986471123474,0.4000000000000001
grn_n10_e10_c5_a0_pos50,grn_n10_e10_c5_a0_pos50_rep0,0,TODO4v2,undirected,0.5493996679740162,0.4000000000000001
grn_n10_e10_c5_a0_pos50,grn_n10_e10_c5_a0_pos50_rep1,1,GENIE3,directed_unsigned,0.08021459345229733,0.0
grn_n10_e10_c5_a0_pos50,grn_n10_e10_c5_a0_pos50_rep1,1,GENIE3,signed_directed,0.047450001939198634,0.0
grn_n10_e10_c5_a0_pos50,grn_n10_e10_c5_a0_pos50_rep1,1,GENIE3,undirected,0.1551549669875937,0.0
grn_n10_e10_c5_a0_pos50,grn_n10_e10_c5_a0_pos50_rep1,1,GRNBOOST2,directed_unsigned,0.18438356987446083,0.13333333333333333
grn_n10_e10_c5_a0_pos50,grn_n10_e10_c5_a0_pos50_rep1,1,GRNBOOST2,signed_directed,0.08946407493804757,0.13333333333333333
grn_n10_e10_c5_a0_pos50,grn_n10_e10_c5_a0_pos50_rep1,1,GRNBOOST2,undirected,0.44342621158797635,0.46666666666666673
grn_n10_e10_c5_a0_pos50,grn_n10_e10_c5_a0_pos50_rep1,1,PEARSON,directed_unsigned,0.17876646864904966,0.10000000000000002
grn_n10_e10_c5_a0_pos50,grn_n10_e10_c5_a0_pos50_rep1,1,PEARSON,signed_directed,0.17876646864904966,0.10000000000000002
grn_n10_e10_c5_a0_pos50,grn_n10_e10_c5_a0_pos50_rep1,1,PEARSON,undirected,0.3575329372980994,0.5
grn_n10_e10_c5_a0_pos50,grn_n10_e10_c5_a0_pos50_rep1,1,PIDC,directed_unsigned,0.19738328045864806,0.10000000000000002
grn_n10_e10_c5_a0_pos50,grn_n10_e10_c5_a0_pos50_rep1,1,PIDC,signed_directed,0.09509941991559635,0.10000000000000002
grn_n10_e10_c5_a0_pos50,grn_n10_e10_c5_a0_pos50_rep1,1,PIDC,undirected,0.39476656091729617,0.46666666666666673
grn_n10_e10_c5_a0_pos50,grn_n10_e10_c5_a0_pos50_rep1,1,PPCOR,directed_unsigned,0.2026657981971983,0.10000000000000002
grn_n10_e10_c5_a0_pos50,grn_n10_e10_c5_a0_pos50_rep1,1,PPCOR,signed_directed,0.2026657981971983,0.10000000000000002
grn_n10_e10_c5_a0_pos50,grn_n10_e10_c5_a0_pos50_rep1,1,PPCOR,undirected,0.4055400095074008,0.5
grn_n10_e10_c5_a0_pos50,grn_n10_e10_c5_a0_pos50_rep1,1,SCODE,directed_unsigned,0.13680715198296575,0.13333333333333333
grn_n10_e10_c5_a0_pos50,grn_n10_e10_c5_a0_pos50_rep1,1,SCODE,signed_directed,0.0973835852225315,0.10000000000000002
grn_n10_e10_c5_a0_pos50,grn_n10_e10_c5_a0_pos50_rep1,1,SCODE,undirected,0.2882250280818956,0.30000000000000004
grn_n10_e10_c5_a0_pos50,grn_n10_e10_c5_a0_pos50_rep1,1,SCSGL,directed_unsigned,0.20872339670289422,0.13333333333333333
grn_n10_e10_c5_a0_pos50,grn_n10_e10_c5_a0_pos50_rep1,1,SCSGL,signed_directed,0.20872339670289422,0.13333333333333333
grn_n10_e10_c5_a0_pos50,grn_n10_e10_c5_a0_pos50_rep1,1,SCSGL,undirected,0.40078012673912183,0.4000000000000001
grn_n10_e10_c5_a0_pos50,grn_n10_e10_c5_a0_pos50_rep1,1,TODO4v2,directed_unsigned,0.22137121157935602,0.26666666666666666
grn_n10_e10_c5_a0_pos50,grn_n10_e10_c5_a0_pos50_rep1,1,TODO4v2,signed_directed,0.22137121157935602,0.26666666666666666
grn_n10_e10_c5_a0_pos50,grn_n10_e10_c5_a0_pos50_rep1,1,TODO4v2,undirected,0.3659559896132212,0.46666666666666673
grn_n10_e10_c5_a0_pos50,grn_n10_e10_c5_a0_pos50_rep2,2,GENIE3,directed_unsigned,0.0955517372289502,0.0
grn_n10_e10_c5_a0_pos50,grn_n10_e10_c5_a0_pos50_rep2,2,GENIE3,signed_directed,0.0594047772558601,0.0
grn_n10_e10_c5_a0_pos50,grn_n10_e10_c5_a0_pos50_rep2,2,GENIE3,undirected,0.17946050359823382,0.10000000000000002
grn_n10_e10_c5_a0_pos50,grn_n10_e10_c5_a0_pos50_rep2,2,GRNBOOST2,directed_unsigned,0.34148979208653757,0.30000000000000004
grn_n10_e10_c5_a0_pos50,grn_n10_e10_c5_a0_pos50_rep2,2,GRNBOOST2,signed_directed,0.23226393195884323,0.2333333333333333
grn_n10_e10_c5_a0_pos50,grn_n10_e10_c5_a0_pos50_rep2,2,GRNBOOST2,undirected,0.5418877427655526,0.4000000000000001
grn_n10_e10_c5_a0_pos50,grn_n10_e10_c5_a0_pos50_rep2,2,PEARSON,directed_unsigned,0.29336424284666823,0.4000000000000001
grn_n10_e10_c5_a0_pos50,grn_n10_e10_c5_a0_pos50_rep2,2,PEARSON,signed_directed,0.29336424284666823,0.4000000000000001
grn_n10_e10_c5_a0_pos50,grn_n10_e10_c5_a0_pos50_rep2,2,PEARSON,undirected,0.5367284856933364,0.4000000000000001
grn_n10_e10_c5_a0_pos50,grn_n10_e10_c5_a0_pos50_rep2,2,PIDC,directed_unsigned,0.19945281926593897,0.20000000000000004
grn_n10_e10_c5_a0_pos50,grn_n10_e10_c5_a0_pos50_rep2,2,PIDC,signed_directed,0.11400997150997146,0.20000000000000004
grn_n10_e10_c5_a0_pos50,grn_n10_e10_c5_a0_pos50_rep2,2,PIDC,undirected,0.39890563853187794,0.4333333333333334
grn_n10_e10_c5_a0_pos50,grn_n10_e10_c5_a0_pos50_rep2,2,PPCOR,directed_unsigned,0.32304574565553495,0.3666666666666667
grn_n10_e10_c5_a0_pos50,grn_n10_e10_c5_a0_pos50_rep2,2,PPCOR,signed_directed,0.32304574565553495,0.3666666666666667
grn_n10_e10_c5_a0_pos50,grn_n10_e10_c5_a0_pos50_rep2,2,PPCOR,undirected,0.601843125297998,0.4333333333333334
grn_n10_e10_c5_a0_pos50,grn_n10_e10_c5_a0_pos50_rep2,2,SCODE,directed_unsigned,0.11871926002435253,0.16666666666666666
grn_n10_e10_c5_a0_pos50,grn_n10_e10_c5_a0_pos50_rep2,2,SCODE,signed_directed,0.0658826237777456,0.10000000000000002
grn_n10_e10_c5_a0_pos50,grn_n10_e10_c5_a0_pos50_rep2,2,SCODE,undirected,0.2311166398319743,0.26666666666666666
grn_n10_e10_c5_a0_pos50,grn_n10_e10_c5_a0_pos50_rep2,2,SCSGL,directed_unsigned,0.19985963606832832,0.13333333333333333
grn_n10_e10_c5_a0_pos50,grn_n10_e10_c5_a0_pos50_rep2,2,SCSGL,signed_directed,0.19985963606832832,0.13333333333333333
grn_n10_e10_c5_a0_pos50,grn_n10_e10_c5_a0_pos50_rep2,2,SCSGL,undirected,0.39971927213665664,0.4333333333333334
grn_n10_e10_c5_a0_pos50,grn_n10_e10_c5_a0_pos50_rep2,2,TODO4v2,directed_unsigned,0.39731619414564134,0.4000000000000001
grn_n10_e10_c5_a0_pos50,grn_n10_e10_c5_a0_pos50_rep2,2,TODO4v2,signed_directed,0.39731619414564134,0.4000000000000001
grn_n10_e10_c5_a0_pos50,grn_n10_e10_c5_a0_pos50_rep2,2,TODO4v2,undirected,0.5558995268699314,0.46666666666666673
grn_n10_e10_c5_a5_pos50,grn_n10_e10_c5_a5_pos50_rep0,0,GENIE3,directed_unsigned,0.07740310354022277,0.0
grn_n10_e10_c5_a5_pos50,grn_n10_e10_c5_a5_pos50_rep0,0,GENIE3,signed_directed,0.050936990229065136,0.0
grn_n10_e10_c5_a5_pos50,grn_n10_e10_c5_a5_pos50_rep0,0,GENIE3,undirected,0.152213032195486,0.10000000000000002
grn_n10_e10_c5_a5_pos50,grn_n10_e10_c5_a5_pos50_rep0,0,GRNBOOST2,directed_unsigned,0.5067768296805875,0.46666666666666673
grn_n10_e10_c5_a5_pos50,grn_n10_e10_c5_a5_pos50_rep0,0,GRNBOOST2,signed_directed,0.28300915816782685,0.3
grn_n10_e10_c5_a5_pos50,grn_n10_e10_c5_a5_pos50_rep0,0,GRNBOOST2,undirected,0.7354099903017152,0.6333333333333333
grn_n10_e10_c5_a5_pos50,grn_n10_e10_c5_a5_pos50_rep0,0,PEARSON,directed_unsigned,0.36796350215975987,0.3
grn_n10_e10_c5_a5_pos50,grn_n10_e10_c5_a5_pos50_rep0,0,PEARSON,signed_directed,0.36796350215975987,0.3
grn_n10_e10_c5_a5_pos50,grn_n10_e10_c5_a5_pos50_rep0,0,PEARSON,undirected,0.6859270043195198,0.6333333333333333
grn_n10_e10_c5_a5_pos50,grn_n10_e10_c5_a5_pos50_rep0,0,PIDC,directed_unsigned,0.37631192807100894,0.4000000000000001
grn_n10_e10_c5_a5_pos50,grn_n10_e10_c5_a5_pos50_rep0,0,PIDC,signed_directed,0.22455758906126552,0.3
grn_n10_e10_c5_a5_pos50,grn_n10_e10_c5_a5_pos50_rep0,0,PIDC,undirected,0.7026238561420178,0.5666666666666667
grn_n10_e10_c5_a5_pos50,grn_n10_e10_c5_a5_pos50_rep0,0,PPCOR,directed_unsigned,0.3845554095168658,0.3333333333333333
grn_n10_e10_c5_a5_pos50,grn_n10_e10_c5_a5_pos50_rep0,0,PPCOR,signed_directed,0.38314159185304814,0.3333333333333333
grn_n10_e10_c5_a5_pos50,grn_n10_e10_c5_a5_pos50_rep0,0,PPCOR,undirected,0.7222634996864122,0.6999999999999998
grn_n10_e10_c5_a5_pos50,grn_n10_e10_c5_a5_pos50_rep0,0,SCODE,directed_unsigned,0.1482419992335537,0.10000000000000002
grn_n10_e10_c5_a5_pos50,grn_n10_e10_c5_a5_pos50_rep0,0,SCODE,signed_directed,0.09470521556283273,0.06666666666666667
grn_n10_e10_c5_a5_pos50,grn_n10_e10_c5_a5_pos50_rep0,0,SCODE,undirected,0.22336332009963433,0.13333333333333333
grn_n10_e10_c5_a5_pos50,grn_n10_e10_c5_a5_pos50_rep0,0,SCSGL,directed_unsigned,0.340435971471607,0.3
grn_n10_e10_c5_a5_pos50,grn_n10_e10_c5_a5_pos50_rep0,0,SCSGL,signed_directed,0.340435971471607,0.3
grn_n10_e10_c5_a5_pos50,grn_n10_e10_c5_a5_pos50_rep0,0,SCSGL,undirected,0.6308719429432139,0.6
grn_n10_e10_c5_a5_pos50,grn_n10_e10_c5_a5_pos50_rep0,0,TODO4v2,directed_unsigned,0.5036369524392391,0.4333333333333334
grn_n10_e10_c5_a5_pos50,grn_n10_e10_c5_a5_pos50_rep0,0,TODO4v2,signed_directed,0.5036369524392391,0.4333333333333334
grn_n10_e10_c5_a5_pos50,grn_n10_e10_c5_a5_pos50_rep0,0,TODO4v2,undirected,0.7088614399984636,0.7000000000000001
grn_n10_e10_c5_a5_pos50,grn_n10_e10_c5_a5_pos50_rep1,1,GENIE3,directed_unsigned,0.09662781440916901,0.03333333333333333
grn_n10_e10_c5_a5_pos50,grn_n10_e10_c5_a5_pos50_rep1,1,GENIE3,signed_directed,0.0631470991767736,0.03333333333333333
grn_n10_e10_c5_a5_pos50,grn_n10_e10_c5_a5_pos50_rep1,1,GENIE3,undirected,0.2499957005215303,0.20000000000000004
grn_n10_e10_c5_a5_pos50,grn_n10_e10_c5_a5_pos50_rep1,1,GRNBOOST2,directed_unsigned,0.2832254657105557,0.4333333333333334
grn_n10_e10_c5_a5_pos50,grn_n10_e10_c5_a5_pos50_rep1,1,GRNBOOST2,signed_directed,0.17936508574391818,0.3666666666666667
grn_n10_e10_c5_a5_pos50,grn_n10_e10_c5_a5_pos50_rep1,1,GRNBOOST2,undirected,0.40768878215985577,0.46666666666666673
grn_n10_e10_c5_a5_pos50,grn_n10_e10_c5_a5_pos50_rep1,1,PEARSON,directed_unsigned,0.2822850988165309,0.26666666666666666
grn_n10_e10_c5_a5_pos50,grn_n10_e10_c5_a5_pos50_rep1,1,PEARSON,signed_directed,0.26117685750093095,0.26666666666666666
grn_n10_e10_c5_a5_pos50,grn_n10_e10_c5_a5_pos50_rep1,1,PEARSON,undirected,0.5145701976330618,0.5
grn_n10_e10_c5_a5_pos50,grn_n10_e10_c5_a5_pos50_rep1,1,PIDC,directed_unsigned,0.15453527950345922,0.16666666666666666
grn_n10_e10_c5_a5_pos50,grn_n10_e10_c5_a5_pos50_rep1,1,PIDC,signed_directed,0.12478338973404757,0.16666666666666666
grn_n10_e10_c5_a5_pos50,grn_n10_e10_c5_a5_pos50_rep1,1,PIDC,undirected,0.2924038923402518,0.3333333333333333
grn_n10_e10_c5_a5_pos50,grn_n10_e10_c5_a5_pos50_rep1,1,PPCOR,directed_unsigned,0.2326362289067211,0.26666666666666666
grn_n10_e10_c5_a5_pos50,grn_n10_e10_c5_a5_pos50_rep1,1,PPCOR,signed_directed,0.21820128584499307,0.26666666666666666
grn_n10_e10_c5_a5_pos50,grn_n10_e10_c5_a5_pos50_rep1,1,PPCOR,undirected,0.4319391244801088,0.4333333333333334
grn_n10_e10_c5_a5_pos50,grn_n10_e10_c5_a5_pos50_rep1,1,SCODE,directed_unsigned,0.14272079140587957,0.13333333333333333
grn_n10_e10_c5_a5_pos50,grn_n10_e10_c5_a5_pos50_rep1,1,SCODE,signed_directed,0.09757927665457955,0.10000000000000002
grn_n10_e10_c5_a5_pos50,grn_n10_e10_c5_a5_pos50_rep1,1,SCODE,undirected,0.24102977560437297,0.20000000000000004
grn_n10_e10_c5_a5_pos50,grn_n10_e10_c5_a5_pos50_rep1,1,SCSGL,directed_unsigned,0.23390645771274166,0.26666666666666666
grn_n10_e10_c5_a5_pos50,grn_n10_e10_c5_a5_pos50_rep1,1,SCSGL,signed_directed,0.2107954219046501,0.26666666666666666
grn_n10_e10_c5_a5_pos50,grn_n10_e10_c5_a5_pos50_rep1,1,SCSGL,undirected,0.4344795820921501,0.4000000000000001
grn_n10_e10_c5_a5_pos50,grn_n10_e10_c5_a5_pos50_rep1,1,TODO4v2,directed_unsigned,0.5601395549967866,0.5333333333333333
grn_n10_e10_c5_a5_pos50,grn_n10_e10_c5_a5_pos50_rep1,1,TODO4v2,signed_directed,0.5601395549967866,0.5333333333333333
grn_n10_e10_c5_a5_pos50,grn_n10_e10_c5_a5_pos50_rep1,1,TODO4v2,undirected,0.6559619625707036,0.5666666666666667
grn_n10_e10_c5_a5_pos50,grn_n10_e10_c5_a5_pos50_rep2,2,GENIE3,directed_unsigned,0.0821039939252058,0.06666666666666667
grn_n10_e10_c5_a5_pos50,grn_n10_e10_c5_a5_pos50_rep2,2,GENIE3,signed_directed,0.05370091676907834,0.06666666666666667
grn_n10_e10_c5_a5_pos50,grn_n10_e10_c5_a5_pos50_rep2,2,GENIE3,undirected,0.17275270494052597,0.13333333333333333
grn_n10_e10_c5_a5_pos50,grn_n10_e10_c5_a5_pos50_rep2,2,GRNBOOST2,directed_unsigned,0.26954620211276453,0.20000000000000004
grn_n10_e10_c5_a5_pos50,grn_n10_e10_c5_a5_pos50_rep2,2,GRNBOOST2,signed_directed,0.20342316437740982,0.20000000000000004
grn_n10_e10_c5_a5_pos50,grn_n10_e10_c5_a5_pos50_rep2,2,GRNBOOST2,undirected,0.4288104949963245,0.3666666666666667
grn_n10_e10_c5_a5_pos50,grn_n10_e10_c5_a5_pos50_rep2,2,PEARSON,directed_unsigned,0.33979856585027485,0.3666666666666667
grn_n10_e10_c5_a5_pos50,grn_n10_e10_c5_a5_pos50_rep2,2,PEARSON,signed_directed,0.2969155366798181,0.3333333333333333
grn_n10_e10_c5_a5_pos50,grn_n10_e10_c5_a5_pos50_rep2,2,PEARSON,undirected,0.6295971317005498,0.5333333333333333
grn_n10_e10_c5_a5_pos50,grn_n10_e10_c5_a5_pos50_rep2,2,PIDC,directed_unsigned,0.19166698272492846,0.19999999999999998
grn_n10_e10_c5_a5_pos50,grn_n10_e10_c5_a5_pos50_rep2,2,PIDC,signed_directed,0.15480800400153114,0.19999999999999998
grn_n10_e10_c5_a5_pos50,grn_n10_e10_c5_a5_pos50_rep2,2,PIDC,undirected,0.3500006321165236,0.30000000000000004
grn_n10_e10_c5_a5_pos50,grn_n10_e10_c5_a5_pos50_rep2,2,PPCOR,directed_unsigned,0.3309059546248856,0.4333333333333334
grn_n10_e10_c5_a5_pos50,grn_n10_e10_c5_a5_pos50_rep2,2,PPCOR,signed_directed,0.30502187837929495,0.4333333333333334
grn_n10_e10_c5_a5_pos50,grn_n10_e10_c5_a5_pos50_rep2,2,PPCOR,undirected,0.6451452425831046,0.5333333333333333
grn_n10_e10_c5_a5_pos50,grn_n10_e10_c5_a5_pos50_rep2,2,SCODE,directed_unsigned,0.10925583835082874,0.10000000000000002
grn_n10_e10_c5_a5_pos50,grn_n10_e10_c5_a5_pos50_rep2,2,SCODE,signed_directed,0.0691880250477174,0.10000000000000002
grn_n10_e10_c5_a5_pos50,grn_n10_e10_c5_a5_pos50_rep2,2,SCODE,undirected,0.2183795161014551,0.19999999999999998
grn_n10_e10_c5_a5_pos50,grn_n10_e10_c5_a5_pos50_rep2,2,SCSGL,directed_unsigned,0.3430628792929898,0.3666666666666667
grn_n10_e10_c5_a5_pos50,grn_n10_e10_c5_a5_pos50_rep2,2,SCSGL,signed_directed,0.3008301921797163,0.3333333333333333
grn_n10_e10_c5_a5_pos50,grn_n10_e10_c5_a5_pos50_rep2,2,SCSGL,undirected,0.6361257585859796,0.6
grn_n10_e10_c5_a5_pos50,grn_n10_e10_c5_a5_pos50_rep2,2,TODO4v2,directed_unsigned,0.6410068451187192,0.5666666666666667
grn_n10_e10_c5_a5_pos50,grn_n10_e10_c5_a5_pos50_rep2,2,TODO4v2,signed_directed,0.6337401424554101,0.5666666666666667
grn_n10_e10_c5_a5_pos50,grn_n10_e10_c5_a5_pos50_rep2,2,TODO4v2,undirected,0.7113871115278702,0.5666666666666667
grn_n10_e10_c8_a0_pos50,grn_n10_e10_c8_a0_pos50_rep0,0,GENIE3,directed_unsigned,0.07230390669697573,0.0
grn_n10_e10_c8_a0_pos50,grn_n10_e10_c8_a0_pos50_rep0,0,GENIE3,signed_directed,0.04700570859521553,0.0
grn_n10_e10_c8_a0_pos50,grn_n10_e10_c8_a0_pos50_rep0,0,GENIE3,undirected,0.1399297674418767,0.0
grn_n10_e10_c8_a0_pos50,grn_n10_e10_c8_a0_pos50_rep0,0,GRNBOOST2,directed_unsigned,0.3561662990177907,0.26666666666666666
grn_n10_e10_c8_a0_pos50,grn_n10_e10_c8_a0_pos50_rep0,0,GRNBOOST2,signed_directed,0.25190532436546365,0.26666666666666666
grn_n10_e10_c8_a0_pos50,grn_n10_e10_c8_a0_pos50_rep0,0,GRNBOOST2,undirected,0.650998260139127,0.6
grn_n10_e10_c8_a0_pos50,grn_n10_e10_c8_a0_pos50_rep0,0,PEARSON,directed_unsigned,0.24716877121061734,0.3
grn_n10_e10_c8_a0_pos50,grn_n10_e10_c8_a0_pos50_rep0,0,PEARSON,signed_directed,0.24716877121061734,0.3
grn_n10_e10_c8_a0_pos50,grn_n10_e10_c8_a0_pos50_rep0,0,PEARSON,undirected,0.477670875754568,0.5333333333333333
grn_n10_e10_c8_a0_pos50,grn_n10_e10_c8_a0_pos50_rep0,0,PIDC,directed_unsigned,0.37910700215605403,0.30000000000000004
grn_n10_e10_c8_a0_pos50,grn_n10_e10_c8_a0_pos50_rep0,0,PIDC,signed_directed,0.2521097883597883,0.30000000000000004
grn_n10_e10_c8_a0_pos50,grn_n10_e10_c8_a0_pos50_rep0,0,PIDC,undirected,0.7082140043121079,0.6666666666666666
grn_n10_e10_c8_a0_pos50,grn_n10_e10_c8_a0_pos50_rep0,0,PPCOR,directed_unsigned,0.32970075701016105,0.3
grn_n10_e10_c8_a0_pos50,grn_n10_e10_c8_a0_pos50_rep0,0,PPCOR,signed_directed,0.32970075701016105,0.3
grn_n10_e10_c8_a0_pos50,grn_n10_e10_c8_a0_pos50_rep0,0,PPCOR,undirected,0.609401514020322,0.6
grn_n10_e10_c8_a0_pos50,grn_n10_e10_c8_a0_pos50_rep0,0,SCODE,directed_unsigned,0.09175317003793997,0.06666666666666667
grn_n10_e10_c8_a0_pos50,grn_n10_e10_c8_a0_pos50_rep0,0,SCODE,signed_directed,0.05641415658436047,0.06666666666666667
grn_n10_e10_c8_a0_pos50,grn_n10_e10_c8_a0_pos50_rep0,0,SCODE,undirected,0.23964521363656863,0.19999999999999998
grn_n10_e10_c8_a0_pos50,grn_n10_e10_c8_a0_pos50_rep0,0,SCSGL,directed_unsigned,0.27905039337024634,0.3
grn_n10_e10_c8_a0_pos50,grn_n10_e10_c8_a0_pos50_rep0,0,SCSGL,signed_directed,0.27905039337024634,0.3
grn_n10_e10_c8_a0_pos50,grn_n10_e10_c8_a0_pos50_rep0,0,SCSGL,undirected,0.5581007867404927,0.6333333333333333
grn_n10_e10_c8_a0_pos50,grn_n10_e10_c8_a0_pos50_rep0,0,TODO4v2,directed_unsigned,0.34670699274195727,0.4000000000000001
grn_n10_e10_c8_a0_pos50,grn_n10_e10_c8_a0_pos50_rep0,0,TODO4v2,signed_directed,0.34670699274195727,0.4000000000000001
grn_n10_e10_c8_a0_pos50,grn_n10_e10_c8_a0_pos50_rep0,0,TODO4v2,undirected,0.5419695019619177,0.5666666666666667
grn_n10_e10_c8_a0_pos50,grn_n10_e10_c8_a0_pos50_rep1,1,GENIE3,directed_unsigned,0.09486079950988786,0.0
grn_n10_e10_c8_a0_pos50,grn_n10_e10_c8_a0_pos50_rep1,1,GENIE3,signed_directed,0.0635792236057971,0.0
grn_n10_e10_c8_a0_pos50,grn_n10_e10_c8_a0_pos50_rep1,1,GENIE3,undirected,0.15320982784101236,0.03333333333333333
grn_n10_e10_c8_a0_pos50,grn_n10_e10_c8_a0_pos50_rep1,1,GRNBOOST2,directed_unsigned,0.4186199620438303,0.3333333333333333
grn_n10_e10_c8_a0_pos50,grn_n10_e10_c8_a0_pos50_rep1,1,GRNBOOST2,signed_directed,0.3075150992798051,0.3333333333333333
grn_n10_e10_c8_a0_pos50,grn_n10_e10_c8_a0_pos50_rep1,1,GRNBOOST2,undirected,0.7840376290376291,0.6333333333333333
grn_n10_e10_c8_a0_pos50,grn_n10_e10_c8_a0_pos50_rep1,1,PEARSON,directed_unsigned,0.33947157451354454,0.4000000000000001
grn_n10_e10_c8_a0_pos50,grn_n10_e10_c8_a0_pos50_rep1,1,PEARSON,signed_directed,0.33947157451354454,0.4000000000000001
grn_n10_e10_c8_a0_pos50,grn_n10_e10_c8_a0_pos50_rep1,1,PEARSON,undirected,0.628943149027089,0.5333333333333333
grn_n10_e10_c8_a0_pos50,grn_n10_e10_c8_a0_pos50_rep1,1,PIDC,directed_unsigned,0.37823225385725384,0.3
grn_n10_e10_c8_a0_pos50,grn_n10_e10_c8_a0_pos50_rep1,1,PIDC,signed_directed,0.2335515873015873,0.3
grn_n10_e10_c8_a0_pos50,grn_n10_e10_c8_a0_pos50_rep1,1,PIDC,undirected,0.7064645077145076,0.6999999999999998
grn_n10_e10_c8_a0_pos50,grn_n10_e10_c8_a0_pos50_rep1,1,PPCOR,directed_unsigned,0.4230621406582033,0.4000000000000001
grn_n10_e10_c8_a0_pos50,grn_n10_e10_c8_a0_pos50_rep1,1,PPCOR,signed_directed,0.4230621406582032,0.4000000000000001
grn_n10_e10_c8_a0_pos50,grn_n10_e10_c8_a0_pos50_rep1,1,PPCOR,undirected,0.797059607059607,0.6999999999999998
grn_n10_e10_c8_a0_pos50,grn_n10_e10_c8_a0_pos50_rep1,1,SCODE,directed_unsigned,0.10739009522592761,0.10000000000000002
grn_n10_e10_c8_a0_pos50,grn_n10_e10_c8_a0_pos50_rep1,1,SCODE,signed_directed,0.06159166590421936,0.06666666666666667
grn_n10_e10_c8_a0_pos50,grn_n10_e10_c8_a0_pos50_rep1,1,SCODE,undirected,0.2053948126297648,0.26666666666666666
grn_n10_e10_c8_a0_pos50,grn_n10_e10_c8_a0_pos50_rep1,1,SCSGL,directed_unsigned,0.3905793779806937,0.3666666666666667
grn_n10_e10_c8_a0_pos50,grn_n10_e10_c8_a0_pos50_rep1,1,SCSGL,signed_directed,0.3905793779806937,0.3666666666666667
grn_n10_e10_c8_a0_pos50,grn_n10_e10_c8_a0_pos50_rep1,1,SCSGL,undirected,0.7311587559613875,0.6333333333333333
grn_n10_e10_c8_a0_pos50,grn_n10_e10_c8_a0_pos50_rep1,1,TODO4v2,directed_unsigned,0.4864466509191773,0.5
grn_n10_e10_c8_a0_pos50,grn_n10_e10_c8_a0_pos50_rep1,1,TODO4v2,signed_directed,0.4864466509191773,0.5
grn_n10_e10_c8_a0_pos50,grn_n10_e10_c8_a0_pos50_rep1,1,TODO4v2,undirected,0.657511969129681,0.5333333333333333
grn_n10_e10_c8_a0_pos50,grn_n10_e10_c8_a0_pos50_rep2,2,GENIE3,directed_unsigned,0.09000204728221357,0.0
grn_n10_e10_c8_a0_pos50,grn_n10_e10_c8_a0_pos50_rep2,2,GENIE3,signed_directed,0.0451978522913847,0.0
grn_n10_e10_c8_a0_pos50,grn_n10_e10_c8_a0_pos50_rep2,2,GENIE3,undirected,0.16197025854637523,0.0
grn_n10_e10_c8_a0_pos50,grn_n10_e10_c8_a0_pos50_rep2,2,GRNBOOST2,directed_unsigned,0.5261064587231467,0.5
grn_n10_e10_c8_a0_pos50,grn_n10_e10_c8_a0_pos50_rep2,2,GRNBOOST2,signed_directed,0.2578368037191567,0.3333333333333333
grn_n10_e10_c8_a0_pos50,grn_n10_e10_c8_a0_pos50_rep2,2,GRNBOOST2,undirected,0.9192649942649943,0.8666666666666667
grn_n10_e10_c8_a0_pos50,grn_n10_e10_c8_a0_pos50_rep2,2,PEARSON,directed_unsigned,0.5002958152958153,0.5
grn_n10_e10_c8_a0_pos50,grn_n10_e10_c8_a0_pos50_rep2,2,PEARSON,signed_directed,0.5002958152958153,0.5
grn_n10_e10_c8_a0_pos50,grn_n10_e10_c8_a0_pos50_rep2,2,PEARSON,undirected,0.9505916305916307,0.8666666666666667
grn_n10_e10_c8_a0_pos50,grn_n10_e10_c8_a0_pos50_rep2,2,PIDC,directed_unsigned,0.48744260369260367,0.5
grn_n10_e10_c8_a0_pos50,grn_n10_e10_c8_a0_pos50_rep2,2,PIDC,signed_directed,0.29597222222222214,0.46666666666666673
grn_n10_e10_c8_a0_pos50,grn_n10_e10_c8_a0_pos50_rep2,2,PIDC,undirected,0.9248852073852074,0.8000000000000002
grn_n10_e10_c8_a0_pos50,grn_n10_e10_c8_a0_pos50_rep2,2,PPCOR,directed_unsigned,0.5013107263107263,0.5
grn_n10_e10_c8_a0_pos50,grn_n10_e10_c8_a0_pos50_rep2,2,PPCOR,signed_directed,0.5013107263107263,0.5
grn_n10_e10_c8_a0_pos50,grn_n10_e10_c8_a0_pos50_rep2,2,PPCOR,undirected,0.955002405002405,0.8666666666666667
grn_n10_e10_c8_a0_pos50,grn_n10_e10_c8_a0_pos50_rep2,2,SCODE,directed_unsigned,0.14829801098731563,0.13333333333333333
grn_n10_e10_c8_a0_pos50,grn_n10_e10_c8_a0_pos50_rep2,2,SCODE,signed_directed,0.06972545161432091,0.10000000000000002
grn_n10_e10_c8_a0_pos50,grn_n10_e10_c8_a0_pos50_rep2,2,SCODE,undirected,0.2684914733795803,0.3
grn_n10_e10_c8_a0_pos50,grn_n10_e10_c8_a0_pos50_rep2,2,SCSGL,directed_unsigned,0.4998538961038961,0.46666666666666673
grn_n10_e10_c8_a0_pos50,grn_n10_e10_c8_a0_pos50_rep2,2,SCSGL,signed_directed,0.4998538961038961,0.46666666666666673
grn_n10_e10_c8_a0_pos50,grn_n10_e10_c8_a0_pos50_rep2,2,SCSGL,undirected,0.9497077922077922,0.9333333333333332
grn_n10_e10_c8_a0_pos50,grn_n10_e10_c8_a0_pos50_rep2,2,TODO4v2,directed_unsigned,0.722323862703456,0.6333333333333333
grn_n10_e10_c8_a0_pos50,grn_n10_e10_c8_a0_pos50_rep2,2,TODO4v2,signed_directed,0.722323862703456,0.6333333333333333
grn_n10_e10_c8_a0_pos50,grn_n10_e10_c8_a0_pos50_rep2,2,TODO4v2,undirected,0.9501094276094276,0.8666666666666667
grn_n10_e10_c8_a5_pos50,grn_n10_e10_c8_a5_pos50_rep0,0,GENIE3,directed_unsigned,0.08101132973098234,0.0
grn_n10_e10_c8_a5_pos50,grn_n10_e10_c8_a5_pos50_rep0,0,GENIE3,signed_directed,0.05115836941522156,0.0
grn_n10_e10_c8_a5_pos50,grn_n10_e10_c8_a5_pos50_rep0,0,GENIE3,undirected,0.14388516815046784,0.0
grn_n10_e10_c8_a5_pos50,grn_n10_e10_c8_a5_pos50_rep0,0,GRNBOOST2,directed_unsigned,0.4705184712425217,0.46666666666666673
grn_n10_e10_c8_a5_pos50,grn_n10_e10_c8_a5_pos50_rep0,0,GRNBOOST2,signed_directed,0.2423383416373949,0.3333333333333333
grn_n10_e10_c8_a5_pos50,grn_n10_e10_c8_a5_pos50_rep0,0,GRNBOOST2,undirected,0.7246638638902065,0.6333333333333333
grn_n10_e10_c8_a5_pos50,grn_n10_e10_c8_a5_pos50_rep0,0,PEARSON,directed_unsigned,0.34893576735051585,0.4000000000000001
grn_n10_e10_c8_a5_pos50,grn_n10_e10_c8_a5_pos50_rep0,0,PEARSON,signed_directed,0.34741792359582996,0.4000000000000001
grn_n10_e10_c8_a5_pos50,grn_n10_e10_c8_a5_pos50_rep0,0,PEARSON,undirected,0.6478715347010316,0.5666666666666667
grn_n10_e10_c8_a5_pos50,grn_n10_e10_c8_a5_pos50_rep0,0,PIDC,directed_unsigned,0.3787056256448027,0.4000000000000001
grn_n10_e10_c8_a5_pos50,grn_n10_e10_c8_a5_pos50_rep0,0,PIDC,signed_directed,0.2348293740573152,0.3
grn_n10_e10_c8_a5_pos50,grn_n10_e10_c8_a5_pos50_rep0,0,PIDC,undirected,0.7074112512896052,0.6
grn_n10_e10_c8_a5_pos50,grn_n10_e10_c8_a5_pos50_rep0,0,PPCOR,directed_unsigned,0.39122666662641364,0.4000000000000001
grn_n10_e10_c8_a5_pos50,grn_n10_e10_c8_a5_pos50_rep0,0,PPCOR,signed_directed,0.3902628619126089,0.4000000000000001
grn_n10_e10_c8_a5_pos50,grn_n10_e10_c8_a5_pos50_rep0,0,PPCOR,undirected,0.7332469840464779,0.6666666666666666
grn_n10_e10_c8_a5_pos50,grn_n10_e10_c8_a5_pos50_rep0,0,SCODE,directed_unsigned,0.14461471226580522,0.13333333333333333
grn_n10_e10_c8_a5_pos50,grn_n10_e10_c8_a5_pos50_rep0,0,SCODE,signed_directed,0.07678420111095963,0.10000000000000002
grn_n10_e10_c8_a5_pos50,grn_n10_e10_c8_a5_pos50_rep0,0,SCODE,undirected,0.283531973835808,0.26666666666666666
grn_n10_e10_c8_a5_pos50,grn_n10_e10_c8_a5_pos50_rep0,0,SCSGL,directed_unsigned,0.34654215601425387,0.4000000000000001
grn_n10_e10_c8_a5_pos50,grn_n10_e10_c8_a5_pos50_rep0,0,SCSGL,signed_directed,0.3360982306702149,0.4000000000000001
grn_n10_e10_c8_a5_pos50,grn_n10_e10_c8_a5_pos50_rep0,0,SCSGL,undirected,0.6430843120285078,0.6333333333333333
grn_n10_e10_c8_a5_pos50,grn_n10_e10_c8_a5_pos50_rep0,0,TODO4v2,directed_unsigned,0.472604221563577,0.46666666666666673
grn_n10_e10_c8_a5_pos50,grn_n10_e10_c8_a5_pos50_rep0,0,TODO4v2,signed_directed,0.472604221563577,0.46666666666666673
grn_n10_e10_c8_a5_pos50,grn_n10_e10_c8_a5_pos50_rep0,0,TODO4v2,undirected,0.7489428341422931,0.6666666666666666
grn_n10_e10_c8_a5_pos50,grn_n10_e10_c8_a5_pos50_rep1,1,GENIE3,directed_unsigned,0.09201554677189033,0.0
grn_n10_e10_c8_a5_pos50,grn_n10_e10_c8_a5_pos50_rep1,1,GENIE3,signed_directed,0.04726836848797423,0.0
grn_n10_e10_c8_a5_pos50,grn_n10_e10_c8_a5_pos50_rep1,1,GENIE3,undirected,0.1831513649270138,0.10000000000000002
grn_n10_e10_c8_a5_pos50,grn_n10_e10_c8_a5_pos50_rep1,1,GRNBOOST2,directed_unsigned,0.3102248234949565,0.3333333333333334
grn_n10_e10_c8_a5_pos50,grn_n10_e10_c8_a5_pos50_rep1,1,GRNBOOST2,signed_directed,0.21393278635142385,0.26666666666666666
grn_n10_e10_c8_a5_pos50,grn_n10_e10_c8_a5_pos50_rep1,1,GRNBOOST2,undirected,0.6387261322376973,0.5
grn_n10_e10_c8_a5_pos50,grn_n10_e10_c8_a5_pos50_rep1,1,PEARSON,directed_unsigned,0.33854535002804775,0.3333333333333333
grn_n10_e10_c8_a5_pos50,grn_n10_e10_c8_a5_pos50_rep1,1,PEARSON,signed_directed,0.33732454734383044,0.3333333333333333
grn_n10_e10_c8_a5_pos50,grn_n10_e10_c8_a5_pos50_rep1,1,PEARSON,undirected,0.6270907000560956,0.5666666666666667
grn_n10_e10_c8_a5_pos50,grn_n10_e10_c8_a5_pos50_rep1,1,PIDC,directed_unsigned,0.24038080049614727,0.3
grn_n10_e10_c8_a5_pos50,grn_n10_e10_c8_a5_pos50_rep1,1,PIDC,signed_directed,0.16884271841622112,0.26666666666666666
grn_n10_e10_c8_a5_pos50,grn_n10_e10_c8_a5_pos50_rep1,1,PIDC,undirected,0.44742826765896115,0.4333333333333334
grn_n10_e10_c8_a5_pos50,grn_n10_e10_c8_a5_pos50_rep1,1,PPCOR,directed_unsigned,0.40610084204974983,0.46666666666666673
grn_n10_e10_c8_a5_pos50,grn_n10_e10_c8_a5_pos50_rep1,1,PPCOR,signed_directed,0.4021566879573973,0.46666666666666673
grn_n10_e10_c8_a5_pos50,grn_n10_e10_c8_a5_pos50_rep1,1,PPCOR,undirected,0.7574499245236073,0.6666666666666666
grn_n10_e10_c8_a5_pos50,grn_n10_e10_c8_a5_pos50_rep1,1,SCODE,directed_unsigned,0.096324955075391,0.0
grn_n10_e10_c8_a5_pos50,grn_n10_e10_c8_a5_pos50_rep1,1,SCODE,signed_directed,0.04673529623816297,0.0
grn_n10_e10_c8_a5_pos50,grn_n10_e10_c8_a5_pos50_rep1,1,SCODE,undirected,0.24539380420484158,0.16666666666666666
grn_n10_e10_c8_a5_pos50,grn_n10_e10_c8_a5_pos50_rep1,1,SCSGL,directed_unsigned,0.32917669846526004,0.26666666666666666
grn_n10_e10_c8_a5_pos50,grn_n10_e10_c8_a5_pos50_rep1,1,SCSGL,signed_directed,0.32917669846526004,0.26666666666666666
grn_n10_e10_c8_a5_pos50,grn_n10_e10_c8_a5_pos50_rep1,1,SCSGL,undirected,0.6083533969305202,0.5666666666666667
grn_n10_e10_c8_a5_pos50,grn_n10_e10_c8_a5_pos50_rep1,1,TODO4v2,directed_unsigned,0.5158029152191449,0.5333333333333333
grn_n10_e10_c8_a5_pos50,grn_n10_e10_c8_a5_pos50_rep1,1,TODO4v2,signed_directed,0.504225091343387,0.5333333333333333
grn_n10_e10_c8_a5_pos50,grn_n10_e10_c8_a5_pos50_rep1,1,TODO4v2,undirected,0.755933615370069,0.6666666666666666
grn_n10_e10_c8_a5_pos50,grn_n10_e10_c8_a5_pos50_rep2,2,GENIE3,directed_unsigned,0.09374637353915789,0.10000000000000002
grn_n10_e10_c8_a5_pos50,grn_n10_e10_c8_a5_pos50_rep2,2,GENIE3,signed_directed,0.058168352845077265,0.10000000000000002
grn_n10_e10_c8_a5_pos50,grn_n10_e10_c8_a5_pos50_rep2,2,GENIE3,undirected,0.18294021924217518,0.20000000000000004
grn_n10_e10_c8_a5_pos50,grn_n10_e10_c8_a5_pos50_rep2,2,GRNBOOST2,directed_unsigned,0.3184192821622473,0.3
grn_n10_e10_c8_a5_pos50,grn_n10_e10_c8_a5_pos50_rep2,2,GRNBOOST2,signed_directed,0.21600048124694562,0.3
grn_n10_e10_c8_a5_pos50,grn_n10_e10_c8_a5_pos50_rep2,2,GRNBOOST2,undirected,0.5652554982186296,0.6
grn_n10_e10_c8_a5_pos50,grn_n10_e10_c8_a5_pos50_rep2,2,PEARSON,directed_unsigned,0.2683059764745784,0.4000000000000001
grn_n10_e10_c8_a5_pos50,grn_n10_e10_c8_a5_pos50_rep2,2,PEARSON,signed_directed,0.26717487028533266,0.4000000000000001
grn_n10_e10_c8_a5_pos50,grn_n10_e10_c8_a5_pos50_rep2,2,PEARSON,undirected,0.4866119529491568,0.4000000000000001
grn_n10_e10_c8_a5_pos50,grn_n10_e10_c8_a5_pos50_rep2,2,PIDC,directed_unsigned,0.37864498582736367,0.4333333333333334
grn_n10_e10_c8_a5_pos50,grn_n10_e10_c8_a5_pos50_rep2,2,PIDC,signed_directed,0.2555475734355045,0.3666666666666667
grn_n10_e10_c8_a5_pos50,grn_n10_e10_c8_a5_pos50_rep2,2,PIDC,undirected,0.7072899716547273,0.6333333333333333
grn_n10_e10_c8_a5_pos50,grn_n10_e10_c8_a5_pos50_rep2,2,PPCOR,directed_unsigned,0.34165848477034017,0.3333333333333333
grn_n10_e10_c8_a5_pos50,grn_n10_e10_c8_a5_pos50_rep2,2,PPCOR,signed_directed,0.3400310678797654,0.3333333333333333
grn_n10_e10_c8_a5_pos50,grn_n10_e10_c8_a5_pos50_rep2,2,PPCOR,undirected,0.6369821777414924,0.5333333333333333
grn_n10_e10_c8_a5_pos50,grn_n10_e10_c8_a5_pos50_rep2,2,SCODE,directed_unsigned,0.11283154306085019,0.10000000000000002
grn_n10_e10_c8_a5_pos50,grn_n10_e10_c8_a5_pos50_rep2,2,SCODE,signed_directed,0.057648671364680104,0.0
grn_n10_e10_c8_a5_pos50,grn_n10_e10_c8_a5_pos50_rep2,2,SCODE,undirected,0.2922649904648041,0.2333333333333333
grn_n10_e10_c8_a5_pos50,grn_n10_e10_c8_a5_pos50_rep2,2,SCSGL,directed_unsigned,0.4118358456845299,0.3666666666666667
grn_n10_e10_c8_a5_pos50,grn_n10_e10_c8_a5_pos50_rep2,2,SCSGL,signed_directed,0.4118358456845299,0.3666666666666667
grn_n10_e10_c8_a5_pos50,grn_n10_e10_c8_a5_pos50_rep2,2,SCSGL,undirected,0.7736716913690599,0.7000000000000001
grn_n10_e10_c8_a5_pos50,grn_n10_e10_c8_a5_pos50_rep2,2,TODO4v2,directed_unsigned,0.39288356804697583,0.4000000000000001
grn_n10_e10_c8_a5_pos50,grn_n10_e10_c8_a5_pos50_rep2,2,TODO4v2,signed_directed,0.39288356804697583,0.4000000000000001
grn_n10_e10_c8_a5_pos50,grn_n10_e10_c8_a5_pos50_rep2,2,TODO4v2,undirected,0.5917766208728,0.4333333333333334
grn_n10_e20_c5_a0_pos50,grn_n10_e20_c5_a0_pos50_rep0,0,GENIE3,directed_unsigned,0.3270617606978614,0.3666666666666667
grn_n10_e20_c5_a0_pos50,grn_n10_e20_c5_a0_pos50_rep0,0,GENIE3,signed_directed,0.17869177299417768,0.2333333333333333
grn_n10_e20_c5_a0_pos50,grn_n10_e20_c5_a0_pos50_rep0,0,GENIE3,undirected,0.5502588618216452,0.5185185185185185
grn_n10_e20_c5_a0_pos50,grn_n10_e20_c5_a0_pos50_rep0,0,GRNBOOST2,directed_unsigned,0.32193036333228897,0.31666666666666665
grn_n10_e20_c5_a0_pos50,grn_n10_e20_c5_a0_pos50_rep0,0,GRNBOOST2,signed_directed,0.1486288915080291,0.18333333333333335
grn_n10_e20_c5_a0_pos50,grn_n10_e20_c5_a0_pos50_rep0,0,GRNBOOST2,undirected,0.5520231358907363,0.5740740740740741
grn_n10_e20_c5_a0_pos50,grn_n10_e20_c5_a0_pos50_rep0,0,PEARSON,directed_unsigned,0.32945848249868864,0.3666666666666667
grn_n10_e20_c5_a0_pos50,grn_n10_e20_c5_a0_pos50_rep0,0,PEARSON,signed_directed,0.2509980792330952,0.2833333333333333
grn_n10_e20_c5_a0_pos50,grn_n10_e20_c5_a0_pos50_rep0,0,PEARSON,undirected,0.5918863709465377,0.5555555555555556
grn_n10_e20_c5_a0_pos50,grn_n10_e20_c5_a0_pos50_rep0,0,PIDC,directed_unsigned,0.3204779955384965,0.35000000000000003
grn_n10_e20_c5_a0_pos50,grn_n10_e20_c5_a0_pos50_rep0,0,PIDC,signed_directed,0.18990356066316993,0.21666666666666667
grn_n10_e20_c5_a0_pos50,grn_n10_e20_c5_a0_pos50_rep0,0,PIDC,undirected,0.5759178383810107,0.5925925925925926
grn_n10_e20_c5_a0_pos50,grn_n10_e20_c5_a0_pos50_rep0,0,PPCOR,directed_unsigned,0.34076364072523607,0.3333333333333333
grn_n10_e20_c5_a0_pos50,grn_n10_e20_c5_a0_pos50_rep0,0,PPCOR,signed_directed,0.25888769052621385,0.2833333333333333
grn_n10_e20_c5_a0_pos50,grn_n10_e20_c5_a0_pos50_rep0,0,PPCOR,undirected,0.6095958939621714,0.5370370370370371
grn_n10_e20_c5_a0_pos50,grn_n10_e20_c5_a0_pos50_rep0,0,SCODE,directed_unsigned,0.33869864066006317,0.3333333333333333
grn_n10_e20_c5_a0_pos50,grn_n10_e20_c5_a0_pos50_rep0,0,SCODE,signed_directed,0.18462084415364166,0.18333333333333335
grn_n10_e20_c5_a0_pos50,grn_n10_e20_c5_a0_pos50_rep0,0,SCODE,undirected,0.5533005671160953,0.5
grn_n10_e20_c5_a0_pos50,grn_n10_e20_c5_a0_pos50_rep0,0,SCSGL,directed_unsigned,0.2872931194661276,0.3
grn_n10_e20_c5_a0_pos50,grn_n10_e20_c5_a0_pos50_rep0,0,SCSGL,signed_directed,0.2234035440662215,0.25
grn_n10_e20_c5_a0_pos50,grn_n10_e20_c5_a0_pos50_rep0,0,SCSGL,undirected,0.5309261527021113,0.5
grn_n10_e20_c5_a0_pos50,grn_n10_e20_c5_a0_pos50_rep0,0,TODO4v2,directed_unsigned,0.5142713108137481,0.4666666666666666
grn_n10_e20_c5_a0_pos50,grn_n10_e20_c5_a0_pos50_rep0,0,TODO4v2,signed_directed,0.46990834372888585,0.45
grn_n10_e20_c5_a0_pos50,grn_n10_e20_c5_a0_pos50_rep0,0,TODO4v2,undirected,0.6525011770175952,0.5925925925925927
grn_n10_e20_c5_a0_pos50,grn_n10_e20_c5_a0_pos50_rep1,1,GENIE3,directed_unsigned,0.2126590040638078,0.15
grn_n10_e20_c5_a0_pos50,grn_n10_e20_c5_a0_pos50_rep1,1,GENIE3,signed_directed,0.0909965370800268,0.016666666666666666
grn_n10_e20_c5_a0_pos50,grn_n10_e20_c5_a0_pos50_rep1,1,GENIE3,undirected,0.4465423296466571,0.43333333333333335
grn_n10_e20_c5_a0_pos50,grn_n10_e20_c5_a0_pos50_rep1,1,GRNBOOST2,directed_unsigned,0.2873713295583919,0.2833333333333333
grn_n10_e20_c5_a0_pos50,grn_n10_e20_c5_a0_pos50_rep1,1,GRNBOOST2,signed_directed,0.11767609521417283,0.09999999999999999
grn_n10_e20_c5_a0_pos50,grn_n10_e20_c5_a0_pos50_rep1,1,GRNBOOST2,undirected,0.5778667288600556,0.5333333333333333
grn_n10_e20_c5_a0_pos50,grn_n10_e20_c5_a0_pos50_rep1,1,PEARSON,directed_unsigned,0.2986934466965189,0.3666666666666667
grn_n10_e20_c5_a0_pos50,grn_n10_e20_c5_a0_pos50_rep1,1,PEARSON,signed_directed,0.23624010653394137,0.31666666666666665
grn_n10_e20_c5_a0_pos50,grn_n10_e20_c5_a0_pos50_rep1,1,PEARSON,undirected,0.5973868933930379,0.6
grn_n10_e20_c5_a0_pos50,grn_n10_e20_c5_a0_pos50_rep1,1,PIDC,directed_unsigned,0.28379916093675567,0.2833333333333333
grn_n10_e20_c5_a0_pos50,grn_n10_e20_c5_a0_pos50_rep1,1,PIDC,signed_directed,0.11091556869799736,0.09999999999999999
grn_n10_e20_c5_a0_pos50,grn_n10_e20_c5_a0_pos50_rep1,1,PIDC,undirected,0.5425983218735113,0.5333333333333333
grn_n10_e20_c5_a0_pos50,grn_n10_e20_c5_a0_pos50_rep1,1,PPCOR,directed_unsigned,0.33806373380405774,0.38333333333333336
grn_n10_e20_c5_a0_pos50,grn_n10_e20_c5_a0_pos50_rep1,1,PPCOR,signed_directed,0.2625521301568733,0.3333333333333333
grn_n10_e20_c5_a0_pos50,grn_n10_e20_c5_a0_pos50_rep1,1,PPCOR,undirected,0.6504981150765891,0.6333333333333333
grn_n10_e20_c5_a0_pos50,grn_n10_e20_c5_a0_pos50_rep1,1,SCODE,directed_unsigned,0.18490685862243184,0.11666666666666665
grn_n10_e20_c5_a0_pos50,grn_n10_e20_c5_a0_pos50_rep1,1,SCODE,signed_directed,0.09741860630382933,0.06666666666666667
grn_n10_e20_c5_a0_pos50,grn_n10_e20_c5_a0_pos50_rep1,1,SCODE,undirected,0.40784291822877305,0.35000000000000003
grn_n10_e20_c5_a0_pos50,grn_n10_e20_c5_a0_pos50_rep1,1,SCSGL,directed_unsigned,0.2859403236481786,0.3333333333333333
grn_n10_e20_c5_a0_pos50,grn_n10_e20_c5_a0_pos50_rep1,1,SCSGL,signed_directed,0.22234460744726683,0.2833333333333333
grn_n10_e20_c5_a0_pos50,grn_n10_e20_c5_a0_pos50_rep1,1,SCSGL,undirected,0.563547313963024,0.5833333333333334
grn_n10_e20_c5_a0_pos50,grn_n10_e20_c5_a0_pos50_rep1,1,TODO4v2,directed_unsigned,0.42675764021941487,0.43333333333333335
grn_n10_e20_c5_a0_pos50,grn_n10_e20_c5_a0_pos50_rep1,1,TODO4v2,signed_directed,0.3720540625252941,0.38333333333333336
grn_n10_e20_c5_a0_pos50,grn_n10_e20_c5_a0_pos50_rep1,1,TODO4v2,undirected,0.6623846355511492,0.6166666666666667
grn_n10_e20_c5_a0_pos50,grn_n10_e20_c5_a0_pos50_rep2,2,GENIE3,directed_unsigned,0.14028963180106802,0.03333333333333333
grn_n10_e20_c5_a0_pos50,grn_n10_e20_c5_a0_pos50_rep2,2,GENIE3,signed_directed,0.09052271907253734,0.0
grn_n10_e20_c5_a0_pos50,grn_n10_e20_c5_a0_pos50_rep2,2,GENIE3,undirected,0.39413735519747983,0.4561403508771929
grn_n10_e20_c5_a0_pos50,grn_n10_e20_c5_a0_pos50_rep2,2,GRNBOOST2,directed_unsigned,0.22821796382856296,0.25
grn_n10_e20_c5_a0_pos50,grn_n10_e20_c5_a0_pos50_rep2,2,GRNBOOST2,signed_directed,0.12271456893777773,0.15
grn_n10_e20_c5_a0_pos50,grn_n10_e20_c5_a0_pos50_rep2,2,GRNBOOST2,undirected,0.47091595340298625,0.43859649122807004
grn_n10_e20_c5_a0_pos50,grn_n10_e20_c5_a0_pos50_rep2,2,PEARSON,directed_unsigned,0.2156467231151292,0.18333333333333335
grn_n10_e20_c5_a0_pos50,grn_n10_e20_c5_a0_pos50_rep2,2,PEARSON,signed_directed,0.18447823077103087,0.18333333333333335
grn_n10_e20_c5_a0_pos50,grn_n10_e20_c5_a0_pos50_rep2,2,PEARSON,undirected,0.4108253804931176,0.3859649122807017
grn_n10_e20_c5_a0_pos50,grn_n10_e20_c5_a0_pos50_rep2,2,PIDC,directed_unsigned,0.26319440626941104,0.21666666666666667
grn_n10_e20_c5_a0_pos50,grn_n10_e20_c5_a0_pos50_rep2,2,PIDC,signed_directed,0.12362257732459163,0.11666666666666665
grn_n10_e20_c5_a0_pos50,grn_n10_e20_c5_a0_pos50_rep2,2,PIDC,undirected,0.4820381933148023,0.43859649122807004
grn_n10_e20_c5_a0_pos50,grn_n10_e20_c5_a0_pos50_rep2,2,PPCOR,directed_unsigned,0.2465154802730255,0.25
grn_n10_e20_c5_a0_pos50,grn_n10_e20_c5_a0_pos50_rep2,2,PPCOR,signed_directed,0.2107374987126732,0.2333333333333333
grn_n10_e20_c5_a0_pos50,grn_n10_e20_c5_a0_pos50_rep2,2,PPCOR,undirected,0.4583606392563486,0.4912280701754385
grn_n10_e20_c5_a0_pos50,grn_n10_e20_c5_a0_pos50_rep2,2,SCODE,directed_unsigned,0.18205822965130936,0.15
grn_n10_e20_c5_a0_pos50,grn_n10_e20_c5_a0_pos50_rep2,2,SCODE,signed_directed,0.1060034340201567,0.08333333333333333
grn_n10_e20_c5_a0_pos50,grn_n10_e20_c5_a0_pos50_rep2,2,SCODE,undirected,0.3946663278474592,0.3508771929824561
grn_n10_e20_c5_a0_pos50,grn_n10_e20_c5_a0_pos50_rep2,2,SCSGL,directed_unsigned,0.21481706675212162,0.16666666666666666
grn_n10_e20_c5_a0_pos50,grn_n10_e20_c5_a0_pos50_rep2,2,SCSGL,signed_directed,0.1878485005034706,0.16666666666666666
grn_n10_e20_c5_a0_pos50,grn_n10_e20_c5_a0_pos50_rep2,2,SCSGL,undirected,0.40202259209670493,0.3333333333333333
grn_n10_e20_c5_a0_pos50,grn_n10_e20_c5_a0_pos50_rep2,2,TODO4v2,directed_unsigned,0.25684503680786025,0.2166666666666667
grn_n10_e20_c5_a0_pos50,grn_n10_e20_c5_a0_pos50_rep2,2,TODO4v2,signed_directed,0.2381185943025805,0.2166666666666667
grn_n10_e20_c5_a0_pos50,grn_n10_e20_c5_a0_pos50_rep2,2,TODO4v2,undirected,0.4517620831974283,0.43859649122807015
grn_n10_e20_c5_a5_pos50,grn_n10_e20_c5_a5_pos50_rep0,0,GENIE3,directed_unsigned,0.24043685692453307,0.18333333333333335
grn_n10_e20_c5_a5_pos50,grn_n10_e20_c5_a5_pos50_rep0,0,GENIE3,signed_directed,0.1585765808067387,0.10000000000000002
grn_n10_e20_c5_a5_pos50,grn_n10_e20_c5_a5_pos50_rep0,0,GENIE3,undirected,0.4603869809800824,0.3859649122807017
grn_n10_e20_c5_a5_pos50,grn_n10_e20_c5_a5_pos50_rep0,0,GRNBOOST2,directed_unsigned,0.3660593082747788,0.3666666666666667
grn_n10_e20_c5_a5_pos50,grn_n10_e20_c5_a5_pos50_rep0,0,GRNBOOST2,signed_directed,0.23035254069732514,0.3
grn_n10_e20_c5_a5_pos50,grn_n10_e20_c5_a5_pos50_rep0,0,GRNBOOST2,undirected,0.6159030984692778,0.5614035087719298
grn_n10_e20_c5_a5_pos50,grn_n10_e20_c5_a5_pos50_rep0,0,PEARSON,directed_unsigned,0.3403860105165144,0.3499999999999999
grn_n10_e20_c5_a5_pos50,grn_n10_e20_c5_a5_pos50_rep0,0,PEARSON,signed_directed,0.28258098256129216,0.3
grn_n10_e20_c5_a5_pos50,grn_n10_e20_c5_a5_pos50_rep0,0,PEARSON,undirected,0.6132074225355463,0.4736842105263157
grn_n10_e20_c5_a5_pos50,grn_n10_e20_c5_a5_pos50_rep0,0,PIDC,directed_unsigned,0.330827053223588,0.3666666666666667
grn_n10_e20_c5_a5_pos50,grn_n10_e20_c5_a5_pos50_rep0,0,PIDC,signed_directed,0.24571171772971975,0.31666666666666665
grn_n10_e20_c5_a5_pos50,grn_n10_e20_c5_a5_pos50_rep0,0,PIDC,undirected,0.5970147208273112,0.4736842105263157
grn_n10_e20_c5_a5_pos50,grn_n10_e20_c5_a5_pos50_rep0,0,PPCOR,directed_unsigned,0.3882075695926948,0.38333333333333336
grn_n10_e20_c5_a5_pos50,grn_n10_e20_c5_a5_pos50_rep0,0,PPCOR,signed_directed,0.31050980014910123,0.3333333333333333
grn_n10_e20_c5_a5_pos50,grn_n10_e20_c5_a5_pos50_rep0,0,PPCOR,undirected,0.6820324128831078,0.5964912280701754
grn_n10_e20_c5_a5_pos50,grn_n10_e20_c5_a5_pos50_rep0,0,SCODE,directed_unsigned,0.22269402758452914,0.18333333333333335
grn_n10_e20_c5_a5_pos50,grn_n10_e20_c5_a5_pos50_rep0,0,SCODE,signed_directed,0.1243583277804219,0.15
grn_n10_e20_c5_a5_pos50,grn_n10_e20_c5_a5_pos50_rep0,0,SCODE,undirected,0.38808643135967064,0.3333333333333333
grn_n10_e20_c5_a5_pos50,grn_n10_e20_c5_a5_pos50_rep0,0,SCSGL,directed_unsigned,0.3327006282039899,0.3
grn_n10_e20_c5_a5_pos50,grn_n10_e20_c5_a5_pos50_rep0,0,SCSGL,signed_directed,0.3084222631983494,0.3
grn_n10_e20_c5_a5_pos50,grn_n10_e20_c5_a5_pos50_rep0,0,SCSGL,undirected,0.6368575837176527,0.4561403508771929
grn_n10_e20_c5_a5_pos50,grn_n10_e20_c5_a5_pos50_rep0,0,TODO4v2,directed_unsigned,0.3954272399901681,0.43333333333333335
grn_n10_e20_c5_a5_pos50,grn_n10_e20_c5_a5_pos50_rep0,0,TODO4v2,signed_directed,0.33182615406954974,0.38333333333333336
grn_n10_e20_c5_a5_pos50,grn_n10_e20_c5_a5_pos50_rep0,0,TODO4v2,undirected,0.6648556170039112,0.543859649122807
grn_n10_e20_c5_a5_pos50,grn_n10_e20_c5_a5_pos50_rep1,1,GENIE3,directed_unsigned,0.17478153907963753,0.05000000000000001
grn_n10_e20_c5_a5_pos50,grn_n10_e20_c5_a5_pos50_rep1,1,GENIE3,signed_directed,0.1011660980694244,0.05000000000000001
grn_n10_e20_c5_a5_pos50,grn_n10_e20_c5_a5_pos50_rep1,1,GENIE3,undirected,0.4200989430981601,0.3859649122807017
grn_n10_e20_c5_a5_pos50,grn_n10_e20_c5_a5_pos50_rep1,1,GRNBOOST2,directed_unsigned,0.2919942335364651,0.3666666666666667
grn_n10_e20_c5_a5_pos50,grn_n10_e20_c5_a5_pos50_rep1,1,GRNBOOST2,signed_directed,0.11022484577187801,0.15
grn_n10_e20_c5_a5_pos50,grn_n10_e20_c5_a5_pos50_rep1,1,GRNBOOST2,undirected,0.522650644836355,0.49122807017543857
grn_n10_e20_c5_a5_pos50,grn_n10_e20_c5_a5_pos50_rep1,1,PEARSON,directed_unsigned,0.2867588147772051,0.25
grn_n10_e20_c5_a5_pos50,grn_n10_e20_c5_a5_pos50_rep1,1,PEARSON,signed_directed,0.1666510791622288,0.20000000000000004
grn_n10_e20_c5_a5_pos50,grn_n10_e20_c5_a5_pos50_rep1,1,PEARSON,undirected,0.5371454324153437,0.4561403508771929
grn_n10_e20_c5_a5_pos50,grn_n10_e20_c5_a5_pos50_rep1,1,PIDC,directed_unsigned,0.276563799850215,0.25
grn_n10_e20_c5_a5_pos50,grn_n10_e20_c5_a5_pos50_rep1,1,PIDC,signed_directed,0.1054128531237995,0.08333333333333333
grn_n10_e20_c5_a5_pos50,grn_n10_e20_c5_a5_pos50_rep1,1,PIDC,undirected,0.5248879162584122,0.4035087719298245
grn_n10_e20_c5_a5_pos50,grn_n10_e20_c5_a5_pos50_rep1,1,PPCOR,directed_unsigned,0.2952863404977786,0.25
grn_n10_e20_c5_a5_pos50,grn_n10_e20_c5_a5_pos50_rep1,1,PPCOR,signed_directed,0.17176079583559375,0.19999999999999998
grn_n10_e20_c5_a5_pos50,grn_n10_e20_c5_a5_pos50_rep1,1,PPCOR,undirected,0.5523102486090467,0.4736842105263157
grn_n10_e20_c5_a5_pos50,grn_n10_e20_c5_a5_pos50_rep1,1,SCODE,directed_unsigned,0.2042861802069504,0.15
grn_n10_e20_c5_a5_pos50,grn_n10_e20_c5_a5_pos50_rep1,1,SCODE,signed_directed,0.10276212965427346,0.05000000000000001
grn_n10_e20_c5_a5_pos50,grn_n10_e20_c5_a5_pos50_rep1,1,SCODE,undirected,0.5470211648974608,0.5263157894736842
grn_n10_e20_c5_a5_pos50,grn_n10_e20_c5_a5_pos50_rep1,1,SCSGL,directed_unsigned,0.2503954153494459,0.21666666666666667
grn_n10_e20_c5_a5_pos50,grn_n10_e20_c5_a5_pos50_rep1,1,SCSGL,signed_directed,0.13976112993725937,0.16666666666666666
grn_n10_e20_c5_a5_pos50,grn_n10_e20_c5_a5_pos50_rep1,1,SCSGL,undirected,0.4770428436841321,0.4035087719298245
grn_n10_e20_c5_a5_pos50,grn_n10_e20_c5_a5_pos50_rep1,1,TODO4v2,directed_unsigned,0.34384958138134564,0.3
grn_n10_e20_c5_a5_pos50,grn_n10_e20_c5_a5_pos50_rep1,1,TODO4v2,signed_directed,0.2373784069201809,0.25
grn_n10_e20_c5_a5_pos50,grn_n10_e20_c5_a5_pos50_rep1,1,TODO4v2,undirected,0.59517269935427,0.5263157894736842
grn_n10_e20_c5_a5_pos50,grn_n10_e20_c5_a5_pos50_rep2,2,GENIE3,directed_unsigned,0.15439792677228012,0.08333333333333333
grn_n10_e20_c5_a5_pos50,grn_n10_e20_c5_a5_pos50_rep2,2,GENIE3,signed_directed,0.10305145057523761,0.08333333333333333
grn_n10_e20_c5_a5_pos50,grn_n10_e20_c5_a5_pos50_rep2,2,GENIE3,undirected,0.36391664875286517,0.25925925925925924
grn_n10_e20_c5_a5_pos50,grn_n10_e20_c5_a5_pos50_rep2,2,GRNBOOST2,directed_unsigned,0.43812152783854663,0.4666666666666666
grn_n10_e20_c5_a5_pos50,grn_n10_e20_c5_a5_pos50_rep2,2,GRNBOOST2,signed_directed,0.1813167900804287,0.2833333333333333
grn_n10_e20_c5_a5_pos50,grn_n10_e20_c5_a5_pos50_rep2,2,GRNBOOST2,undirected,0.6835394382098601,0.5740740740740741
grn_n10_e20_c5_a5_pos50,grn_n10_e20_c5_a5_pos50_rep2,2,PEARSON,directed_unsigned,0.4232276658396527,0.3666666666666667
grn_n10_e20_c5_a5_pos50,grn_n10_e20_c5_a5_pos50_rep2,2,PEARSON,signed_directed,0.32598774778829376,0.3
grn_n10_e20_c5_a5_pos50,grn_n10_e20_c5_a5_pos50_rep2,2,PEARSON,undirected,0.6515404943610067,0.5740740740740741
grn_n10_e20_c5_a5_pos50,grn_n10_e20_c5_a5_pos50_rep2,2,PIDC,directed_unsigned,0.38557921083798946,0.41666666666666674
grn_n10_e20_c5_a5_pos50,grn_n10_e20_c5_a5_pos50_rep2,2,PIDC,signed_directed,0.1920989728327556,0.31666666666666665
grn_n10_e20_c5_a5_pos50,grn_n10_e20_c5_a5_pos50_rep2,2,PIDC,undirected,0.6781741102929345,0.5370370370370371
grn_n10_e20_c5_a5_pos50,grn_n10_e20_c5_a5_pos50_rep2,2,PPCOR,directed_unsigned,0.41871694523562913,0.3666666666666667
grn_n10_e20_c5_a5_pos50,grn_n10_e20_c5_a5_pos50_rep2,2,PPCOR,signed_directed,0.334385153218858,0.3
grn_n10_e20_c5_a5_pos50,grn_n10_e20_c5_a5_pos50_rep2,2,PPCOR,undirected,0.6607530175639118,0.5740740740740741
grn_n10_e20_c5_a5_pos50,grn_n10_e20_c5_a5_pos50_rep2,2,SCODE,directed_unsigned,0.17554703752991377,0.13333333333333333
grn_n10_e20_c5_a5_pos50,grn_n10_e20_c5_a5_pos50_rep2,2,SCODE,signed_directed,0.10199067446556458,0.08333333333333333
grn_n10_e20_c5_a5_pos50,grn_n10_e20_c5_a5_pos50_rep2,2,SCODE,undirected,0.3382443710885035,0.3148148148148148
grn_n10_e20_c5_a5_pos50,grn_n10_e20_c5_a5_pos50_rep2,2,SCSGL,directed_unsigned,0.40031239632613574,0.43333333333333335
grn_n10_e20_c5_a5_pos50,grn_n10_e20_c5_a5_pos50_rep2,2,SCSGL,signed_directed,0.2919289242859637,0.3333333333333333
grn_n10_e20_c5_a5_pos50,grn_n10_e20_c5_a5_pos50_rep2,2,SCSGL,undirected,0.6640925227602245,0.5740740740740741
grn_n10_e20_c5_a5_pos50,grn_n10_e20_c5_a5_pos50_rep2,2,TODO4v2,directed_unsigned,0.5537713809361761,0.4833333333333334
grn_n10_e20_c5_a5_pos50,grn_n10_e20_c5_a5_pos50_rep2,2,TODO4v2,signed_directed,0.4793952529047776,0.4333333333333334
grn_n10_e20_c5_a5_pos50,grn_n10_e20_c5_a5_pos50_rep2,2,TODO4v2,undirected,0.7226821029650162,0.6111111111111112
grn_n10_e20_c8_a0_pos50,grn_n10_e20_c8_a0_pos50_rep0,0,GENIE3,directed_unsigned,0.21465897961533864,0.2333333333333333
grn_n10_e20_c8_a0_pos50,grn_n10_e20_c8_a0_pos50_rep0,0,GENIE3,signed_directed,0.12314472121128667,0.13333333333333333
grn_n10_e20_c8_a0_pos50,grn_n10_e20_c8_a0_pos50_rep0,0,GENIE3,undirected,0.310591485877304,0.2549019607843137
grn_n10_e20_c8_a0_pos50,grn_n10_e20_c8_a0_pos50_rep0,0,GRNBOOST2,directed_unsigned,0.29321984826785324,0.2833333333333333
grn_n10_e20_c8_a0_pos50,grn_n10_e20_c8_a0_pos50_rep0,0,GRNBOOST2,signed_directed,0.16588889388709843,0.18333333333333335
grn_n10_e20_c8_a0_pos50,grn_n10_e20_c8_a0_pos50_rep0,0,GRNBOOST2,undirected,0.6255279819469416,0.5686274509803922
grn_n10_e20_c8_a0_pos50,grn_n10_e20_c8_a0_pos50_rep0,0,PEARSON,directed_unsigned,0.3369605621378295,0.3666666666666667
grn_n10_e20_c8_a0_pos50,grn_n10_e20_c8_a0_pos50_rep0,0,PEARSON,signed_directed,0.24162062842627097,0.26666666666666666
grn_n10_e20_c8_a0_pos50,grn_n10_e20_c8_a0_pos50_rep0,0,PEARSON,undirected,0.5348536545456782,0.5882352941176471
grn_n10_e20_c8_a0_pos50,grn_n10_e20_c8_a0_pos50_rep0,0,PIDC,directed_unsigned,0.329399114486947,0.31666666666666665
grn_n10_e20_c8_a0_pos50,grn_n10_e20_c8_a0_pos50_rep0,0,PIDC,signed_directed,0.1690556416760334,0.21666666666666667
grn_n10_e20_c8_a0_pos50,grn_n10_e20_c8_a0_pos50_rep0,0,PIDC,undirected,0.5482845941643221,0.5882352941176471
grn_n10_e20_c8_a0_pos50,grn_n10_e20_c8_a0_pos50_rep0,0,PPCOR,directed_unsigned,0.34541426008056814,0.3666666666666667
grn_n10_e20_c8_a0_pos50,grn_n10_e20_c8_a0_pos50_rep0,0,PPCOR,signed_directed,0.249290873061267,0.26666666666666666
grn_n10_e20_c8_a0_pos50,grn_n10_e20_c8_a0_pos50_rep0,0,PPCOR,undirected,0.5647180818795391,0.5686274509803922
grn_n10_e20_c8_a0_pos50,grn_n10_e20_c8_a0_pos50_rep0,0,SCODE,directed_unsigned,0.19865250404726278,0.19999999999999998
grn_n10_e20_c8_a0_pos50,grn_n10_e20_c8_a0_pos50_rep0,0,SCODE,signed_directed,0.10883324887286007,0.09999999999999999
grn_n10_e20_c8_a0_pos50,grn_n10_e20_c8_a0_pos50_rep0,0,SCODE,undirected,0.3200178756799285,0.2941176470588235
grn_n10_e20_c8_a0_pos50,grn_n10_e20_c8_a0_pos50_rep0,0,SCSGL,directed_unsigned,0.29222788068202854,0.35000000000000003
grn_n10_e20_c8_a0_pos50,grn_n10_e20_c8_a0_pos50_rep0,0,SCSGL,signed_directed,0.23749171833971283,0.3
grn_n10_e20_c8_a0_pos50,grn_n10_e20_c8_a0_pos50_rep0,0,SCSGL,undirected,0.5011771156797239,0.4901960784313726
grn_n10_e20_c8_a0_pos50,grn_n10_e20_c8_a0_pos50_rep0,0,TODO4v2,directed_unsigned,0.361497451600133,0.45
grn_n10_e20_c8_a0_pos50,grn_n10_e20_c8_a0_pos50_rep0,0,TODO4v2,signed_directed,0.272858268805357,0.38333333333333336
grn_n10_e20_c8_a0_pos50,grn_n10_e20_c8_a0_pos50_rep0,0,TODO4v2,undirected,0.5430310644888648,0.6274509803921569
grn_n10_e20_c8_a0_pos50,grn_n10_e20_c8_a0_pos50_rep1,1,GENIE3,directed_unsigned,0.19979311279465148,0.19999999999999998
grn_n10_e20_c8_a0_pos50,grn_n10_e20_c8_a0_pos50_rep1,1,GENIE3,signed_directed,0.09722347218601667,0.06666666666666667
grn_n10_e20_c8_a0_pos50,grn_n10_e20_c8_a0_pos50_rep1,1,GENIE3,undirected,0.3904033444228407,0.38888888888888884
grn_n10_e20_c8_a0_pos50,grn_n10_e20_c8_a0_pos50_rep1,1,GRNBOOST2,directed_unsigned,0.4100065392800191,0.43333333333333335
grn_n10_e20_c8_a0_pos50,grn_n10_e20_c8_a0_pos50_rep1,1,GRNBOOST2,signed_directed,0.2606816063358899,0.38333333333333336
grn_n10_e20_c8_a0_pos50,grn_n10_e20_c8_a0_pos50_rep1,1,GRNBOOST2,undirected,0.7116837251165289,0.6851851851851851
grn_n10_e20_c8_a0_pos50,grn_n10_e20_c8_a0_pos50_rep1,1,PEARSON,directed_unsigned,0.403637088924694,0.38333333333333336
grn_n10_e20_c8_a0_pos50,grn_n10_e20_c8_a0_pos50_rep1,1,PEARSON,signed_directed,0.3571774900385676,0.3499999999999999
grn_n10_e20_c8_a0_pos50,grn_n10_e20_c8_a0_pos50_rep1,1,PEARSON,undirected,0.7345041074896699,0.7037037037037037
grn_n10_e20_c8_a0_pos50,grn_n10_e20_c8_a0_pos50_rep1,1,PIDC,directed_unsigned,0.39604483290812276,0.4000000000000001
grn_n10_e20_c8_a0_pos50,grn_n10_e20_c8_a0_pos50_rep1,1,PIDC,signed_directed,0.25242532506376686,0.3
grn_n10_e20_c8_a0_pos50,grn_n10_e20_c8_a0_pos50_rep1,1,PIDC,undirected,0.7473783167797975,0.6296296296296297
grn_n10_e20_c8_a0_pos50,grn_n10_e20_c8_a0_pos50_rep1,1,PPCOR,directed_unsigned,0.40867605031480875,0.43333333333333335
grn_n10_e20_c8_a0_pos50,grn_n10_e20_c8_a0_pos50_rep1,1,PPCOR,signed_directed,0.37194520146802024,0.4000000000000001
grn_n10_e20_c8_a0_pos50,grn_n10_e20_c8_a0_pos50_rep1,1,PPCOR,undirected,0.7511104725371954,0.7037037037037037
grn_n10_e20_c8_a0_pos50,grn_n10_e20_c8_a0_pos50_rep1,1,SCODE,directed_unsigned,0.22718872217876473,0.18333333333333335
grn_n10_e20_c8_a0_pos50,grn_n10_e20_c8_a0_pos50_rep1,1,SCODE,signed_directed,0.12063748552729531,0.08333333333333333
grn_n10_e20_c8_a0_pos50,grn_n10_e20_c8_a0_pos50_rep1,1,SCODE,undirected,0.4400752865914283,0.4259259259259259
grn_n10_e20_c8_a0_pos50,grn_n10_e20_c8_a0_pos50_rep1,1,SCSGL,directed_unsigned,0.39460489356202144,0.4000000000000001
grn_n10_e20_c8_a0_pos50,grn_n10_e20_c8_a0_pos50_rep1,1,SCSGL,signed_directed,0.3481479147192086,0.4000000000000001
grn_n10_e20_c8_a0_pos50,grn_n10_e20_c8_a0_pos50_rep1,1,SCSGL,undirected,0.693875956494243,0.6666666666666666
grn_n10_e20_c8_a0_pos50,grn_n10_e20_c8_a0_pos50_rep1,1,TODO4v2,directed_unsigned,0.49546649911762913,0.48333333333333334
grn_n10_e20_c8_a0_pos50,grn_n10_e20_c8_a0_pos50_rep1,1,TODO4v2,signed_directed,0.44960044709562713,0.43333333333333335
grn_n10_e20_c8_a0_pos50,grn_n10_e20_c8_a0_pos50_rep1,1,TODO4v2,undirected,0.752321567004969,0.6666666666666666
grn_n10_e20_c8_a0_pos50,grn_n10_e20_c8_a0_pos50_rep2,2,GENIE3,directed_unsigned,0.23991781360004794,0.3333333333333333
grn_n10_e20_c8_a0_pos50,grn_n10_e20_c8_a0_pos50_rep2,2,GENIE3,signed_directed,0.12797668746712518,0.21666666666666667
grn_n10_e20_c8_a0_pos50,grn_n10_e20_c8_a0_pos50_rep2,2,GENIE3,undirected,0.4667402965808223,0.4210526315789473
grn_n10_e20_c8_a0_pos50,grn_n10_e20_c8_a0_pos50_rep2,2,GRNBOOST2,directed_unsigned,0.33342897384449816,0.3333333333333333
grn_n10_e20_c8_a0_pos50,grn_n10_e20_c8_a0_pos50_rep2,2,GRNBOOST2,signed_directed,0.18187198199430368,0.25
grn_n10_e20_c8_a0_pos50,grn_n10_e20_c8_a0_pos50_rep2,2,GRNBOOST2,undirected,0.6659738080594017,0.6140350877192983
grn_n10_e20_c8_a0_pos50,grn_n10_e20_c8_a0_pos50_rep2,2,PEARSON,directed_unsigned,0.3520684017116735,0.4000000000000001
grn_n10_e20_c8_a0_pos50,grn_n10_e20_c8_a0_pos50_rep2,2,PEARSON,signed_directed,0.33071521730471737,0.4000000000000001
grn_n10_e20_c8_a0_pos50,grn_n10_e20_c8_a0_pos50_rep2,2,PEARSON,undirected,0.6561840924440575,0.5614035087719298
grn_n10_e20_c8_a0_pos50,grn_n10_e20_c8_a0_pos50_rep2,2,PIDC,directed_unsigned,0.38107364628297064,0.41666666666666674
grn_n10_e20_c8_a0_pos50,grn_n10_e20_c8_a0_pos50_rep2,2,PIDC,signed_directed,0.20838042714744945,0.3
grn_n10_e20_c8_a0_pos50,grn_n10_e20_c8_a0_pos50_rep2,2,PIDC,undirected,0.6752556141195072,0.5614035087719298
grn_n10_e20_c8_a0_pos50,grn_n10_e20_c8_a0_pos50_rep2,2,PPCOR,directed_unsigned,0.3472603894195923,0.3666666666666667
grn_n10_e20_c8_a0_pos50,grn_n10_e20_c8_a0_pos50_rep2,2,PPCOR,signed_directed,0.32138418364457483,0.3666666666666667
grn_n10_e20_c8_a0_pos50,grn_n10_e20_c8_a0_pos50_rep2,2,PPCOR,undirected,0.6477174836095856,0.5789473684210527
grn_n10_e20_c8_a0_pos50,grn_n10_e20_c8_a0_pos50_rep2,2,SCODE,directed_unsigned,0.3024975839187433,0.2833333333333333
grn_n10_e20_c8_a0_pos50,grn_n10_e20_c8_a0_pos50_rep2,2,SCODE,signed_directed,0.14375585082343073,0.16666666666666666
grn_n10_e20_c8_a0_pos50,grn_n10_e20_c8_a0_pos50_rep2,2,SCODE,undirected,0.4900929928265277,0.4736842105263157
grn_n10_e20_c8_a0_pos50,grn_n10_e20_c8_a0_pos50_rep2,2,SCSGL,directed_unsigned,0.37717764019836647,0.39999999999999997
grn_n10_e20_c8_a0_pos50,grn_n10_e20_c8_a0_pos50_rep2,2,SCSGL,signed_directed,0.3403984465999337,0.39999999999999997
grn_n10_e20_c8_a0_pos50,grn_n10_e20_c8_a0_pos50_rep2,2,SCSGL,undirected,0.6997707051465686,0.631578947368421
grn_n10_e20_c8_a0_pos50,grn_n10_e20_c8_a0_pos50_rep2,2,TODO4v2,directed_unsigned,0.3974390856817788,0.4000000000000001
grn_n10_e20_c8_a0_pos50,grn_n10_e20_c8_a0_pos50_rep2,2,TODO4v2,signed_directed,0.36144286732556874,0.38333333333333336
grn_n10_e20_c8_a0_pos50,grn_n10_e20_c8_a0_pos50_rep2,2,TODO4v2,undirected,0.638028086994895,0.49122807017543857
grn_n10_e20_c8_a5_pos50,grn_n10_e20_c8_a5_pos50_rep0,0,GENIE3,directed_unsigned,0.24338867434323905,0.2833333333333333
grn_n10_e20_c8_a5_pos50,grn_n10_e20_c8_a5_pos50_rep0,0,GENIE3,signed_directed,0.11600160895494989,0.13333333333333333
grn_n10_e20_c8_a5_pos50,grn_n10_e20_c8_a5_pos50_rep0,0,GENIE3,undirected,0.4210896435254645,0.4259259259259259
grn_n10_e20_c8_a5_pos50,grn_n10_e20_c8_a5_pos50_rep0,0,GRNBOOST2,directed_unsigned,0.2890258928117102,0.35000000000000003
grn_n10_e20_c8_a5_pos50,grn_n10_e20_c8_a5_pos50_rep0,0,GRNBOOST2,signed_directed,0.16043396630593368,0.21666666666666667
grn_n10_e20_c8_a5_pos50,grn_n10_e20_c8_a5_pos50_rep0,0,GRNBOOST2,undirected,0.4708462774399769,0.46296296296296297
grn_n10_e20_c8_a5_pos50,grn_n10_e20_c8_a5_pos50_rep0,0,PEARSON,directed_unsigned,0.3150146318580071,0.3333333333333333
grn_n10_e20_c8_a5_pos50,grn_n10_e20_c8_a5_pos50_rep0,0,PEARSON,signed_directed,0.26274615054604705,0.3333333333333333
grn_n10_e20_c8_a5_pos50,grn_n10_e20_c8_a5_pos50_rep0,0,PEARSON,undirected,0.5254649083461526,0.5555555555555556
grn_n10_e20_c8_a5_pos50,grn_n10_e20_c8_a5_pos50_rep0,0,PIDC,directed_unsigned,0.26276087942248344,0.2833333333333334
grn_n10_e20_c8_a5_pos50,grn_n10_e20_c8_a5_pos50_rep0,0,PIDC,signed_directed,0.1566091912848745,0.2333333333333333
grn_n10_e20_c8_a5_pos50,grn_n10_e20_c8_a5_pos50_rep0,0,PIDC,undirected,0.43483595604443814,0.5
grn_n10_e20_c8_a5_pos50,grn_n10_e20_c8_a5_pos50_rep0,0,PPCOR,directed_unsigned,0.31673235552960016,0.35000000000000003
grn_n10_e20_c8_a5_pos50,grn_n10_e20_c8_a5_pos50_rep0,0,PPCOR,signed_directed,0.25747486523837443,0.31666666666666665
grn_n10_e20_c8_a5_pos50,grn_n10_e20_c8_a5_pos50_rep0,0,PPCOR,undirected,0.5326708304342629,0.5925925925925926
grn_n10_e20_c8_a5_pos50,grn_n10_e20_c8_a5_pos50_rep0,0,SCODE,directed_unsigned,0.3014240784636297,0.30000000000000004
grn_n10_e20_c8_a5_pos50,grn_n10_e20_c8_a5_pos50_rep0,0,SCODE,signed_directed,0.17003400507123656,0.16666666666666666
grn_n10_e20_c8_a5_pos50,grn_n10_e20_c8_a5_pos50_rep0,0,SCODE,undirected,0.4448537518752491,0.48148148148148145
grn_n10_e20_c8_a5_pos50,grn_n10_e20_c8_a5_pos50_rep0,0,SCSGL,directed_unsigned,0.283185595426168,0.3
grn_n10_e20_c8_a5_pos50,grn_n10_e20_c8_a5_pos50_rep0,0,SCSGL,signed_directed,0.23756637384428617,0.3
grn_n10_e20_c8_a5_pos50,grn_n10_e20_c8_a5_pos50_rep0,0,SCSGL,undirected,0.4931575180292673,0.46296296296296297
grn_n10_e20_c8_a5_pos50,grn_n10_e20_c8_a5_pos50_rep0,0,TODO4v2,directed_unsigned,0.43338867295897804,0.48333333333333334
grn_n10_e20_c8_a5_pos50,grn_n10_e20_c8_a5_pos50_rep0,0,TODO4v2,signed_directed,0.40081822373926707,0.46666666666666673
grn_n10_e20_c8_a5_pos50,grn_n10_e20_c8_a5_pos50_rep0,0,TODO4v2,undirected,0.5577270468396945,0.5740740740740741
grn_n10_e20_c8_a5_pos50,grn_n10_e20_c8_a5_pos50_rep1,1,GENIE3,directed_unsigned,0.2823863874412038,0.3333333333333333
grn_n10_e20_c8_a5_pos50,grn_n10_e20_c8_a5_pos50_rep1,1,GENIE3,signed_directed,0.11164210443006696,0.13333333333333333
grn_n10_e20_c8_a5_pos50,grn_n10_e20_c8_a5_pos50_rep1,1,GENIE3,undirected,0.5596458249098378,0.4833333333333334
grn_n10_e20_c8_a5_pos50,grn_n10_e20_c8_a5_pos50_rep1,1,GRNBOOST2,directed_unsigned,0.25067787247667334,0.25
grn_n10_e20_c8_a5_pos50,grn_n10_e20_c8_a5_pos50_rep1,1,GRNBOOST2,signed_directed,0.15158287242971033,0.16666666666666666
grn_n10_e20_c8_a5_pos50,grn_n10_e20_c8_a5_pos50_rep1,1,GRNBOOST2,undirected,0.4935757611466331,0.4333333333333334
grn_n10_e20_c8_a5_pos50,grn_n10_e20_c8_a5_pos50_rep1,1,PEARSON,directed_unsigned,0.29500172491898546,0.31666666666666665
grn_n10_e20_c8_a5_pos50,grn_n10_e20_c8_a5_pos50_rep1,1,PEARSON,signed_directed,0.16484013239412965,0.2333333333333333
grn_n10_e20_c8_a5_pos50,grn_n10_e20_c8_a5_pos50_rep1,1,PEARSON,undirected,0.5650034498379709,0.4833333333333334
grn_n10_e20_c8_a5_pos50,grn_n10_e20_c8_a5_pos50_rep1,1,PIDC,directed_unsigned,0.2411370297797125,0.21666666666666667
grn_n10_e20_c8_a5_pos50,grn_n10_e20_c8_a5_pos50_rep1,1,PIDC,signed_directed,0.1597749774775565,0.18333333333333335
grn_n10_e20_c8_a5_pos50,grn_n10_e20_c8_a5_pos50_rep1,1,PIDC,undirected,0.4656073928927582,0.45
grn_n10_e20_c8_a5_pos50,grn_n10_e20_c8_a5_pos50_rep1,1,PPCOR,directed_unsigned,0.30043953847137306,0.3
grn_n10_e20_c8_a5_pos50,grn_n10_e20_c8_a5_pos50_rep1,1,PPCOR,signed_directed,0.17506717113758338,0.25
grn_n10_e20_c8_a5_pos50,grn_n10_e20_c8_a5_pos50_rep1,1,PPCOR,undirected,0.5675457436094128,0.48333333333333334
grn_n10_e20_c8_a5_pos50,grn_n10_e20_c8_a5_pos50_rep1,1,SCODE,directed_unsigned,0.20418099328601613,0.13333333333333333
grn_n10_e20_c8_a5_pos50,grn_n10_e20_c8_a5_pos50_rep1,1,SCODE,signed_directed,0.10966128528129893,0.10000000000000002
grn_n10_e20_c8_a5_pos50,grn_n10_e20_c8_a5_pos50_rep1,1,SCODE,undirected,0.4201162004819335,0.3666666666666667
grn_n10_e20_c8_a5_pos50,grn_n10_e20_c8_a5_pos50_rep1,1,SCSGL,directed_unsigned,0.2548609885549942,0.26666666666666666
grn_n10_e20_c8_a5_pos50,grn_n10_e20_c8_a5_pos50_rep1,1,SCSGL,signed_directed,0.13996140506604507,0.18333333333333335
grn_n10_e20_c8_a5_pos50,grn_n10_e20_c8_a5_pos50_rep1,1,SCSGL,undirected,0.49305531044332174,0.41666666666666674
grn_n10_e20_c8_a5_pos50,grn_n10_e20_c8_a5_pos50_rep1,1,TODO4v2,directed_unsigned,0.28611743131807366,0.26666666666666666
grn_n10_e20_c8_a5_pos50,grn_n10_e20_c8_a5_pos50_rep1,1,TODO4v2,signed_directed,0.18077835686064836,0.20000000000000004
grn_n10_e20_c8_a5_pos50,grn_n10_e20_c8_a5_pos50_rep1,1,TODO4v2,undirected,0.4925078031435586,0.3666666666666667
grn_n10_e20_c8_a5_pos50,grn_n10_e20_c8_a5_pos50_rep2,2,GENIE3,directed_unsigned,0.15222283758335922,0.09999999999999999
grn_n10_e20_c8_a5_pos50,grn_n10_e20_c8_a5_pos50_rep2,2,GENIE3,signed_directed,0.09183075738436026,0.05000000000000001
grn_n10_e20_c8_a5_pos50,grn_n10_e20_c8_a5_pos50_rep2,2,GENIE3,undirected,0.31799000234265945,0.2941176470588235
grn_n10_e20_c8_a5_pos50,grn_n10_e20_c8_a5_pos50_rep2,2,GRNBOOST2,directed_unsigned,0.39813711550758707,0.3333333333333333
grn_n10_e20_c8_a5_pos50,grn_n10_e20_c8_a5_pos50_rep2,2,GRNBOOST2,signed_directed,0.2096782305693283,0.20000000000000004
grn_n10_e20_c8_a5_pos50,grn_n10_e20_c8_a5_pos50_rep2,2,GRNBOOST2,undirected,0.633140792017651,0.5490196078431372
grn_n10_e20_c8_a5_pos50,grn_n10_e20_c8_a5_pos50_rep2,2,PEARSON,directed_unsigned,0.3294446195535861,0.3
grn_n10_e20_c8_a5_pos50,grn_n10_e20_c8_a5_pos50_rep2,2,PEARSON,signed_directed,0.26201653375356515,0.25
grn_n10_e20_c8_a5_pos50,grn_n10_e20_c8_a5_pos50_rep2,2,PEARSON,undirected,0.543946817560668,0.5098039215686274
grn_n10_e20_c8_a5_pos50,grn_n10_e20_c8_a5_pos50_rep2,2,PIDC,directed_unsigned,0.44036109408103447,0.4666666666666666
grn_n10_e20_c8_a5_pos50,grn_n10_e20_c8_a5_pos50_rep2,2,PIDC,signed_directed,0.22978094380049022,0.2833333333333333
grn_n10_e20_c8_a5_pos50,grn_n10_e20_c8_a5_pos50_rep2,2,PIDC,undirected,0.6413477652737859,0.5686274509803922
grn_n10_e20_c8_a5_pos50,grn_n10_e20_c8_a5_pos50_rep2,2,PPCOR,directed_unsigned,0.3456099771355728,0.31666666666666665
grn_n10_e20_c8_a5_pos50,grn_n10_e20_c8_a5_pos50_rep2,2,PPCOR,signed_directed,0.26867002769823106,0.26666666666666666
grn_n10_e20_c8_a5_pos50,grn_n10_e20_c8_a5_pos50_rep2,2,PPCOR,undirected,0.5538107311816644,0.5098039215686274
grn_n10_e20_c8_a5_pos50,grn_n10_e20_c8_a5_pos50_rep2,2,SCODE,directed_unsigned,0.2451281798102022,0.2833333333333333
grn_n10_e20_c8_a5_pos50,grn_n10_e20_c8_a5_pos50_rep2,2,SCODE,signed_directed,0.12019323746587525,0.15
grn_n10_e20_c8_a5_pos50,grn_n10_e20_c8_a5_pos50_rep2,2,SCODE,undirected,0.45003897854108915,0.4705882352941176
grn_n10_e20_c8_a5_pos50,grn_n10_e20_c8_a5_pos50_rep2,2,SCSGL,directed_unsigned,0.3463430229483926,0.3166666666666667
grn_n10_e20_c8_a5_pos50,grn_n10_e20_c8_a5_pos50_rep2,2,SCSGL,signed_directed,0.26209148047093483,0.26666666666666666
grn_n10_e20_c8_a5_pos50,grn_n10_e20_c8_a5_pos50_rep2,2,SCSGL,undirected,0.5776321451301252,0.5098039215686274
grn_n10_e20_c8_a5_pos50,grn_n10_e20_c8_a5_pos50_rep2,2,TODO4v2,directed_unsigned,0.3538067077666363,0.35000000000000003
grn_n10_e20_c8_a5_pos50,grn_n10_e20_c8_a5_pos50_rep2,2,TODO4v2,signed_directed,0.3155494008807995,0.3333333333333333
grn_n10_e20_c8_a5_pos50,grn_n10_e20_c8_a5_pos50_rep2,2,TODO4v2,undirected,0.5519357234529884,0.5294117647058824
grn_n6_e12_c3_a0_pos50,grn_n6_e12_c3_a0_pos50_rep0,0,GENIE3,directed_unsigned,0.3109300662486862,0.3333333333333333
grn_n6_e12_c3_a0_pos50,grn_n6_e12_c3_a0_pos50_rep0,0,GENIE3,signed_directed,0.19654353871103644,0.25
grn_n6_e12_c3_a0_pos50,grn_n6_e12_c3_a0_pos50_rep0,0,GENIE3,undirected,0.6467098558007649,0.6969696969696969
grn_n6_e12_c3_a0_pos50,grn_n6_e12_c3_a0_pos50_rep0,0,GRNBOOST2,directed_unsigned,0.5212355519450563,0.4166666666666667
grn_n6_e12_c3_a0_pos50,grn_n6_e12_c3_a0_pos50_rep0,0,GRNBOOST2,signed_directed,0.23348951911341673,0.1666666666666666
grn_n6_e12_c3_a0_pos50,grn_n6_e12_c3_a0_pos50_rep0,0,GRNBOOST2,undirected,0.8074603426876154,0.7272727272727272
grn_n6_e12_c3_a0_pos50,grn_n6_e12_c3_a0_pos50_rep0,0,PEARSON,directed_unsigned,0.4325059778184779,0.4166666666666667
grn_n6_e12_c3_a0_pos50,grn_n6_e12_c3_a0_pos50_rep0,0,PEARSON,signed_directed,0.3421919515669516,0.3333333333333333
grn_n6_e12_c3_a0_pos50,grn_n6_e12_c3_a0_pos50_rep0,0,PEARSON,undirected,0.7970820845820845,0.7272727272727272
grn_n6_e12_c3_a0_pos50,grn_n6_e12_c3_a0_pos50_rep0,0,PIDC,directed_unsigned,0.46504598796265456,0.4166666666666667
grn_n6_e12_c3_a0_pos50,grn_n6_e12_c3_a0_pos50_rep0,0,PIDC,signed_directed,0.20393210184876845,0.13888888888888884
grn_n6_e12_c3_a0_pos50,grn_n6_e12_c3_a0_pos50_rep0,0,PIDC,undirected,0.8717194421739877,0.7388167388167388
grn_n6_e12_c3_a0_pos50,grn_n6_e12_c3_a0_pos50_rep0,0,PPCOR,directed_unsigned,0.44049505597637784,0.4166666666666667
grn_n6_e12_c3_a0_pos50,grn_n6_e12_c3_a0_pos50_rep0,0,PPCOR,signed_directed,0.3518819529236195,0.4166666666666667
grn_n6_e12_c3_a0_pos50,grn_n6_e12_c3_a0_pos50_rep0,0,PPCOR,undirected,0.8051933756479212,0.7272727272727272
grn_n6_e12_c3_a0_pos50,grn_n6_e12_c3_a0_pos50_rep0,0,SCODE,directed_unsigned,0.3775812798913152,0.3611111111111111
grn_n6_e12_c3_a0_pos50,grn_n6_e12_c3_a0_pos50_rep0,0,SCODE,signed_directed,0.23219156739536703,0.16666666666666663
grn_n6_e12_c3_a0_pos50,grn_n6_e12_c3_a0_pos50_rep0,0,SCODE,undirected,0.7009235293326203,0.6666666666666666
grn_n6_e12_c3_a0_pos50,grn_n6_e12_c3_a0_pos50_rep0,0,SCSGL,directed_unsigned,0.46145311093227764,0.4166666666666667
grn_n6_e12_c3_a0_pos50,grn_n6_e12_c3_a0_pos50_rep0,0,SCSGL,signed_directed,0.3492113210863211,0.3888888888888889
grn_n6_e12_c3_a0_pos50,grn_n6_e12_c3_a0_pos50_rep0,0,SCSGL,undirected,0.8657249316340225,0.8181818181818182
grn_n6_e12_c3_a0_pos50,grn_n6_e12_c3_a0_pos50_rep0,0,TODO4v2,directed_unsigned,0.4802030512411424,0.4166666666666667
grn_n6_e12_c3_a0_pos50,grn_n6_e12_c3_a0_pos50_rep0,0,TODO4v2,signed_directed,0.44363327166747274,0.3611111111111111
grn_n6_e12_c3_a0_pos50,grn_n6_e12_c3_a0_pos50_rep0,0,TODO4v2,undirected,0.7673629400902128,0.7272727272727272
grn_n6_e12_c3_a0_pos50,grn_n6_e12_c3_a0_pos50_rep1,1,GENIE3,directed_unsigned,0.31482683295188946,0.25
grn_n6_e12_c3_a0_pos50,grn_n6_e12_c3_a0_pos50_rep1,1,GENIE3,signed_directed,0.23349889996256146,0.25
grn_n6_e12_c3_a0_pos50,grn_n6_e12_c3_a0_pos50_rep1,1,GENIE3,undirected,0.6056848875030693,0.6363636363636364
grn_n6_e12_c3_a0_pos50,grn_n6_e12_c3_a0_pos50_rep1,1,GRNBOOST2,directed_unsigned,0.3353846607886586,0.3333333333333333
grn_n6_e12_c3_a0_pos50,grn_n6_e12_c3_a0_pos50_rep1,1,GRNBOOST2,signed_directed,0.2554190893596573,0.3333333333333333
grn_n6_e12_c3_a0_pos50,grn_n6_e12_c3_a0_pos50_rep1,1,GRNBOOST2,undirected,0.680092634638089,0.7575757575757577
grn_n6_e12_c3_a0_pos50,grn_n6_e12_c3_a0_pos50_rep1,1,PEARSON,directed_unsigned,0.3856986377819711,0.3333333333333333
grn_n6_e12_c3_a0_pos50,grn_n6_e12_c3_a0_pos50_rep1,1,PEARSON,signed_directed,0.3599294802419801,0.3333333333333333
grn_n6_e12_c3_a0_pos50,grn_n6_e12_c3_a0_pos50_rep1,1,PEARSON,undirected,0.7228099341735706,0.7272727272727272
grn_n6_e12_c3_a0_pos50,grn_n6_e12_c3_a0_pos50_rep1,1,PIDC,directed_unsigned,0.34396714396714406,0.3333333333333333
grn_n6_e12_c3_a0_pos50,grn_n6_e12_c3_a0_pos50_rep1,1,PIDC,signed_directed,0.2460137085137085,0.3333333333333333
grn_n6_e12_c3_a0_pos50,grn_n6_e12_c3_a0_pos50_rep1,1,PIDC,undirected,0.6568751114205659,0.7575757575757577
grn_n6_e12_c3_a0_pos50,grn_n6_e12_c3_a0_pos50_rep1,1,PPCOR,directed_unsigned,0.38379755206380595,0.3611111111111111
grn_n6_e12_c3_a0_pos50,grn_n6_e12_c3_a0_pos50_rep1,1,PPCOR,signed_directed,0.3548014014184034,0.3611111111111111
grn_n6_e12_c3_a0_pos50,grn_n6_e12_c3_a0_pos50_rep1,1,PPCOR,undirected,0.7221379630470538,0.8181818181818182
grn_n6_e12_c3_a0_pos50,grn_n6_e12_c3_a0_pos50_rep1,1,SCODE,directed_unsigned,0.3740915169124255,0.3333333333333333
grn_n6_e12_c3_a0_pos50,grn_n6_e12_c3_a0_pos50_rep1,1,SCODE,signed_directed,0.23044847383949216,0.19444444444444442
grn_n6_e12_c3_a0_pos50,grn_n6_e12_c3_a0_pos50_rep1,1,SCODE,undirected,0.7630687073868891,0.7272727272727272
grn_n6_e12_c3_a0_pos50,grn_n6_e12_c3_a0_pos50_rep1,1,SCSGL,directed_unsigned,0.4601356976356976,0.3611111111111111
grn_n6_e12_c3_a0_pos50,grn_n6_e12_c3_a0_pos50_rep1,1,SCSGL,signed_directed,0.4508625633625633,0.3611111111111111
grn_n6_e12_c3_a0_pos50,grn_n6_e12_c3_a0_pos50_rep1,1,SCSGL,undirected,0.6830007955007954,0.6666666666666666
grn_n6_e12_c3_a0_pos50,grn_n6_e12_c3_a0_pos50_rep1,1,TODO4v2,directed_unsigned,0.37776079192973616,0.3333333333333333
grn_n6_e12_c3_a0_pos50,grn_n6_e12_c3_a0_pos50_rep1,1,TODO4v2,signed_directed,0.33833603187539,0.3333333333333333
grn_n6_e12_c3_a0_pos50,grn_n6_e12_c3_a0_pos50_rep1,1,TODO4v2,undirected,0.663896162759799,0.7272727272727272
grn_n6_e12_c3_a0_pos50,grn_n6_e12_c3_a0_pos50_rep2,2,GENIE3,directed_unsigned,0.30759370453110124,0.2222222222222222
grn_n6_e12_c3_a0_pos50,grn_n6_e12_c3_a0_pos50_rep2,2,GENIE3,signed_directed,0.16740408248478222,0.0833333333333333
grn_n6_e12_c3_a0_pos50,grn_n6_e12_c3_a0_pos50_rep2,2,GENIE3,undirected,0.6776889314389315,0.6
grn_n6_e12_c3_a0_pos50,grn_n6_e12_c3_a0_pos50_rep2,2,GRNBOOST2,directed_unsigned,0.7554600678635291,0.7222222222222222
grn_n6_e12_c3_a0_pos50,grn_n6_e12_c3_a0_pos50_rep2,2,GRNBOOST2,signed_directed,0.480639534579752,0.4166666666666667
grn_n6_e12_c3_a0_pos50,grn_n6_e12_c3_a0_pos50_rep2,2,GRNBOOST2,undirected,0.8536666111666111,0.8000000000000002
grn_n6_e12_c3_a0_pos50,grn_n6_e12_c3_a0_pos50_rep2,2,PEARSON,directed_unsigned,0.7256457084582083,0.6111111111111112
grn_n6_e12_c3_a0_pos50,grn_n6_e12_c3_a0_pos50_rep2,2,PEARSON,signed_directed,0.49134478561561884,0.4444444444444445
grn_n6_e12_c3_a0_pos50,grn_n6_e12_c3_a0_pos50_rep2,2,PEARSON,undirected,0.8574352036852037,0.7333333333333334
grn_n6_e12_c3_a0_pos50,grn_n6_e12_c3_a0_pos50_rep2,2,PIDC,directed_unsigned,0.5787023162023163,0.5277777777777778
grn_n6_e12_c3_a0_pos50,grn_n6_e12_c3_a0_pos50_rep2,2,PIDC,signed_directed,0.4000232984607985,0.3611111111111111
grn_n6_e12_c3_a0_pos50,grn_n6_e12_c3_a0_pos50_rep2,2,PIDC,undirected,0.7439253339253339,0.7333333333333334
grn_n6_e12_c3_a0_pos50,grn_n6_e12_c3_a0_pos50_rep2,2,PPCOR,directed_unsigned,0.7128307456432456,0.6111111111111112
grn_n6_e12_c3_a0_pos50,grn_n6_e12_c3_a0_pos50_rep2,2,PPCOR,signed_directed,0.49166391093474426,0.4444444444444445
grn_n6_e12_c3_a0_pos50,grn_n6_e12_c3_a0_pos50_rep2,2,PPCOR,undirected,0.8573591686091686,0.7333333333333334
grn_n6_e12_c3_a0_pos50,grn_n6_e12_c3_a0_pos50_rep2,2,SCODE,directed_unsigned,0.3846936345512453,0.3888888888888889
grn_n6_e12_c3_a0_pos50,grn_n6_e12_c3_a0_pos50_rep2,2,SCODE,signed_directed,0.18624737823545215,0.19444444444444442
grn_n6_e12_c3_a0_pos50,grn_n6_e12_c3_a0_pos50_rep2,2,SCODE,undirected,0.8091804954304954,0.7333333333333334
grn_n6_e12_c3_a0_pos50,grn_n6_e12_c3_a0_pos50_rep2,2,SCSGL,directed_unsigned,0.4246964262589262,0.47222222222222227
grn_n6_e12_c3_a0_pos50,grn_n6_e12_c3_a0_pos50_rep2,2,SCSGL,signed_directed,0.3376492912951246,0.4444444444444445
grn_n6_e12_c3_a0_pos50,grn_n6_e12_c3_a0_pos50_rep2,2,SCSGL,undirected,0.6535219872719873,0.6999999999999998
grn_n6_e12_c3_a0_pos50,grn_n6_e12_c3_a0_pos50_rep2,2,TODO4v2,directed_unsigned,0.7927154497420191,0.6666666666666666
grn_n6_e12_c3_a0_pos50,grn_n6_e12_c3_a0_pos50_rep2,2,TODO4v2,signed_directed,0.5942543676403463,0.5
grn_n6_e12_c3_a0_pos50,grn_n6_e12_c3_a0_pos50_rep2,2,TODO4v2,undirected,0.8629265179265179,0.6333333333333333
grn_n6_e12_c3_a3_pos50,grn_n6_e12_c3_a3_pos50_rep0,0,GENIE3,directed_unsigned,0.2930865062750383,0.2222222222222222
grn_n6_e12_c3_a3_pos50,grn_n6_e12_c3_a3_pos50_rep0,0,GENIE3,signed_directed,0.2022368489425377,0.16666666666666663
grn_n6_e12_c3_a3_pos50,grn_n6_e12_c3_a3_pos50_rep0,0,GENIE3,undirected,0.5206216931216932,0.6
grn_n6_e12_c3_a3_pos50,grn_n6_e12_c3_a3_pos50_rep0,0,GRNBOOST2,directed_unsigned,0.4801088567148939,0.3611111111111111
grn_n6_e12_c3_a3_pos50,grn_n6_e12_c3_a3_pos50_rep0,0,GRNBOOST2,signed_directed,0.3431970394705817,0.3055555555555556
grn_n6_e12_c3_a3_pos50,grn_n6_e12_c3_a3_pos50_rep0,0,GRNBOOST2,undirected,0.7078571428571427,0.6
grn_n6_e12_c3_a3_pos50,grn_n6_e12_c3_a3_pos50_rep0,0,PEARSON,directed_unsigned,0.48863260582010587,0.4166666666666667
grn_n6_e12_c3_a3_pos50,grn_n6_e12_c3_a3_pos50_rep0,0,PEARSON,signed_directed,0.36859292328042326,0.3333333333333333
grn_n6_e12_c3_a3_pos50,grn_n6_e12_c3_a3_pos50_rep0,0,PEARSON,undirected,0.6913822751322751,0.6
grn_n6_e12_c3_a3_pos50,grn_n6_e12_c3_a3_pos50_rep0,0,PIDC,directed_unsigned,0.3582258597883598,0.3611111111111111
grn_n6_e12_c3_a3_pos50,grn_n6_e12_c3_a3_pos50_rep0,0,PIDC,signed_directed,0.23034887566137563,0.27777777777777773
grn_n6_e12_c3_a3_pos50,grn_n6_e12_c3_a3_pos50_rep0,0,PIDC,undirected,0.5784523809523808,0.6
grn_n6_e12_c3_a3_pos50,grn_n6_e12_c3_a3_pos50_rep0,0,PPCOR,directed_unsigned,0.5319571632512612,0.4444444444444445
grn_n6_e12_c3_a3_pos50,grn_n6_e12_c3_a3_pos50_rep0,0,PPCOR,signed_directed,0.38748786147074665,0.3333333333333333
grn_n6_e12_c3_a3_pos50,grn_n6_e12_c3_a3_pos50_rep0,0,PPCOR,undirected,0.7253761053761053,0.6333333333333333
grn_n6_e12_c3_a3_pos50,grn_n6_e12_c3_a3_pos50_rep0,0,SCODE,directed_unsigned,0.39184224611547713,0.3055555555555555
grn_n6_e12_c3_a3_pos50,grn_n6_e12_c3_a3_pos50_rep0,0,SCODE,signed_directed,0.21568244265290185,0.24999999999999997
grn_n6_e12_c3_a3_pos50,grn_n6_e12_c3_a3_pos50_rep0,0,SCODE,undirected,0.7495492932992933,0.6
grn_n6_e12_c3_a3_pos50,grn_n6_e12_c3_a3_pos50_rep0,0,SCSGL,directed_unsigned,0.4203373015873016,0.4444444444444445
grn_n6_e12_c3_a3_pos50,grn_n6_e12_c3_a3_pos50_rep0,0,SCSGL,signed_directed,0.27897927689594354,0.3333333333333333
grn_n6_e12_c3_a3_pos50,grn_n6_e12_c3_a3_pos50_rep0,0,SCSGL,undirected,0.6452116402116402,0.6
grn_n6_e12_c3_a3_pos50,grn_n6_e12_c3_a3_pos50_rep0,0,TODO4v2,directed_unsigned,0.5619571548186745,0.4444444444444445
grn_n6_e12_c3_a3_pos50,grn_n6_e12_c3_a3_pos50_rep0,0,TODO4v2,signed_directed,0.4673949476258558,0.3888888888888889
grn_n6_e12_c3_a3_pos50,grn_n6_e12_c3_a3_pos50_rep0,0,TODO4v2,undirected,0.7769973544973544,0.6
grn_n6_e12_c3_a3_pos50,grn_n6_e12_c3_a3_pos50_rep1,1,GENIE3,directed_unsigned,0.29977300677872404,0.13888888888888884
grn_n6_e12_c3_a3_pos50,grn_n6_e12_c3_a3_pos50_rep1,1,GENIE3,signed_directed,0.16960588837248544,0.05555555555555553
grn_n6_e12_c3_a3_pos50,grn_n6_e12_c3_a3_pos50_rep1,1,GENIE3,undirected,0.6947095034595034,0.6666666666666666
grn_n6_e12_c3_a3_pos50,grn_n6_e12_c3_a3_pos50_rep1,1,GRNBOOST2,directed_unsigned,0.4744634703100001,0.4166666666666667
grn_n6_e12_c3_a3_pos50,grn_n6_e12_c3_a3_pos50_rep1,1,GRNBOOST2,signed_directed,0.22452927284199972,0.2222222222222222
grn_n6_e12_c3_a3_pos50,grn_n6_e12_c3_a3_pos50_rep1,1,GRNBOOST2,undirected,0.7578385040885042,0.6333333333333333
grn_n6_e12_c3_a3_pos50,grn_n6_e12_c3_a3_pos50_rep1,1,PEARSON,directed_unsigned,0.4105717392175725,0.25
grn_n6_e12_c3_a3_pos50,grn_n6_e12_c3_a3_pos50_rep1,1,PEARSON,signed_directed,0.32705885935052603,0.25
grn_n6_e12_c3_a3_pos50,grn_n6_e12_c3_a3_pos50_rep1,1,PEARSON,undirected,0.7181727531727532,0.6
grn_n6_e12_c3_a3_pos50,grn_n6_e12_c3_a3_pos50_rep1,1,PIDC,directed_unsigned,0.3769404206904207,0.3333333333333333
grn_n6_e12_c3_a3_pos50,grn_n6_e12_c3_a3_pos50_rep1,1,PIDC,signed_directed,0.2277375402375402,0.2222222222222222
grn_n6_e12_c3_a3_pos50,grn_n6_e12_c3_a3_pos50_rep1,1,PIDC,undirected,0.6678581603581604,0.6
grn_n6_e12_c3_a3_pos50,grn_n6_e12_c3_a3_pos50_rep1,1,PPCOR,directed_unsigned,0.42038911070773816,0.25
grn_n6_e12_c3_a3_pos50,grn_n6_e12_c3_a3_pos50_rep1,1,PPCOR,signed_directed,0.3340305369104389,0.25
grn_n6_e12_c3_a3_pos50,grn_n6_e12_c3_a3_pos50_rep1,1,PPCOR,undirected,0.7248868723868723,0.6
grn_n6_e12_c3_a3_pos50,grn_n6_e12_c3_a3_pos50_rep1,1,SCODE,directed_unsigned,0.33528810224755756,0.3333333333333333
grn_n6_e12_c3_a3_pos50,grn_n6_e12_c3_a3_pos50_rep1,1,SCODE,signed_directed,0.18338903376128632,0.16666666666666666
grn_n6_e12_c3_a3_pos50,grn_n6_e12_c3_a3_pos50_rep1,1,SCODE,undirected,0.6098055648055648,0.6333333333333333
grn_n6_e12_c3_a3_pos50,grn_n6_e12_c3_a3_pos50_rep1,1,SCSGL,directed_unsigned,0.3923667767417767,0.25
grn_n6_e12_c3_a3_pos50,grn_n6_e12_c3_a3_pos50_rep1,1,SCSGL,signed_directed,0.29223172660672664,0.25
grn_n6_e12_c3_a3_pos50,grn_n6_e12_c3_a3_pos50_rep1,1,SCSGL,undirected,0.6918114755614755,0.6
grn_n6_e12_c3_a3_pos50,grn_n6_e12_c3_a3_pos50_rep1,1,TODO4v2,directed_unsigned,0.45064046878271086,0.25
grn_n6_e12_c3_a3_pos50,grn_n6_e12_c3_a3_pos50_rep1,1,TODO4v2,signed_directed,0.4304507962518405,0.25
grn_n6_e12_c3_a3_pos50,grn_n6_e12_c3_a3_pos50_rep1,1,TODO4v2,undirected,0.7313123913123913,0.6
grn_n6_e12_c3_a3_pos50,grn_n6_e12_c3_a3_pos50_rep2,2,GENIE3,directed_unsigned,0.32028906498182463,0.3611111111111111
grn_n6_e12_c3_a3_pos50,grn_n6_e12_c3_a3_pos50_rep2,2,GENIE3,signed_directed,0.16044159523742646,0.0833333333333333
grn_n6_e12_c3_a3_pos50,grn_n6_e12_c3_a3_pos50_rep2,2,GENIE3,undirected,0.7150689588189588,0.7333333333333334
grn_n6_e12_c3_a3_pos50,grn_n6_e12_c3_a3_pos50_rep2,2,GRNBOOST2,directed_unsigned,0.4398406984541199,0.4444444444444445
grn_n6_e12_c3_a3_pos50,grn_n6_e12_c3_a3_pos50_rep2,2,GRNBOOST2,signed_directed,0.32190849274182604,0.4444444444444445
grn_n6_e12_c3_a3_pos50,grn_n6_e12_c3_a3_pos50_rep2,2,GRNBOOST2,undirected,0.791004181004181,0.6666666666666666
grn_n6_e12_c3_a3_pos50,grn_n6_e12_c3_a3_pos50_rep2,2,PEARSON,directed_unsigned,0.4470245225453559,0.3888888888888889
grn_n6_e12_c3_a3_pos50,grn_n6_e12_c3_a3_pos50_rep2,2,PEARSON,signed_directed,0.32371733205066533,0.3333333333333333
grn_n6_e12_c3_a3_pos50,grn_n6_e12_c3_a3_pos50_rep2,2,PEARSON,undirected,0.7999873737373737,0.6999999999999998
grn_n6_e12_c3_a3_pos50,grn_n6_e12_c3_a3_pos50_rep2,2,PIDC,directed_unsigned,0.4352618060951395,0.3888888888888889
grn_n6_e12_c3_a3_pos50,grn_n6_e12_c3_a3_pos50_rep2,2,PIDC,signed_directed,0.32736692320025657,0.3333333333333333
grn_n6_e12_c3_a3_pos50,grn_n6_e12_c3_a3_pos50_rep2,2,PIDC,undirected,0.7849338161838162,0.6333333333333333
grn_n6_e12_c3_a3_pos50,grn_n6_e12_c3_a3_pos50_rep2,2,PPCOR,directed_unsigned,0.4482885312821907,0.3611111111111111
grn_n6_e12_c3_a3_pos50,grn_n6_e12_c3_a3_pos50_rep2,2,PPCOR,signed_directed,0.32711364638447965,0.3055555555555555
grn_n6_e12_c3_a3_pos50,grn_n6_e12_c3_a3_pos50_rep2,2,PPCOR,undirected,0.7970111832611831,0.6999999999999998
grn_n6_e12_c3_a3_pos50,grn_n6_e12_c3_a3_pos50_rep2,2,SCODE,directed_unsigned,0.35940747590922656,0.3333333333333333
grn_n6_e12_c3_a3_pos50,grn_n6_e12_c3_a3_pos50_rep2,2,SCODE,signed_directed,0.20552031287245476,0.19444444444444442
grn_n6_e12_c3_a3_pos50,grn_n6_e12_c3_a3_pos50_rep2,2,SCODE,undirected,0.5373065823065822,0.5666666666666667
grn_n6_e12_c3_a3_pos50,grn_n6_e12_c3_a3_pos50_rep2,2,SCSGL,directed_unsigned,0.44078966943550285,0.4444444444444445
grn_n6_e12_c3_a3_pos50,grn_n6_e12_c3_a3_pos50_rep2,2,SCSGL,signed_directed,0.3898279382654383,0.4444444444444445
grn_n6_e12_c3_a3_pos50,grn_n6_e12_c3_a3_pos50_rep2,2,SCSGL,undirected,0.7898248973248974,0.7000000000000001
grn_n6_e12_c3_a3_pos50,grn_n6_e12_c3_a3_pos50_rep2,2,TODO4v2,directed_unsigned,0.5660820644349752,0.47222222222222227
grn_n6_e12_c3_a3_pos50,grn_n6_e12_c3_a3_pos50_rep2,2,TODO4v2,signed_directed,0.43113039289808436,0.4166666666666667
grn_n6_e12_c3_a3_pos50,grn_n6_e12_c3_a3_pos50_rep2,2,TODO4v2,undirected,0.8240652865652865,0.7333333333333334
grn_n6_e12_c4_a0_pos50,grn_n6_e12_c4_a0_pos50_rep0,0,GENIE3,directed_unsigned,0.6266130404145559,0.5555555555555556
grn_n6_e12_c4_a0_pos50,grn_n6_e12_c4_a0_pos50_rep0,0,GENIE3,signed_directed,0.28453422919002624,0.3055555555555555
grn_n6_e12_c4_a0_pos50,grn_n6_e12_c4_a0_pos50_rep0,0,GENIE3,undirected,0.8867308617308618,0.7666666666666666
grn_n6_e12_c4_a0_pos50,grn_n6_e12_c4_a0_pos50_rep0,0,GRNBOOST2,directed_unsigned,0.5148380367573974,0.4166666666666667
grn_n6_e12_c4_a0_pos50,grn_n6_e12_c4_a0_pos50_rep0,0,GRNBOOST2,signed_directed,0.3827544296896477,0.27777777777777773
grn_n6_e12_c4_a0_pos50,grn_n6_e12_c4_a0_pos50_rep0,0,GRNBOOST2,undirected,0.6878093665593665,0.6999999999999998
grn_n6_e12_c4_a0_pos50,grn_n6_e12_c4_a0_pos50_rep0,0,PEARSON,directed_unsigned,0.5086584133459133,0.4166666666666667
grn_n6_e12_c4_a0_pos50,grn_n6_e12_c4_a0_pos50_rep0,0,PEARSON,signed_directed,0.40110955788039115,0.3055555555555555
grn_n6_e12_c4_a0_pos50,grn_n6_e12_c4_a0_pos50_rep0,0,PEARSON,undirected,0.6381532819032819,0.6666666666666666
grn_n6_e12_c4_a0_pos50,grn_n6_e12_c4_a0_pos50_rep0,0,PIDC,directed_unsigned,0.5396009661634662,0.4444444444444444
grn_n6_e12_c4_a0_pos50,grn_n6_e12_c4_a0_pos50_rep0,0,PIDC,signed_directed,0.3825549257840925,0.27777777777777773
grn_n6_e12_c4_a0_pos50,grn_n6_e12_c4_a0_pos50_rep0,0,PIDC,undirected,0.6637167924667925,0.6666666666666666
grn_n6_e12_c4_a0_pos50,grn_n6_e12_c4_a0_pos50_rep0,0,PPCOR,directed_unsigned,0.49048478527645195,0.3611111111111111
grn_n6_e12_c4_a0_pos50,grn_n6_e12_c4_a0_pos50_rep0,0,PPCOR,signed_directed,0.3958147176897176,0.27777777777777773
grn_n6_e12_c4_a0_pos50,grn_n6_e12_c4_a0_pos50_rep0,0,PPCOR,undirected,0.6222572335072335,0.6666666666666666
grn_n6_e12_c4_a0_pos50,grn_n6_e12_c4_a0_pos50_rep0,0,SCODE,directed_unsigned,0.5690072438408028,0.5
grn_n6_e12_c4_a0_pos50,grn_n6_e12_c4_a0_pos50_rep0,0,SCODE,signed_directed,0.2925051886468793,0.24999999999999997
grn_n6_e12_c4_a0_pos50,grn_n6_e12_c4_a0_pos50_rep0,0,SCODE,undirected,0.7900006012506012,0.6999999999999998
grn_n6_e12_c4_a0_pos50,grn_n6_e12_c4_a0_pos50_rep0,0,SCSGL,directed_unsigned,0.46751258001257995,0.27777777777777773
grn_n6_e12_c4_a0_pos50,grn_n6_e12_c4_a0_pos50_rep0,0,SCSGL,signed_directed,0.41046962296962297,0.27777777777777773
grn_n6_e12_c4_a0_pos50,grn_n6_e12_c4_a0_pos50_rep0,0,SCSGL,undirected,0.5918026418026417,0.5666666666666667
grn_n6_e12_c4_a0_pos50,grn_n6_e12_c4_a0_pos50_rep0,0,TODO4v2,directed_unsigned,0.5038251940134343,0.5277777777777778
grn_n6_e12_c4_a0_pos50,grn_n6_e12_c4_a0_pos50_rep0,0,TODO4v2,signed_directed,0.4220073057072407,0.47222222222222227
grn_n6_e12_c4_a0_pos50,grn_n6_e12_c4_a0_pos50_rep0,0,TODO4v2,undirected,0.6290867003367002,0.6666666666666666
grn_n6_e12_c4_a0_pos50,grn_n6_e12_c4_a0_pos50_rep1,1,GENIE3,directed_unsigned,0.3619107369017032,0.3611111111111111
grn_n6_e12_c4_a0_pos50,grn_n6_e12_c4_a0_pos50_rep1,1,GENIE3,signed_directed,0.2122458648898952,0.27777777777777773
grn_n6_e12_c4_a0_pos50,grn_n6_e12_c4_a0_pos50_rep1,1,GENIE3,undirected,0.7897871675649455,0.5925925925925926
grn_n6_e12_c4_a0_pos50,grn_n6_e12_c4_a0_pos50_rep1,1,GRNBOOST2,directed_unsigned,0.4844697816045201,0.5277777777777778
grn_n6_e12_c4_a0_pos50,grn_n6_e12_c4_a0_pos50_rep1,1,GRNBOOST2,signed_directed,0.24481725790780692,0.25
grn_n6_e12_c4_a0_pos50,grn_n6_e12_c4_a0_pos50_rep1,1,GRNBOOST2,undirected,0.6756227825672271,0.5925925925925926
grn_n6_e12_c4_a0_pos50,grn_n6_e12_c4_a0_pos50_rep1,1,PEARSON,directed_unsigned,0.4468244718244718,0.4444444444444445
grn_n6_e12_c4_a0_pos50,grn_n6_e12_c4_a0_pos50_rep1,1,PEARSON,signed_directed,0.3904099372849372,0.38888888888888884
grn_n6_e12_c4_a0_pos50,grn_n6_e12_c4_a0_pos50_rep1,1,PEARSON,undirected,0.6372886372886373,0.6666666666666666
grn_n6_e12_c4_a0_pos50,grn_n6_e12_c4_a0_pos50_rep1,1,PIDC,directed_unsigned,0.5401493953577287,0.4444444444444444
grn_n6_e12_c4_a0_pos50,grn_n6_e12_c4_a0_pos50_rep1,1,PIDC,signed_directed,0.33935451122951116,0.3333333333333333
grn_n6_e12_c4_a0_pos50,grn_n6_e12_c4_a0_pos50_rep1,1,PIDC,undirected,0.7660906994240327,0.6666666666666666
grn_n6_e12_c4_a0_pos50,grn_n6_e12_c4_a0_pos50_rep1,1,PPCOR,directed_unsigned,0.5213838437796772,0.5
grn_n6_e12_c4_a0_pos50,grn_n6_e12_c4_a0_pos50_rep1,1,PPCOR,signed_directed,0.43863196988196984,0.4444444444444445
grn_n6_e12_c4_a0_pos50,grn_n6_e12_c4_a0_pos50_rep1,1,PPCOR,undirected,0.7332344096232984,0.6296296296296297
grn_n6_e12_c4_a0_pos50,grn_n6_e12_c4_a0_pos50_rep1,1,SCODE,directed_unsigned,0.3207049252862462,0.3333333333333333
grn_n6_e12_c4_a0_pos50,grn_n6_e12_c4_a0_pos50_rep1,1,SCODE,signed_directed,0.17513420470885233,0.1111111111111111
grn_n6_e12_c4_a0_pos50,grn_n6_e12_c4_a0_pos50_rep1,1,SCODE,undirected,0.7244393466615687,0.6296296296296297
grn_n6_e12_c4_a0_pos50,grn_n6_e12_c4_a0_pos50_rep1,1,SCSGL,directed_unsigned,0.3931156998865332,0.3333333333333333
grn_n6_e12_c4_a0_pos50,grn_n6_e12_c4_a0_pos50_rep1,1,SCSGL,signed_directed,0.35729465364882024,0.3333333333333333
grn_n6_e12_c4_a0_pos50,grn_n6_e12_c4_a0_pos50_rep1,1,SCSGL,undirected,0.6346433915878361,0.4444444444444444
grn_n6_e12_c4_a0_pos50,grn_n6_e12_c4_a0_pos50_rep1,1,TODO4v2,directed_unsigned,0.554040041820554,0.5277777777777778
grn_n6_e12_c4_a0_pos50,grn_n6_e12_c4_a0_pos50_rep1,1,TODO4v2,signed_directed,0.5512622640427762,0.5277777777777778
grn_n6_e12_c4_a0_pos50,grn_n6_e12_c4_a0_pos50_rep1,1,TODO4v2,undirected,0.7316629358296026,0.6666666666666666
grn_n6_e12_c4_a0_pos50,grn_n6_e12_c4_a0_pos50_rep2,2,GENIE3,directed_unsigned,0.2996868047518565,0.27777777777777773
grn_n6_e12_c4_a0_pos50,grn_n6_e12_c4_a0_pos50_rep2,2,GENIE3,signed_directed,0.16260514557797492,0.027777777777777766
grn_n6_e12_c4_a0_pos50,grn_n6_e12_c4_a0_pos50_rep2,2,GENIE3,undirected,0.6361242923742924,0.6999999999999998
grn_n6_e12_c4_a0_pos50,grn_n6_e12_c4_a0_pos50_rep2,2,GRNBOOST2,directed_unsigned,0.3086082711481833,0.25
grn_n6_e12_c4_a0_pos50,grn_n6_e12_c4_a0_pos50_rep2,2,GRNBOOST2,signed_directed,0.18267065737158442,0.13888888888888884
grn_n6_e12_c4_a0_pos50,grn_n6_e12_c4_a0_pos50_rep2,2,GRNBOOST2,undirected,0.5859480796980797,0.6333333333333333
grn_n6_e12_c4_a0_pos50,grn_n6_e12_c4_a0_pos50_rep2,2,PEARSON,directed_unsigned,0.35547841433258104,0.4166666666666667
grn_n6_e12_c4_a0_pos50,grn_n6_e12_c4_a0_pos50_rep2,2,PEARSON,signed_directed,0.2006276131276131,0.1666666666666666
grn_n6_e12_c4_a0_pos50,grn_n6_e12_c4_a0_pos50_rep2,2,PEARSON,undirected,0.6017352092352092,0.7333333333333334
grn_n6_e12_c4_a0_pos50,grn_n6_e12_c4_a0_pos50_rep2,2,PIDC,directed_unsigned,0.37248424800508134,0.3333333333333333
grn_n6_e12_c4_a0_pos50,grn_n6_e12_c4_a0_pos50_rep2,2,PIDC,signed_directed,0.17901544828628158,0.13888888888888884
grn_n6_e12_c4_a0_pos50,grn_n6_e12_c4_a0_pos50_rep2,2,PIDC,undirected,0.6460044585044584,0.6666666666666666
grn_n6_e12_c4_a0_pos50,grn_n6_e12_c4_a0_pos50_rep2,2,PPCOR,directed_unsigned,0.3315864883573217,0.3333333333333333
grn_n6_e12_c4_a0_pos50,grn_n6_e12_c4_a0_pos50_rep2,2,PPCOR,signed_directed,0.19813388771722104,0.1666666666666666
grn_n6_e12_c4_a0_pos50,grn_n6_e12_c4_a0_pos50_rep2,2,PPCOR,undirected,0.588029008029008,0.7000000000000001
grn_n6_e12_c4_a0_pos50,grn_n6_e12_c4_a0_pos50_rep2,2,SCODE,directed_unsigned,0.33518114193223925,0.3055555555555555
grn_n6_e12_c4_a0_pos50,grn_n6_e12_c4_a0_pos50_rep2,2,SCODE,signed_directed,0.16893091955821116,0.11111111111111106
grn_n6_e12_c4_a0_pos50,grn_n6_e12_c4_a0_pos50_rep2,2,SCODE,undirected,0.5958096533096534,0.6333333333333333
grn_n6_e12_c4_a0_pos50,grn_n6_e12_c4_a0_pos50_rep2,2,SCSGL,directed_unsigned,0.3140912135703802,0.27777777777777773
grn_n6_e12_c4_a0_pos50,grn_n6_e12_c4_a0_pos50_rep2,2,SCSGL,signed_directed,0.18945604935188265,0.1666666666666666
grn_n6_e12_c4_a0_pos50,grn_n6_e12_c4_a0_pos50_rep2,2,SCSGL,undirected,0.5525293687793688,0.6
grn_n6_e12_c4_a0_pos50,grn_n6_e12_c4_a0_pos50_rep2,2,TODO4v2,directed_unsigned,0.37424027838259893,0.4444444444444445
grn_n6_e12_c4_a0_pos50,grn_n6_e12_c4_a0_pos50_rep2,2,TODO4v2,signed_directed,0.2804818661640048,0.4166666666666667
grn_n6_e12_c4_a0_pos50,grn_n6_e12_c4_a0_pos50_rep2,2,TODO4v2,undirected,0.5994834332334332,0.6999999999999998
grn_n6_e12_c4_a3_pos50,grn_n6_e12_c4_a3_pos50_rep0,0,GENIE3,directed_unsigned,0.35949074321307056,0.3611111111111111
grn_n6_e12_c4_a3_pos50,grn_n6_e12_c4_a3_pos50_rep0,0,GENIE3,signed_directed,0.1728167312423533,0.05555555555555553
grn_n6_e12_c4_a3_pos50,grn_n6_e12_c4_a3_pos50_rep0,0,GENIE3,undirected,0.6812218925855289,0.7272727272727272
grn_n6_e12_c4_a3_pos50,grn_n6_e12_c4_a3_pos50_rep0,0,GRNBOOST2,directed_unsigned,0.4398604072221688,0.47222222222222227
grn_n6_e12_c4_a3_pos50,grn_n6_e12_c4_a3_pos50_rep0,0,GRNBOOST2,signed_directed,0.29656447218201265,0.3333333333333333
grn_n6_e12_c4_a3_pos50,grn_n6_e12_c4_a3_pos50_rep0,0,GRNBOOST2,undirected,0.7502003888367524,0.6666666666666666
grn_n6_e12_c4_a3_pos50,grn_n6_e12_c4_a3_pos50_rep0,0,PEARSON,directed_unsigned,0.37585287012370344,0.3888888888888889
grn_n6_e12_c4_a3_pos50,grn_n6_e12_c4_a3_pos50_rep0,0,PEARSON,signed_directed,0.25335773408690077,0.3055555555555555
grn_n6_e12_c4_a3_pos50,grn_n6_e12_c4_a3_pos50_rep0,0,PEARSON,undirected,0.6948735607826516,0.7272727272727272
grn_n6_e12_c4_a3_pos50,grn_n6_e12_c4_a3_pos50_rep0,0,PIDC,directed_unsigned,0.3634460832377499,0.3333333333333333
grn_n6_e12_c4_a3_pos50,grn_n6_e12_c4_a3_pos50_rep0,0,PIDC,signed_directed,0.24229643812977145,0.2222222222222222
grn_n6_e12_c4_a3_pos50,grn_n6_e12_c4_a3_pos50_rep0,0,PIDC,undirected,0.6579403761221942,0.6969696969696969
grn_n6_e12_c4_a3_pos50,grn_n6_e12_c4_a3_pos50_rep0,0,PPCOR,directed_unsigned,0.3967275587067254,0.3888888888888889
grn_n6_e12_c4_a3_pos50,grn_n6_e12_c4_a3_pos50_rep0,0,PPCOR,signed_directed,0.2885779536821203,0.3333333333333333
grn_n6_e12_c4_a3_pos50,grn_n6_e12_c4_a3_pos50_rep0,0,PPCOR,undirected,0.724448951721679,0.7575757575757577
grn_n6_e12_c4_a3_pos50,grn_n6_e12_c4_a3_pos50_rep0,0,SCODE,directed_unsigned,0.5222048177146924,0.4444444444444445
grn_n6_e12_c4_a3_pos50,grn_n6_e12_c4_a3_pos50_rep0,0,SCODE,signed_directed,0.24595285851086132,0.27777777777777773
grn_n6_e12_c4_a3_pos50,grn_n6_e12_c4_a3_pos50_rep0,0,SCODE,undirected,0.8064747542020269,0.7272727272727272
grn_n6_e12_c4_a3_pos50,grn_n6_e12_c4_a3_pos50_rep0,0,SCSGL,directed_unsigned,0.4246389991181658,0.4166666666666667
grn_n6_e12_c4_a3_pos50,grn_n6_e12_c4_a3_pos50_rep0,0,SCSGL,signed_directed,0.3464871933621933,0.3611111111111111
grn_n6_e12_c4_a3_pos50,grn_n6_e12_c4_a3_pos50_rep0,0,SCSGL,undirected,0.7639184048274957,0.7272727272727272
grn_n6_e12_c4_a3_pos50,grn_n6_e12_c4_a3_pos50_rep0,0,TODO4v2,directed_unsigned,0.5997467689696685,0.5277777777777778
grn_n6_e12_c4_a3_pos50,grn_n6_e12_c4_a3_pos50_rep0,0,TODO4v2,signed_directed,0.4582842669914924,0.4444444444444445
grn_n6_e12_c4_a3_pos50,grn_n6_e12_c4_a3_pos50_rep0,0,TODO4v2,undirected,0.8268550052640963,0.7272727272727272
grn_n6_e12_c4_a3_pos50,grn_n6_e12_c4_a3_pos50_rep1,1,GENIE3,directed_unsigned,0.4991732438852193,0.3333333333333333
grn_n6_e12_c4_a3_pos50,grn_n6_e12_c4_a3_pos50_rep1,1,GENIE3,signed_directed,0.19318235578646634,0.1666666666666666
grn_n6_e12_c4_a3_pos50,grn_n6_e12_c4_a3_pos50_rep1,1,GENIE3,undirected,0.8124254533345443,0.6363636363636364
grn_n6_e12_c4_a3_pos50,grn_n6_e12_c4_a3_pos50_rep1,1,GRNBOOST2,directed_unsigned,0.6537985948973436,0.47222222222222227
grn_n6_e12_c4_a3_pos50,grn_n6_e12_c4_a3_pos50_rep1,1,GRNBOOST2,signed_directed,0.24296629141507875,0.19444444444444442
grn_n6_e12_c4_a3_pos50,grn_n6_e12_c4_a3_pos50_rep1,1,GRNBOOST2,undirected,0.7830833308106037,0.6969696969696969
grn_n6_e12_c4_a3_pos50,grn_n6_e12_c4_a3_pos50_rep1,1,PEARSON,directed_unsigned,0.5978220853220854,0.5
grn_n6_e12_c4_a3_pos50,grn_n6_e12_c4_a3_pos50_rep1,1,PEARSON,signed_directed,0.4018761909386909,0.4166666666666667
grn_n6_e12_c4_a3_pos50,grn_n6_e12_c4_a3_pos50_rep1,1,PEARSON,undirected,0.829372521417976,0.6363636363636364
grn_n6_e12_c4_a3_pos50,grn_n6_e12_c4_a3_pos50_rep1,1,PIDC,directed_unsigned,0.6325593002676336,0.5833333333333334
grn_n6_e12_c4_a3_pos50,grn_n6_e12_c4_a3_pos50_rep1,1,PIDC,signed_directed,0.22499071144904473,0.11111111111111106
grn_n6_e12_c4_a3_pos50,grn_n6_e12_c4_a3_pos50_rep1,1,PIDC,undirected,0.8945548979639889,0.7272727272727272
grn_n6_e12_c4_a3_pos50,grn_n6_e12_c4_a3_pos50_rep1,1,PPCOR,directed_unsigned,0.5971504394298511,0.5
grn_n6_e12_c4_a3_pos50,grn_n6_e12_c4_a3_pos50_rep1,1,PPCOR,signed_directed,0.3968253922910785,0.4166666666666667
grn_n6_e12_c4_a3_pos50,grn_n6_e12_c4_a3_pos50_rep1,1,PPCOR,undirected,0.8279255256527985,0.7272727272727272
grn_n6_e12_c4_a3_pos50,grn_n6_e12_c4_a3_pos50_rep1,1,SCODE,directed_unsigned,0.3489083853786464,0.19444444444444442
grn_n6_e12_c4_a3_pos50,grn_n6_e12_c4_a3_pos50_rep1,1,SCODE,signed_directed,0.17927908342648902,0.05555555555555553
grn_n6_e12_c4_a3_pos50,grn_n6_e12_c4_a3_pos50_rep1,1,SCODE,undirected,0.7283700726882545,0.6363636363636364
grn_n6_e12_c4_a3_pos50,grn_n6_e12_c4_a3_pos50_rep1,1,SCSGL,directed_unsigned,0.6034243919660587,0.5
grn_n6_e12_c4_a3_pos50,grn_n6_e12_c4_a3_pos50_rep1,1,SCSGL,signed_directed,0.4030409983534984,0.4166666666666667
grn_n6_e12_c4_a3_pos50,grn_n6_e12_c4_a3_pos50_rep1,1,SCSGL,undirected,0.8402369095550913,0.6969696969696969
grn_n6_e12_c4_a3_pos50,grn_n6_e12_c4_a3_pos50_rep1,1,TODO4v2,directed_unsigned,0.6405366214937486,0.5277777777777778
grn_n6_e12_c4_a3_pos50,grn_n6_e12_c4_a3_pos50_rep1,1,TODO4v2,signed_directed,0.45337493752220487,0.4444444444444445
grn_n6_e12_c4_a3_pos50,grn_n6_e12_c4_a3_pos50_rep1,1,TODO4v2,undirected,0.8421236591691138,0.6969696969696969
grn_n6_e12_c4_a3_pos50,grn_n6_e12_c4_a3_pos50_rep2,2,GENIE3,directed_unsigned,0.3539120958951214,0.3055555555555555
grn_n6_e12_c4_a3_pos50,grn_n6_e12_c4_a3_pos50_rep2,2,GENIE3,signed_directed,0.1599104990986623,0.0
grn_n6_e12_c4_a3_pos50,grn_n6_e12_c4_a3_pos50_rep2,2,GENIE3,undirected,0.6346929585565949,0.7272727272727272
grn_n6_e12_c4_a3_pos50,grn_n6_e12_c4_a3_pos50_rep2,2,GRNBOOST2,directed_unsigned,0.6964817813894536,0.6388888888888888
grn_n6_e12_c4_a3_pos50,grn_n6_e12_c4_a3_pos50_rep2,2,GRNBOOST2,signed_directed,0.3628732764149431,0.47222222222222227
grn_n6_e12_c4_a3_pos50,grn_n6_e12_c4_a3_pos50_rep2,2,GRNBOOST2,undirected,0.8103576978576977,0.7272727272727272
grn_n6_e12_c4_a3_pos50,grn_n6_e12_c4_a3_pos50_rep2,2,PEARSON,directed_unsigned,0.6347794566544566,0.5833333333333334
grn_n6_e12_c4_a3_pos50,grn_n6_e12_c4_a3_pos50_rep2,2,PEARSON,signed_directed,0.3419808201058201,0.3611111111111111
grn_n6_e12_c4_a3_pos50,grn_n6_e12_c4_a3_pos50_rep2,2,PEARSON,undirected,0.8988317238317238,0.7272727272727272
grn_n6_e12_c4_a3_pos50,grn_n6_e12_c4_a3_pos50_rep2,2,PIDC,directed_unsigned,0.46594690032190034,0.5
grn_n6_e12_c4_a3_pos50,grn_n6_e12_c4_a3_pos50_rep2,2,PIDC,signed_directed,0.2528439153439153,0.3333333333333333
grn_n6_e12_c4_a3_pos50,grn_n6_e12_c4_a3_pos50_rep2,2,PIDC,undirected,0.72327478918388,0.7272727272727272
grn_n6_e12_c4_a3_pos50,grn_n6_e12_c4_a3_pos50_rep2,2,PPCOR,directed_unsigned,0.6196552097593764,0.5277777777777778
grn_n6_e12_c4_a3_pos50,grn_n6_e12_c4_a3_pos50_rep2,2,PPCOR,signed_directed,0.3450150929317595,0.3611111111111111
grn_n6_e12_c4_a3_pos50,grn_n6_e12_c4_a3_pos50_rep2,2,PPCOR,undirected,0.8717888172433628,0.7272727272727272
grn_n6_e12_c4_a3_pos50,grn_n6_e12_c4_a3_pos50_rep2,2,SCODE,directed_unsigned,0.420574178002515,0.4444444444444445
grn_n6_e12_c4_a3_pos50,grn_n6_e12_c4_a3_pos50_rep2,2,SCODE,signed_directed,0.2023523121913674,0.24999999999999997
grn_n6_e12_c4_a3_pos50,grn_n6_e12_c4_a3_pos50_rep2,2,SCODE,undirected,0.7609010938556393,0.6969696969696969
grn_n6_e12_c4_a3_pos50,grn_n6_e12_c4_a3_pos50_rep2,2,SCSGL,directed_unsigned,0.6200427466052466,0.5277777777777778
grn_n6_e12_c4_a3_pos50,grn_n6_e12_c4_a3_pos50_rep2,2,SCSGL,signed_directed,0.387911548328215,0.4166666666666667
grn_n6_e12_c4_a3_pos50,grn_n6_e12_c4_a3_pos50_rep2,2,SCSGL,undirected,0.8729701275155822,0.7575757575757577
grn_n6_e12_c4_a3_pos50,grn_n6_e12_c4_a3_pos50_rep2,2,TODO4v2,directed_unsigned,0.6899671410397269,0.5555555555555556
grn_n6_e12_c4_a3_pos50,grn_n6_e12_c4_a3_pos50_rep2,2,TODO4v2,signed_directed,0.3993921827369147,0.3888888888888889
grn_n6_e12_c4_a3_pos50,grn_n6_e12_c4_a3_pos50_rep2,2,TODO4v2,undirected,0.9019281644281644,0.7272727272727272
grn_n6_e6_c3_a0_pos50,grn_n6_e6_c3_a0_pos50_rep0,0,GENIE3,directed_unsigned,0.1566438833870907,0.11111111111111106
grn_n6_e6_c3_a0_pos50,grn_n6_e6_c3_a0_pos50_rep0,0,GENIE3,signed_directed,0.08969119826035664,0.11111111111111106
grn_n6_e6_c3_a0_pos50,grn_n6_e6_c3_a0_pos50_rep0,0,GENIE3,undirected,0.3025302629469296,0.27777777777777773
grn_n6_e6_c3_a0_pos50,grn_n6_e6_c3_a0_pos50_rep0,0,GRNBOOST2,directed_unsigned,0.27857134854468873,0.38888888888888884
grn_n6_e6_c3_a0_pos50,grn_n6_e6_c3_a0_pos50_rep0,0,GRNBOOST2,signed_directed,0.10803318477252079,0.1666666666666666
grn_n6_e6_c3_a0_pos50,grn_n6_e6_c3_a0_pos50_rep0,0,GRNBOOST2,undirected,0.5710758377425044,0.7222222222222222
grn_n6_e6_c3_a0_pos50,grn_n6_e6_c3_a0_pos50_rep0,0,PEARSON,directed_unsigned,0.2770422478755812,0.3333333333333333
grn_n6_e6_c3_a0_pos50,grn_n6_e6_c3_a0_pos50_rep0,0,PEARSON,signed_directed,0.2770422478755812,0.3333333333333333
grn_n6_e6_c3_a0_pos50,grn_n6_e6_c3_a0_pos50_rep0,0,PEARSON,undirected,0.5540844957511624,0.611111111111111
grn_n6_e6_c3_a0_pos50,grn_n6_e6_c3_a0_pos50_rep0,0,PIDC,directed_unsigned,0.2842487373737373,0.3333333333333333
grn_n6_e6_c3_a0_pos50,grn_n6_e6_c3_a0_pos50_rep0,0,PIDC,signed_directed,0.13379629629629627,0.1666666666666666
grn_n6_e6_c3_a0_pos50,grn_n6_e6_c3_a0_pos50_rep0,0,PIDC,undirected,0.5684974747474747,0.7222222222222222
grn_n6_e6_c3_a0_pos50,grn_n6_e6_c3_a0_pos50_rep0,0,PPCOR,directed_unsigned,0.3039657487574154,0.3333333333333333
grn_n6_e6_c3_a0_pos50,grn_n6_e6_c3_a0_pos50_rep0,0,PPCOR,signed_directed,0.3039657487574154,0.3333333333333333
grn_n6_e6_c3_a0_pos50,grn_n6_e6_c3_a0_pos50_rep0,0,PPCOR,undirected,0.6033018678852011,0.7222222222222222
grn_n6_e6_c3_a0_pos50,grn_n6_e6_c3_a0_pos50_rep0,0,SCODE,directed_unsigned,0.2329031398646407,0.27777777777777773
grn_n6_e6_c3_a0_pos50,grn_n6_e6_c3_a0_pos50_rep0,0,SCODE,signed_directed,0.0993817873027165,0.05555555555555553
grn_n6_e6_c3_a0_pos50,grn_n6_e6_c3_a0_pos50_rep0,0,SCODE,undirected,0.465642382309049,0.3333333333333333
grn_n6_e6_c3_a0_pos50,grn_n6_e6_c3_a0_pos50_rep0,0,SCSGL,directed_unsigned,0.24052957073790404,0.3333333333333333
grn_n6_e6_c3_a0_pos50,grn_n6_e6_c3_a0_pos50_rep0,0,SCSGL,signed_directed,0.24052957073790404,0.3333333333333333
grn_n6_e6_c3_a0_pos50,grn_n6_e6_c3_a0_pos50_rep0,0,SCSGL,undirected,0.4810591414758081,0.5555555555555555
grn_n6_e6_c3_a0_pos50,grn_n6_e6_c3_a0_pos50_rep0,0,TODO4v2,directed_unsigned,0.40637922126892717,0.5555555555555555
grn_n6_e6_c3_a0_pos50,grn_n6_e6_c3_a0_pos50_rep0,0,TODO4v2,signed_directed,0.40637922126892717,0.5555555555555555
grn_n6_e6_c3_a0_pos50,grn_n6_e6_c3_a0_pos50_rep0,0,TODO4v2,undirected,0.6228505291005291,0.7777777777777778
grn_n6_e6_c3_a0_pos50,grn_n6_e6_c3_a0_pos50_rep1,1,GENIE3,directed_unsigned,0.29917077200714787,0.1666666666666666
grn_n6_e6_c3_a0_pos50,grn_n6_e6_c3_a0_pos50_rep1,1,GENIE3,signed_directed,0.2519316943949297,0.1666666666666666
grn_n6_e6_c3_a0_pos50,grn_n6_e6_c3_a0_pos50_rep1,1,GENIE3,undirected,0.572033522033522,0.5
grn_n6_e6_c3_a0_pos50,grn_n6_e6_c3_a0_pos50_rep1,1,GRNBOOST2,directed_unsigned,0.3283818982455519,0.3333333333333333
grn_n6_e6_c3_a0_pos50,grn_n6_e6_c3_a0_pos50_rep1,1,GRNBOOST2,signed_directed,0.2219537009096505,0.22222222222222218
grn_n6_e6_c3_a0_pos50,grn_n6_e6_c3_a0_pos50_rep1,1,GRNBOOST2,undirected,0.5247829331162664,0.5
grn_n6_e6_c3_a0_pos50,grn_n6_e6_c3_a0_pos50_rep1,1,PEARSON,directed_unsigned,0.32984029859029856,0.3333333333333333
grn_n6_e6_c3_a0_pos50,grn_n6_e6_c3_a0_pos50_rep1,1,PEARSON,signed_directed,0.32984029859029856,0.3333333333333333
grn_n6_e6_c3_a0_pos50,grn_n6_e6_c3_a0_pos50_rep1,1,PEARSON,undirected,0.5763472638472639,0.3333333333333333
grn_n6_e6_c3_a0_pos50,grn_n6_e6_c3_a0_pos50_rep1,1,PIDC,directed_unsigned,0.3049270559687226,0.22222222222222218
grn_n6_e6_c3_a0_pos50,grn_n6_e6_c3_a0_pos50_rep1,1,PIDC,signed_directed,0.24469643011309672,0.22222222222222218
grn_n6_e6_c3_a0_pos50,grn_n6_e6_c3_a0_pos50_rep1,1,PIDC,undirected,0.5265207786041118,0.3333333333333333
grn_n6_e6_c3_a0_pos50,grn_n6_e6_c3_a0_pos50_rep1,1,PPCOR,directed_unsigned,0.34185841165007824,0.3333333333333333
grn_n6_e6_c3_a0_pos50,grn_n6_e6_c3_a0_pos50_rep1,1,PPCOR,signed_directed,0.34185841165007824,0.3333333333333333
grn_n6_e6_c3_a0_pos50,grn_n6_e6_c3_a0_pos50_rep1,1,PPCOR,undirected,0.6003834899668232,0.3333333333333333
grn_n6_e6_c3_a0_pos50,grn_n6_e6_c3_a0_pos50_rep1,1,SCODE,directed_unsigned,0.16906069315133165,0.22222222222222218
grn_n6_e6_c3_a0_pos50,grn_n6_e6_c3_a0_pos50_rep1,1,SCODE,signed_directed,0.09179372074424542,0.11111111111111106
grn_n6_e6_c3_a0_pos50,grn_n6_e6_c3_a0_pos50_rep1,1,SCODE,undirected,0.3822688885188885,0.3333333333333333
grn_n6_e6_c3_a0_pos50,grn_n6_e6_c3_a0_pos50_rep1,1,SCSGL,directed_unsigned,0.15038480038480032,0.05555555555555553
grn_n6_e6_c3_a0_pos50,grn_n6_e6_c3_a0_pos50_rep1,1,SCSGL,signed_directed,0.12581168831168826,0.05555555555555553
grn_n6_e6_c3_a0_pos50,grn_n6_e6_c3_a0_pos50_rep1,1,SCSGL,undirected,0.30076960076960074,0.3333333333333333
grn_n6_e6_c3_a0_pos50,grn_n6_e6_c3_a0_pos50_rep1,1,TODO4v2,directed_unsigned,0.39193154271212666,0.3333333333333333
grn_n6_e6_c3_a0_pos50,grn_n6_e6_c3_a0_pos50_rep1,1,TODO4v2,signed_directed,0.39193154271212666,0.3333333333333333
grn_n6_e6_c3_a0_pos50,grn_n6_e6_c3_a0_pos50_rep1,1,TODO4v2,undirected,0.5771371375538042,0.3333333333333333
grn_n6_e6_c3_a0_pos50,grn_n6_e6_c3_a0_pos50_rep2,2,GENIE3,directed_unsigned,0.1969187345730324,0.27777777777777773
grn_n6_e6_c3_a0_pos50,grn_n6_e6_c3_a0_pos50_rep2,2,GENIE3,signed_directed,0.14063779618127445,0.27777777777777773
grn_n6_e6_c3_a0_pos50,grn_n6_e6_c3_a0_pos50_rep2,2,GENIE3,undirected,0.4142443204943205,0.3333333333333333
grn_n6_e6_c3_a0_pos50,grn_n6_e6_c3_a0_pos50_rep2,2,GRNBOOST2,directed_unsigned,0.23050848053315856,0.3333333333333333
grn_n6_e6_c3_a0_pos50,grn_n6_e6_c3_a0_pos50_rep2,2,GRNBOOST2,signed_directed,0.11554667551139708,0.16666666666666663
grn_n6_e6_c3_a0_pos50,grn_n6_e6_c3_a0_pos50_rep2,2,GRNBOOST2,undirected,0.5004417650250983,0.611111111111111
grn_n6_e6_c3_a0_pos50,grn_n6_e6_c3_a0_pos50_rep2,2,PEARSON,directed_unsigned,0.2376805678889012,0.22222222222222218
grn_n6_e6_c3_a0_pos50,grn_n6_e6_c3_a0_pos50_rep2,2,PEARSON,signed_directed,0.2376805678889012,0.22222222222222218
grn_n6_e6_c3_a0_pos50,grn_n6_e6_c3_a0_pos50_rep2,2,PEARSON,undirected,0.4753611357778024,0.5555555555555555
grn_n6_e6_c3_a0_pos50,grn_n6_e6_c3_a0_pos50_rep2,2,PIDC,directed_unsigned,0.21748829873829875,0.1666666666666666
grn_n6_e6_c3_a0_pos50,grn_n6_e6_c3_a0_pos50_rep2,2,PIDC,signed_directed,0.10847111992945324,0.0
grn_n6_e6_c3_a0_pos50,grn_n6_e6_c3_a0_pos50_rep2,2,PIDC,undirected,0.4349765974765975,0.5
grn_n6_e6_c3_a0_pos50,grn_n6_e6_c3_a0_pos50_rep2,2,PPCOR,directed_unsigned,0.2467025644108977,0.27777777777777773
grn_n6_e6_c3_a0_pos50,grn_n6_e6_c3_a0_pos50_rep2,2,PPCOR,signed_directed,0.2467025644108977,0.27777777777777773
grn_n6_e6_c3_a0_pos50,grn_n6_e6_c3_a0_pos50_rep2,2,PPCOR,undirected,0.499020809437476,0.611111111111111
grn_n6_e6_c3_a0_pos50,grn_n6_e6_c3_a0_pos50_rep2,2,SCODE,directed_unsigned,0.25951787313838487,0.22222222222222218
grn_n6_e6_c3_a0_pos50,grn_n6_e6_c3_a0_pos50_rep2,2,SCODE,signed_directed,0.18111391246066164,0.16666666666666666
grn_n6_e6_c3_a0_pos50,grn_n6_e6_c3_a0_pos50_rep2,2,SCODE,undirected,0.4999834270667603,0.4444444444444444
grn_n6_e6_c3_a0_pos50,grn_n6_e6_c3_a0_pos50_rep2,2,SCSGL,directed_unsigned,0.22593995510662176,0.16666666666666663
grn_n6_e6_c3_a0_pos50,grn_n6_e6_c3_a0_pos50_rep2,2,SCSGL,signed_directed,0.223162177328844,0.16666666666666663
grn_n6_e6_c3_a0_pos50,grn_n6_e6_c3_a0_pos50_rep2,2,SCSGL,undirected,0.45187991021324353,0.5
grn_n6_e6_c3_a0_pos50,grn_n6_e6_c3_a0_pos50_rep2,2,TODO4v2,directed_unsigned,0.32503651184206744,0.38888888888888884
grn_n6_e6_c3_a0_pos50,grn_n6_e6_c3_a0_pos50_rep2,2,TODO4v2,signed_directed,0.3222587340642897,0.38888888888888884
grn_n6_e6_c3_a0_pos50,grn_n6_e6_c3_a0_pos50_rep2,2,TODO4v2,undirected,0.5024461649461649,0.6666666666666666
grn_n6_e6_c3_a3_pos50,grn_n6_e6_c3_a3_pos50_rep0,0,GENIE3,directed_unsigned,0.36694354318875383,0.22222222222222218
grn_n6_e6_c3_a3_pos50,grn_n6_e6_c3_a3_pos50_rep0,0,GENIE3,signed_directed,0.2931335639668973,0.22222222222222218
grn_n6_e6_c3_a3_pos50,grn_n6_e6_c3_a3_pos50_rep0,0,GENIE3,undirected,0.4696225071225071,0.3333333333333333
grn_n6_e6_c3_a3_pos50,grn_n6_e6_c3_a3_pos50_rep0,0,GRNBOOST2,directed_unsigned,0.5573814551071472,0.611111111111111
grn_n6_e6_c3_a3_pos50,grn_n6_e6_c3_a3_pos50_rep0,0,GRNBOOST2,signed_directed,0.3962962962962962,0.5
grn_n6_e6_c3_a3_pos50,grn_n6_e6_c3_a3_pos50_rep0,0,GRNBOOST2,undirected,0.781432379349046,0.6666666666666666
grn_n6_e6_c3_a3_pos50,grn_n6_e6_c3_a3_pos50_rep0,0,PEARSON,directed_unsigned,0.3821042768959435,0.27777777777777773
grn_n6_e6_c3_a3_pos50,grn_n6_e6_c3_a3_pos50_rep0,0,PEARSON,signed_directed,0.31006393298059964,0.27777777777777773
grn_n6_e6_c3_a3_pos50,grn_n6_e6_c3_a3_pos50_rep0,0,PEARSON,undirected,0.6808752204585536,0.6666666666666666
grn_n6_e6_c3_a3_pos50,grn_n6_e6_c3_a3_pos50_rep0,0,PIDC,directed_unsigned,0.44530423280423276,0.38888888888888884
grn_n6_e6_c3_a3_pos50,grn_n6_e6_c3_a3_pos50_rep0,0,PIDC,signed_directed,0.3105654761904762,0.38888888888888884
grn_n6_e6_c3_a3_pos50,grn_n6_e6_c3_a3_pos50_rep0,0,PIDC,undirected,0.8072751322751323,0.6666666666666666
grn_n6_e6_c3_a3_pos50,grn_n6_e6_c3_a3_pos50_rep0,0,PPCOR,directed_unsigned,0.38409942680776016,0.27777777777777773
grn_n6_e6_c3_a3_pos50,grn_n6_e6_c3_a3_pos50_rep0,0,PPCOR,signed_directed,0.33559303350970016,0.27777777777777773
grn_n6_e6_c3_a3_pos50,grn_n6_e6_c3_a3_pos50_rep0,0,PPCOR,undirected,0.68640873015873,0.611111111111111
grn_n6_e6_c3_a3_pos50,grn_n6_e6_c3_a3_pos50_rep0,0,SCODE,directed_unsigned,0.21411422501609603,0.27777777777777773
grn_n6_e6_c3_a3_pos50,grn_n6_e6_c3_a3_pos50_rep0,0,SCODE,signed_directed,0.13727429571727814,0.2222222222222222
grn_n6_e6_c3_a3_pos50,grn_n6_e6_c3_a3_pos50_rep0,0,SCODE,undirected,0.4879216462549796,0.4444444444444444
grn_n6_e6_c3_a3_pos50,grn_n6_e6_c3_a3_pos50_rep0,0,SCSGL,directed_unsigned,0.3997828174911508,0.3333333333333333
grn_n6_e6_c3_a3_pos50,grn_n6_e6_c3_a3_pos50_rep0,0,SCSGL,signed_directed,0.381328432370099,0.3333333333333333
grn_n6_e6_c3_a3_pos50,grn_n6_e6_c3_a3_pos50_rep0,0,SCSGL,undirected,0.7162323016489682,0.611111111111111
grn_n6_e6_c3_a3_pos50,grn_n6_e6_c3_a3_pos50_rep0,0,TODO4v2,directed_unsigned,0.44952173693466263,0.38888888888888884
grn_n6_e6_c3_a3_pos50,grn_n6_e6_c3_a3_pos50_rep0,0,TODO4v2,signed_directed,0.40833329524835166,0.38888888888888884
grn_n6_e6_c3_a3_pos50,grn_n6_e6_c3_a3_pos50_rep0,0,TODO4v2,undirected,0.7129850088183421,0.611111111111111
grn_n6_e6_c3_a3_pos50,grn_n6_e6_c3_a3_pos50_rep1,1,GENIE3,directed_unsigned,0.1331795048261202,0.0
grn_n6_e6_c3_a3_pos50,grn_n6_e6_c3_a3_pos50_rep1,1,GENIE3,signed_directed,0.08214166994005011,0.0
grn_n6_e6_c3_a3_pos50,grn_n6_e6_c3_a3_pos50_rep1,1,GENIE3,undirected,0.27763209013209006,0.22222222222222218
grn_n6_e6_c3_a3_pos50,grn_n6_e6_c3_a3_pos50_rep1,1,GRNBOOST2,directed_unsigned,0.276289677329194,0.22222222222222218
grn_n6_e6_c3_a3_pos50,grn_n6_e6_c3_a3_pos50_rep1,1,GRNBOOST2,signed_directed,0.16628941775140602,0.1666666666666666
grn_n6_e6_c3_a3_pos50,grn_n6_e6_c3_a3_pos50_rep1,1,GRNBOOST2,undirected,0.45352972644639306,0.4444444444444444
grn_n6_e6_c3_a3_pos50,grn_n6_e6_c3_a3_pos50_rep1,1,PEARSON,directed_unsigned,0.257847014097014,0.3333333333333333
grn_n6_e6_c3_a3_pos50,grn_n6_e6_c3_a3_pos50_rep1,1,PEARSON,signed_directed,0.2578470140970141,0.3333333333333333
grn_n6_e6_c3_a3_pos50,grn_n6_e6_c3_a3_pos50_rep1,1,PEARSON,undirected,0.5156940281940282,0.611111111111111
grn_n6_e6_c3_a3_pos50,grn_n6_e6_c3_a3_pos50_rep1,1,PIDC,directed_unsigned,0.18356651064984397,0.11111111111111106
grn_n6_e6_c3_a3_pos50,grn_n6_e6_c3_a3_pos50_rep1,1,PIDC,signed_directed,0.09756138922805586,0.05555555555555553
grn_n6_e6_c3_a3_pos50,grn_n6_e6_c3_a3_pos50_rep1,1,PIDC,undirected,0.36713302129968794,0.4444444444444444
grn_n6_e6_c3_a3_pos50,grn_n6_e6_c3_a3_pos50_rep1,1,PPCOR,directed_unsigned,0.25184926955760284,0.3333333333333333
grn_n6_e6_c3_a3_pos50,grn_n6_e6_c3_a3_pos50_rep1,1,PPCOR,signed_directed,0.2518492695576029,0.3333333333333333
grn_n6_e6_c3_a3_pos50,grn_n6_e6_c3_a3_pos50_rep1,1,PPCOR,undirected,0.5036985391152057,0.611111111111111
grn_n6_e6_c3_a3_pos50,grn_n6_e6_c3_a3_pos50_rep1,1,SCODE,directed_unsigned,0.20695903567446763,0.27777777777777773
grn_n6_e6_c3_a3_pos50,grn_n6_e6_c3_a3_pos50_rep1,1,SCODE,signed_directed,0.08461225506973401,0.05555555555555553
grn_n6_e6_c3_a3_pos50,grn_n6_e6_c3_a3_pos50_rep1,1,SCODE,undirected,0.4471151533651534,0.38888888888888884
grn_n6_e6_c3_a3_pos50,grn_n6_e6_c3_a3_pos50_rep1,1,SCSGL,directed_unsigned,0.3417713844797177,0.3333333333333333
grn_n6_e6_c3_a3_pos50,grn_n6_e6_c3_a3_pos50_rep1,1,SCSGL,signed_directed,0.3417713844797177,0.3333333333333333
grn_n6_e6_c3_a3_pos50,grn_n6_e6_c3_a3_pos50_rep1,1,SCSGL,undirected,0.6279872134038801,0.611111111111111
grn_n6_e6_c3_a3_pos50,grn_n6_e6_c3_a3_pos50_rep1,1,TODO4v2,directed_unsigned,0.31713651263696935,0.4444444444444444
grn_n6_e6_c3_a3_pos50,grn_n6_e6_c3_a3_pos50_rep1,1,TODO4v2,signed_directed,0.31713651263696935,0.4444444444444444
grn_n6_e6_c3_a3_pos50,grn_n6_e6_c3_a3_pos50_rep1,1,TODO4v2,undirected,0.5319079069079068,0.6666666666666666
grn_n6_e6_c3_a3_pos50,grn_n6_e6_c3_a3_pos50_rep2,2,GENIE3,directed_unsigned,0.17189139004793674,0.22222222222222218
grn_n6_e6_c3_a3_pos50,grn_n6_e6_c3_a3_pos50_rep2,2,GENIE3,signed_directed,0.08973405497643373,0.1666666666666666
grn_n6_e6_c3_a3_pos50,grn_n6_e6_c3_a3_pos50_rep2,2,GENIE3,undirected,0.3781751427584761,0.27777777777777773
grn_n6_e6_c3_a3_pos50,grn_n6_e6_c3_a3_pos50_rep2,2,GRNBOOST2,directed_unsigned,0.27545056889912645,0.1666666666666666
grn_n6_e6_c3_a3_pos50,grn_n6_e6_c3_a3_pos50_rep2,2,GRNBOOST2,signed_directed,0.16720042409697577,0.11111111111111106
grn_n6_e6_c3_a3_pos50,grn_n6_e6_c3_a3_pos50_rep2,2,GRNBOOST2,undirected,0.4256639194139194,0.4444444444444444
grn_n6_e6_c3_a3_pos50,grn_n6_e6_c3_a3_pos50_rep2,2,PEARSON,directed_unsigned,0.2778201351118017,0.27777777777777773
grn_n6_e6_c3_a3_pos50,grn_n6_e6_c3_a3_pos50_rep2,2,PEARSON,signed_directed,0.27782013511180176,0.27777777777777773
grn_n6_e6_c3_a3_pos50,grn_n6_e6_c3_a3_pos50_rep2,2,PEARSON,undirected,0.5278624924458257,0.5555555555555555
grn_n6_e6_c3_a3_pos50,grn_n6_e6_c3_a3_pos50_rep2,2,PIDC,directed_unsigned,0.27991545491545494,0.22222222222222218
grn_n6_e6_c3_a3_pos50,grn_n6_e6_c3_a3_pos50_rep2,2,PIDC,signed_directed,0.20701640180806846,0.1666666666666666
grn_n6_e6_c3_a3_pos50,grn_n6_e6_c3_a3_pos50_rep2,2,PIDC,undirected,0.47649757649757646,0.38888888888888884
grn_n6_e6_c3_a3_pos50,grn_n6_e6_c3_a3_pos50_rep2,2,PPCOR,directed_unsigned,0.23641300828800824,0.27777777777777773
grn_n6_e6_c3_a3_pos50,grn_n6_e6_c3_a3_pos50_rep2,2,PPCOR,signed_directed,0.23641300828800824,0.27777777777777773
grn_n6_e6_c3_a3_pos50,grn_n6_e6_c3_a3_pos50_rep2,2,PPCOR,undirected,0.47282601657601653,0.5555555555555555
grn_n6_e6_c3_a3_pos50,grn_n6_e6_c3_a3_pos50_rep2,2,SCODE,directed_unsigned,0.17209345754509445,0.1666666666666666
grn_n6_e6_c3_a3_pos50,grn_n6_e6_c3_a3_pos50_rep2,2,SCODE,signed_directed,0.08879272213635665,0.0
grn_n6_e6_c3_a3_pos50,grn_n6_e6_c3_a3_pos50_rep2,2,SCODE,undirected,0.3361349298849299,0.38888888888888884
grn_n6_e6_c3_a3_pos50,grn_n6_e6_c3_a3_pos50_rep2,2,SCSGL,directed_unsigned,0.23363299509132837,0.27777777777777773
grn_n6_e6_c3_a3_pos50,grn_n6_e6_c3_a3_pos50_rep2,2,SCSGL,signed_directed,0.22900845296678626,0.27777777777777773
grn_n6_e6_c3_a3_pos50,grn_n6_e6_c3_a3_pos50_rep2,2,SCSGL,undirected,0.46726599018265674,0.5555555555555555
grn_n6_e6_c3_a3_pos50,grn_n6_e6_c3_a3_pos50_rep2,2,TODO4v2,directed_unsigned,0.40751405883672825,0.3333333333333333
grn_n6_e6_c3_a3_pos50,grn_n6_e6_c3_a3_pos50_rep2,2,TODO4v2,signed_directed,0.40751405883672825,0.3333333333333333
grn_n6_e6_c3_a3_pos50,grn_n6_e6_c3_a3_pos50_rep2,2,TODO4v2,undirected,0.5573877511377511,0.5
grn_n6_e6_c4_a0_pos50,grn_n6_e6_c4_a0_pos50_rep0,0,GENIE3,directed_unsigned,0.1525572924547395,0.1666666666666666
grn_n6_e6_c4_a0_pos50,grn_n6_e6_c4_a0_pos50_rep0,0,GENIE3,signed_directed,0.10680464060898841,0.1666666666666666
grn_n6_e6_c4_a0_pos50,grn_n6_e6_c4_a0_pos50_rep0,0,GENIE3,undirected,0.2856508460675127,0.1666666666666666
grn_n6_e6_c4_a0_pos50,grn_n6_e6_c4_a0_pos50_rep0,0,GRNBOOST2,directed_unsigned,0.40640208413686224,0.3333333333333333
grn_n6_e6_c4_a0_pos50,grn_n6_e6_c4_a0_pos50_rep0,0,GRNBOOST2,signed_directed,0.2678753572135925,0.3333333333333333
grn_n6_e6_c4_a0_pos50,grn_n6_e6_c4_a0_pos50_rep0,0,GRNBOOST2,undirected,0.7041396103896104,0.7777777777777778
grn_n6_e6_c4_a0_pos50,grn_n6_e6_c4_a0_pos50_rep0,0,PEARSON,directed_unsigned,0.32643598685265346,0.3333333333333333
grn_n6_e6_c4_a0_pos50,grn_n6_e6_c4_a0_pos50_rep0,0,PEARSON,signed_directed,0.32643598685265346,0.3333333333333333
grn_n6_e6_c4_a0_pos50,grn_n6_e6_c4_a0_pos50_rep0,0,PEARSON,undirected,0.6250941959275292,0.7222222222222222
grn_n6_e6_c4_a0_pos50,grn_n6_e6_c4_a0_pos50_rep0,0,PIDC,directed_unsigned,0.29800234487734484,0.3333333333333333
grn_n6_e6_c4_a0_pos50,grn_n6_e6_c4_a0_pos50_rep0,0,PIDC,signed_directed,0.1536210317460317,0.3333333333333333
grn_n6_e6_c4_a0_pos50,grn_n6_e6_c4_a0_pos50_rep0,0,PIDC,undirected,0.5960046897546897,0.7222222222222222
grn_n6_e6_c4_a0_pos50,grn_n6_e6_c4_a0_pos50_rep0,0,PPCOR,directed_unsigned,0.3684664101330768,0.3333333333333333
grn_n6_e6_c4_a0_pos50,grn_n6_e6_c4_a0_pos50_rep0,0,PPCOR,signed_directed,0.3684664101330768,0.3333333333333333
grn_n6_e6_c4_a0_pos50,grn_n6_e6_c4_a0_pos50_rep0,0,PPCOR,undirected,0.6836920795254128,0.7777777777777778
grn_n6_e6_c4_a0_pos50,grn_n6_e6_c4_a0_pos50_rep0,0,SCODE,directed_unsigned,0.1644114374651389,0.05555555555555553
grn_n6_e6_c4_a0_pos50,grn_n6_e6_c4_a0_pos50_rep0,0,SCODE,signed_directed,0.08331041677786066,0.0
grn_n6_e6_c4_a0_pos50,grn_n6_e6_c4_a0_pos50_rep0,0,SCODE,undirected,0.43739169780836445,0.27777777777777773
grn_n6_e6_c4_a0_pos50,grn_n6_e6_c4_a0_pos50_rep0,0,SCSGL,directed_unsigned,0.28877106689606685,0.3333333333333333
grn_n6_e6_c4_a0_pos50,grn_n6_e6_c4_a0_pos50_rep0,0,SCSGL,signed_directed,0.28877106689606685,0.3333333333333333
grn_n6_e6_c4_a0_pos50,grn_n6_e6_c4_a0_pos50_rep0,0,SCSGL,undirected,0.5775421337921337,0.7222222222222222
grn_n6_e6_c4_a0_pos50,grn_n6_e6_c4_a0_pos50_rep0,0,TODO4v2,directed_unsigned,0.48682963505267424,0.4444444444444444
grn_n6_e6_c4_a0_pos50,grn_n6_e6_c4_a0_pos50_rep0,0,TODO4v2,signed_directed,0.48682963505267424,0.4444444444444444
grn_n6_e6_c4_a0_pos50,grn_n6_e6_c4_a0_pos50_rep0,0,TODO4v2,undirected,0.7063381834215168,0.7222222222222222
grn_n6_e6_c4_a0_pos50,grn_n6_e6_c4_a0_pos50_rep1,1,GENIE3,directed_unsigned,0.17894893487014088,0.05555555555555553
grn_n6_e6_c4_a0_pos50,grn_n6_e6_c4_a0_pos50_rep1,1,GENIE3,signed_directed,0.10089881401475599,0.05555555555555553
grn_n6_e6_c4_a0_pos50,grn_n6_e6_c4_a0_pos50_rep1,1,GENIE3,undirected,0.28734768318101644,0.22222222222222218
grn_n6_e6_c4_a0_pos50,grn_n6_e6_c4_a0_pos50_rep1,1,GRNBOOST2,directed_unsigned,0.5427154635487969,0.5555555555555555
grn_n6_e6_c4_a0_pos50,grn_n6_e6_c4_a0_pos50_rep1,1,GRNBOOST2,signed_directed,0.336276455026455,0.38888888888888884
grn_n6_e6_c4_a0_pos50,grn_n6_e6_c4_a0_pos50_rep1,1,GRNBOOST2,undirected,0.9316798941798942,0.8333333333333334
grn_n6_e6_c4_a0_pos50,grn_n6_e6_c4_a0_pos50_rep1,1,PEARSON,directed_unsigned,0.5052218614718614,0.5
grn_n6_e6_c4_a0_pos50,grn_n6_e6_c4_a0_pos50_rep1,1,PEARSON,signed_directed,0.5052218614718614,0.5
grn_n6_e6_c4_a0_pos50,grn_n6_e6_c4_a0_pos50_rep1,1,PEARSON,undirected,0.9271103896103896,0.8333333333333334
grn_n6_e6_c4_a0_pos50,grn_n6_e6_c4_a0_pos50_rep1,1,PIDC,directed_unsigned,0.4773177439844107,0.5
grn_n6_e6_c4_a0_pos50,grn_n6_e6_c4_a0_pos50_rep1,1,PIDC,signed_directed,0.23287037037037037,0.38888888888888884
grn_n6_e6_c4_a0_pos50,grn_n6_e6_c4_a0_pos50_rep1,1,PIDC,undirected,0.8713021546354879,0.7222222222222222
grn_n6_e6_c4_a0_pos50,grn_n6_e6_c4_a0_pos50_rep1,1,PPCOR,directed_unsigned,0.5097171347171346,0.5
grn_n6_e6_c4_a0_pos50,grn_n6_e6_c4_a0_pos50_rep1,1,PPCOR,signed_directed,0.5097171347171346,0.5
grn_n6_e6_c4_a0_pos50,grn_n6_e6_c4_a0_pos50_rep1,1,PPCOR,undirected,0.9453601953601952,0.8333333333333334
grn_n6_e6_c4_a0_pos50,grn_n6_e6_c4_a0_pos50_rep1,1,SCODE,directed_unsigned,0.3141835649177595,0.38888888888888884
grn_n6_e6_c4_a0_pos50,grn_n6_e6_c4_a0_pos50_rep1,1,SCODE,signed_directed,0.1973461179343532,0.27777777777777773
grn_n6_e6_c4_a0_pos50,grn_n6_e6_c4_a0_pos50_rep1,1,SCODE,undirected,0.5575223387723388,0.4444444444444444
grn_n6_e6_c4_a0_pos50,grn_n6_e6_c4_a0_pos50_rep1,1,SCSGL,directed_unsigned,0.4223634390301057,0.38888888888888884
grn_n6_e6_c4_a0_pos50,grn_n6_e6_c4_a0_pos50_rep1,1,SCSGL,signed_directed,0.41757355299021964,0.38888888888888884
grn_n6_e6_c4_a0_pos50,grn_n6_e6_c4_a0_pos50_rep1,1,SCSGL,undirected,0.7613935447268781,0.6666666666666666
grn_n6_e6_c4_a0_pos50,grn_n6_e6_c4_a0_pos50_rep1,1,TODO4v2,directed_unsigned,0.6462388021264832,0.6666666666666666
grn_n6_e6_c4_a0_pos50,grn_n6_e6_c4_a0_pos50_rep1,1,TODO4v2,signed_directed,0.6462388021264832,0.6666666666666666
grn_n6_e6_c4_a0_pos50,grn_n6_e6_c4_a0_pos50_rep1,1,TODO4v2,undirected,0.9389770723104056,0.8333333333333334
grn_n6_e6_c4_a0_pos50,grn_n6_e6_c4_a0_pos50_rep2,2,GENIE3,directed_unsigned,0.46402275829075573,0.3333333333333333
grn_n6_e6_c4_a0_pos50,grn_n6_e6_c4_a0_pos50_rep2,2,GENIE3,signed_directed,0.4100694444444444,0.3333333333333333
grn_n6_e6_c4_a0_pos50,grn_n6_e6_c4_a0_pos50_rep2,2,GENIE3,undirected,0.582812789062789,0.38888888888888884
grn_n6_e6_c4_a0_pos50,grn_n6_e6_c4_a0_pos50_rep2,2,GRNBOOST2,directed_unsigned,0.34985941259491976,0.22222222222222218
grn_n6_e6_c4_a0_pos50,grn_n6_e6_c4_a0_pos50_rep2,2,GRNBOOST2,signed_directed,0.2860198443531776,0.22222222222222218
grn_n6_e6_c4_a0_pos50,grn_n6_e6_c4_a0_pos50_rep2,2,GRNBOOST2,undirected,0.6676084717751385,0.4444444444444444
grn_n6_e6_c4_a0_pos50,grn_n6_e6_c4_a0_pos50_rep2,2,PEARSON,directed_unsigned,0.35340007215007213,0.3333333333333333
grn_n6_e6_c4_a0_pos50,grn_n6_e6_c4_a0_pos50_rep2,2,PEARSON,signed_directed,0.35340007215007213,0.3333333333333333
grn_n6_e6_c4_a0_pos50,grn_n6_e6_c4_a0_pos50_rep2,2,PEARSON,undirected,0.623466810966811,0.5
grn_n6_e6_c4_a0_pos50,grn_n6_e6_c4_a0_pos50_rep2,2,PIDC,directed_unsigned,0.22999962999962995,0.3333333333333333
grn_n6_e6_c4_a0_pos50,grn_n6_e6_c4_a0_pos50_rep2,2,PIDC,signed_directed,0.17847222222222223,0.3333333333333333
grn_n6_e6_c4_a0_pos50,grn_n6_e6_c4_a0_pos50_rep2,2,PIDC,undirected,0.45999925999926,0.5
grn_n6_e6_c4_a0_pos50,grn_n6_e6_c4_a0_pos50_rep2,2,PPCOR,directed_unsigned,0.38371616809116804,0.3333333333333333
grn_n6_e6_c4_a0_pos50,grn_n6_e6_c4_a0_pos50_rep2,2,PPCOR,signed_directed,0.38371616809116804,0.3333333333333333
grn_n6_e6_c4_a0_pos50,grn_n6_e6_c4_a0_pos50_rep2,2,PPCOR,undirected,0.6840990028490027,0.5
grn_n6_e6_c4_a0_pos50,grn_n6_e6_c4_a0_pos50_rep2,2,SCODE,directed_unsigned,0.3189584857020624,0.27777777777777773
grn_n6_e6_c4_a0_pos50,grn_n6_e6_c4_a0_pos50_rep2,2,SCODE,signed_directed,0.1588200482644927,0.11111111111111106
grn_n6_e6_c4_a0_pos50,grn_n6_e6_c4_a0_pos50_rep2,2,SCODE,undirected,0.4383725071225071,0.38888888888888884
grn_n6_e6_c4_a0_pos50,grn_n6_e6_c4_a0_pos50_rep2,2,SCSGL,directed_unsigned,0.2089821829405162,0.2222222222222222
grn_n6_e6_c4_a0_pos50,grn_n6_e6_c4_a0_pos50_rep2,2,SCSGL,signed_directed,0.2089821829405162,0.2222222222222222
grn_n6_e6_c4_a0_pos50,grn_n6_e6_c4_a0_pos50_rep2,2,SCSGL,undirected,0.41796436588103253,0.4444444444444444
grn_n6_e6_c4_a0_pos50,grn_n6_e6_c4_a0_pos50_rep2,2,TODO4v2,directed_unsigned,0.4917469991309716,0.3333333333333333
grn_n6_e6_c4_a0_pos50,grn_n6_e6_c4_a0_pos50_rep2,2,TODO4v2,signed_directed,0.4917469991309716,0.3333333333333333
grn_n6_e6_c4_a0_pos50,grn_n6_e6_c4_a0_pos50_rep2,2,TODO4v2,undirected,0.630537518037518,0.5
grn_n6_e6_c4_a3_pos50,grn_n6_e6_c4_a3_pos50_rep0,0,PEARSON,directed_unsigned,0.42083537604370935,0.38888888888888884
grn_n6_e6_c4_a3_pos50,grn_n6_e6_c4_a3_pos50_rep0,0,PEARSON,signed_directed,0.4138400565483899,0.38888888888888884
grn_n6_e6_c4_a3_pos50,grn_n6_e6_c4_a3_pos50_rep0,0,PEARSON,undirected,0.7583374187540853,0.6666666666666666
grn_n6_e6_c4_a3_pos50,grn_n6_e6_c4_a3_pos50_rep0,0,PIDC,directed_unsigned,0.2805715118215118,0.27777777777777773
grn_n6_e6_c4_a3_pos50,grn_n6_e6_c4_a3_pos50_rep0,0,PIDC,signed_directed,0.1808907527657527,0.16666666666666663
grn_n6_e6_c4_a3_pos50,grn_n6_e6_c4_a3_pos50_rep0,0,PIDC,undirected,0.5333652458652458,0.611111111111111
grn_n6_e6_c4_a3_pos50,grn_n6_e6_c4_a3_pos50_rep0,0,PPCOR,directed_unsigned,0.4354636104636105,0.4444444444444444
grn_n6_e6_c4_a3_pos50,grn_n6_e6_c4_a3_pos50_rep0,0,PPCOR,signed_directed,0.4354636104636105,0.4444444444444444
grn_n6_e6_c4_a3_pos50,grn_n6_e6_c4_a3_pos50_rep0,0,PPCOR,undirected,0.7875938875938875,0.7222222222222222
grn_n6_e6_c4_a3_pos50,grn_n6_e6_c4_a3_pos50_rep0,0,SCODE,directed_unsigned,0.20105735839697259,0.22222222222222218
grn_n6_e6_c4_a3_pos50,grn_n6_e6_c4_a3_pos50_rep0,0,SCODE,signed_directed,0.1035560468444081,0.11111111111111106
grn_n6_e6_c4_a3_pos50,grn_n6_e6_c4_a3_pos50_rep0,0,SCODE,undirected,0.4896008312674979,0.4444444444444444
grn_n6_e6_c4_a3_pos50,grn_n6_e6_c4_a3_pos50_rep0,0,SCSGL,directed_unsigned,0.3876453407703408,0.3333333333333333
grn_n6_e6_c4_a3_pos50,grn_n6_e6_c4_a3_pos50_rep0,0,SCSGL,signed_directed,0.383900937025937,0.3333333333333333
grn_n6_e6_c4_a3_pos50,grn_n6_e6_c4_a3_pos50_rep0,0,SCSGL,undirected,0.6919573482073481,0.611111111111111
grn_n6_e6_c4_a3_pos50,grn_n6_e6_c4_a3_pos50_rep0,0,TODO4v2,directed_unsigned,0.6871941735077569,0.5555555555555555
grn_n6_e6_c4_a3_pos50,grn_n6_e6_c4_a3_pos50_rep0,0,TODO4v2,signed_directed,0.6836648094419943,0.5555555555555555
grn_n6_e6_c4_a3_pos50,grn_n6_e6_c4_a3_pos50_rep0,0,TODO4v2,undirected,0.7692145046311712,0.5555555555555555
grn_n6_e6_c4_a3_pos50,grn_n6_e6_c4_a3_pos50_rep1,1,PEARSON,directed_unsigned,0.41947327363994025,0.3333333333333333
grn_n6_e6_c4_a3_pos50,grn_n6_e6_c4_a3_pos50_rep1,1,PEARSON,signed_directed,0.3614969135802469,0.3333333333333333
grn_n6_e6_c4_a3_pos50,grn_n6_e6_c4_a3_pos50_rep1,1,PEARSON,undirected,0.7556132139465471,0.6666666666666666
grn_n6_e6_c4_a3_pos50,grn_n6_e6_c4_a3_pos50_rep1,1,PIDC,directed_unsigned,0.4118356566273233,0.4444444444444444
grn_n6_e6_c4_a3_pos50,grn_n6_e6_c4_a3_pos50_rep1,1,PIDC,signed_directed,0.32916666666666666,0.4444444444444444
grn_n6_e6_c4_a3_pos50,grn_n6_e6_c4_a3_pos50_rep1,1,PIDC,undirected,0.7403379799213132,0.6666666666666666
grn_n6_e6_c4_a3_pos50,grn_n6_e6_c4_a3_pos50_rep1,1,PPCOR,directed_unsigned,0.4360928423428423,0.38888888888888884
grn_n6_e6_c4_a3_pos50,grn_n6_e6_c4_a3_pos50_rep1,1,PPCOR,signed_directed,0.3752225783475784,0.38888888888888884
grn_n6_e6_c4_a3_pos50,grn_n6_e6_c4_a3_pos50_rep1,1,PPCOR,undirected,0.7858761608761609,0.6666666666666666
grn_n6_e6_c4_a3_pos50,grn_n6_e6_c4_a3_pos50_rep1,1,SCODE,directed_unsigned,0.23745506186801987,0.22222222222222218
grn_n6_e6_c4_a3_pos50,grn_n6_e6_c4_a3_pos50_rep1,1,SCODE,signed_directed,0.16317908939381096,0.1666666666666666
grn_n6_e6_c4_a3_pos50,grn_n6_e6_c4_a3_pos50_rep1,1,SCODE,undirected,0.40161628494961826,0.38888888888888884
grn_n6_e6_c4_a3_pos50,grn_n6_e6_c4_a3_pos50_rep1,1,SCSGL,directed_unsigned,0.4230429678346345,0.4444444444444444
grn_n6_e6_c4_a3_pos50,grn_n6_e6_c4_a3_pos50_rep1,1,SCSGL,signed_directed,0.3915889665889665,0.4444444444444444
grn_n6_e6_c4_a3_pos50,grn_n6_e6_c4_a3_pos50_rep1,1,SCSGL,undirected,0.7627526023359357,0.6666666666666666
grn_n6_e6_c4_a3_pos50,grn_n6_e6_c4_a3_pos50_rep1,1,TODO4v2,directed_unsigned,0.45882843940226975,0.4444444444444444
grn_n6_e6_c4_a3_pos50,grn_n6_e6_c4_a3_pos50_rep1,1,TODO4v2,signed_directed,0.4064887006483094,0.4444444444444444
grn_n6_e6_c4_a3_pos50,grn_n6_e6_c4_a3_pos50_rep1,1,TODO4v2,undirected,0.7141753308419974,0.6666666666666666
grn_n6_e6_c4_a3_pos50,grn_n6_e6_c4_a3_pos50_rep2,2,PEARSON,directed_unsigned,0.4015855672105672,0.3333333333333333
grn_n6_e6_c4_a3_pos50,grn_n6_e6_c4_a3_pos50_rep2,2,PEARSON,signed_directed,0.3976987133237133,0.3333333333333333
grn_n6_e6_c4_a3_pos50,grn_n6_e6_c4_a3_pos50_rep2,2,PEARSON,undirected,0.719837801087801,0.6666666666666666
grn_n6_e6_c4_a3_pos50,grn_n6_e6_c4_a3_pos50_rep2,2,PIDC,directed_unsigned,0.3741722012555346,0.27777777777777773
grn_n6_e6_c4_a3_pos50,grn_n6_e6_c4_a3_pos50_rep2,2,PIDC,signed_directed,0.2816017316017316,0.27777777777777773
grn_n6_e6_c4_a3_pos50,grn_n6_e6_c4_a3_pos50_rep2,2,PIDC,undirected,0.6650110691777358,0.5555555555555555
grn_n6_e6_c4_a3_pos50,grn_n6_e6_c4_a3_pos50_rep2,2,PPCOR,directed_unsigned,0.3706408560575227,0.3333333333333333
grn_n6_e6_c4_a3_pos50,grn_n6_e6_c4_a3_pos50_rep2,2,PPCOR,signed_directed,0.36274250440917105,0.3333333333333333
grn_n6_e6_c4_a3_pos50,grn_n6_e6_c4_a3_pos50_rep2,2,PPCOR,undirected,0.7161494369827702,0.6666666666666666
grn_n6_e6_c4_a3_pos50,grn_n6_e6_c4_a3_pos50_rep2,2,SCODE,directed_unsigned,0.18908073935672265,0.16666666666666666
grn_n6_e6_c4_a3_pos50,grn_n6_e6_c4_a3_pos50_rep2,2,SCODE,signed_directed,0.09827154215439238,0.05555555555555553
grn_n6_e6_c4_a3_pos50,grn_n6_e6_c4_a3_pos50_rep2,2,SCODE,undirected,0.4651836589336589,0.4444444444444444
grn_n6_e6_c4_a3_pos50,grn_n6_e6_c4_a3_pos50_rep2,2,SCSGL,directed_unsigned,0.32890932370099035,0.3333333333333333
grn_n6_e6_c4_a3_pos50,grn_n6_e6_c4_a3_pos50_rep2,2,SCSGL,signed_directed,0.31748957061457056,0.3333333333333333
grn_n6_e6_c4_a3_pos50,grn_n6_e6_c4_a3_pos50_rep2,2,SCSGL,undirected,0.6300408696242029,0.7777777777777778
grn_n6_e6_c4_a3_pos50,grn_n6_e6_c4_a3_pos50_rep2,2,TODO4v2,directed_unsigned,0.476223388125562,0.38888888888888884
grn_n6_e6_c4_a3_pos50,grn_n6_e6_c4_a3_pos50_rep2,2,TODO4v2,signed_directed,0.4594037135472668,0.38888888888888884
grn_n6_e6_c4_a3_pos50,grn_n6_e6_c4_a3_pos50_rep2,2,TODO4v2,undirected,0.6956052435219101,0.611111111111111
