dataset_id,n_genes,n_edges,density,neg_frac,n_pairs,n_true,d_z_abs_rho_t1,d_z_abs_rho_t2,d_z_abs_rho_change,d_z_rho_change,d_z_div,d_z_het,d_z_d_het,d_z_gamma,d_abs_rho_cross_xy,d_z_dagger,d_z_flux,d_z_reg_gated,auprc_x_crosscorr,auprc_x_todo4v2,benchmark
grn_n6_e17_pos100_density_rep0,6,17,0.5666666666666667,0.0,30,17,0.4672270455325379,0.4762198382112039,0.4959132958526177,-0.3282968750322237,-0.23359868882100135,-0.39672066602678246,0.05113850425215965,0.7045209197951681,0.7958361780107205,0.4931873334605262,0.10408603121519898,0.05042475718172133,1.3079862412419505,1.4237610186466396,network_sweep_final
grn_n6_e17_pos100_density_rep0,6,17,0.5666666666666667,0.0,30,17,0.5067134808111539,0.5354271053640957,0.18968356401656616,0.2285224222025108,0.41819298674477273,0.276892843146662,-0.21575030637798867,0.30241745065673276,0.7132791509145144,1.1353656310909237,0.597782771566942,0.2725273984809229,1.3493307550365885,1.3805083849449347,network_sweep_final
grn_n6_e17_pos100_density_rep0,6,17,0.5666666666666667,0.0,30,17,0.5342407786714082,0.48993776543370077,-1.0938071311463582,-0.7957875138302715,0.12251057671492013,-0.6691276227493003,0.5046478013799074,0.19351467633910993,0.42233579405678406,0.7505657895889933,-0.26304869077430887,0.3845254507499995,1.21212947407496,1.3260016688630931,network_sweep_final
grn_n6_e17_pos100_density_rep0,6,17,0.5666666666666667,0.0,30,17,0.05601114503121194,0.17695653826526275,0.1631463176253249,0.2882566108952541,0.5274202457798824,0.44940418715946234,-0.35144776802904176,0.28843947637527184,0.8191250571923566,0.45334118434982096,-0.5312258469564863,0.1807079587107335,1.4295059816816418,1.1579939764060776,network_sweep_final
grn_n6_e17_pos100_density_rep0,6,17,0.5666666666666667,0.0,30,17,-0.39046747580049945,0.5192634884292759,-0.2668961291403101,-0.1313293677483359,-0.9098038603269993,-0.8505179781276329,0.3524770529303613,0.2653104751751289,0.09224886934840934,1.003654566736527,0.2410496596468463,-0.09400204929761109,1.0518803550622944,1.1483802383531583,network_sweep_final
grn_n6_e17_pos100_density_rep0,6,17,0.5666666666666667,0.0,30,17,-0.05657750324301572,0.40460238971529694,-0.3476816930279633,-0.4065380490493552,-0.18872340584100095,-0.40214256685910643,0.3623673752150384,0.12368872424864913,0.17333573053787182,0.6740225228938188,0.5107014333913077,0.07420940796709363,1.1632371595009103,1.2729717607254905,network_sweep_final
grn_n6_e17_pos100_density_rep0,6,17,0.5666666666666667,0.0,30,17,-0.08570295664925853,0.07605557111481674,-0.31972918266511924,-0.05937226534223477,-0.46307685285847794,-0.5116554363475402,0.43908846422738135,0.6045515943703784,0.7521592856234499,0.5156254798513958,-0.06052256289328748,-0.4740086274103913,1.3151206892534832,1.1122077165347226,network_sweep_final
grn_n6_e17_pos100_density_rep0,6,17,0.5666666666666667,0.0,30,17,0.4800311334210358,0.19901254626335638,-0.1542980496235454,-0.22578437467999615,0.17601864124233313,-0.1279315289204779,0.4617575906279913,-0.15876891916657732,-0.0794445113701852,0.30479306452767924,-0.027488889668190266,0.2783510850819874,1.0130999500942341,1.0370729935003238,network_sweep_final
grn_n6_e17_pos100_density_rep0,6,17,0.5666666666666667,0.0,30,17,0.6141076195526396,-0.11054436276397993,-0.07196429481581791,0.05753556497223171,0.5761203954927302,0.40995324728499666,-0.7153794878604745,-0.311711674360116,-0.06964549071757932,0.5984450801208205,-0.2926915563470756,0.5829869847431987,1.1309736085460025,1.2760972957375443,network_sweep_final
grn_n6_e17_pos100_density_rep0,6,17,0.5666666666666667,0.0,30,17,0.4725673191308883,0.07671473447910539,0.5713714833397192,0.22690617580376707,-1.2970073546409477,-1.1485503242530843,0.675940962963911,-0.13380805331895032,-0.20020325246809878,0.22989772718906185,0.24769172786950805,-0.5863902768863687,1.0116721190235585,1.1685983693554445,network_sweep_final
grn_n6_e17_pos100_density_rep1,6,17,0.5666666666666667,0.0,30,17,0.17270844793875254,0.7527858890686582,0.783497794836899,-0.5118970435612877,-0.205111408030075,-0.44234283281901887,0.48287411092513943,-0.10255401843703033,0.26379235315829863,0.7322571133951311,0.20631884189702515,-0.2051849004632173,1.2067745204429547,1.0314289240314698,network_sweep_final
grn_n6_e17_pos100_density_rep1,6,17,0.5666666666666667,0.0,30,17,0.23152428962746616,1.017364133666328,0.435390837705239,0.14856641431167714,0.07046509753885895,0.03415851956190611,-0.576867106209812,0.30336163424793533,0.40732692487533895,0.7070319432876044,0.16799309655055986,0.16110547345267362,1.2335203883279835,1.124446771045705,network_sweep_final
grn_n6_e17_pos100_density_rep1,6,17,0.5666666666666667,0.0,30,17,-0.3598328761617689,0.6317696204818534,0.10901741346465113,0.5400583184529981,-0.373209417058139,-0.3210739359981095,-0.7106313487211833,0.36054415012340174,0.45943345179164735,0.9112100377350373,0.11870205720711392,-0.09733978323131154,1.2026108884234437,1.1911163830574694,network_sweep_final
grn_n6_e17_pos100_density_rep1,6,17,0.5666666666666667,0.0,30,17,-0.7175276602608903,0.7037867036479472,0.10025087431502379,0.29473552610176434,-0.0585772374924298,-0.2398129153262925,0.5881622600861186,0.448011549336108,0.5421788843203752,0.5531036036763326,-0.032795574895863766,-0.3044172727705636,1.2817804610652572,1.1036658348637034,network_sweep_final
grn_n6_e17_pos100_density_rep1,6,17,0.5666666666666667,0.0,30,17,0.08431812440985223,0.5243273914617366,0.019705087817773508,0.18987840822935695,-0.07001583879141512,-0.09221481514048165,0.049259928382876704,0.2053592470575964,0.6439770534554619,0.6986803117178293,0.13574045880276345,-0.2958862508995813,1.3445887741683042,1.1627693584555874,network_sweep_final
grn_n6_e17_pos100_density_rep1,6,17,0.5666666666666667,0.0,30,17,0.46293022554876145,0.5343404916190766,-0.46546020717144204,0.3966055279736949,-0.8182597119201054,-1.110044866942238,0.8130886537929564,-0.41281845716700377,0.0017973937926333932,0.3201297468386624,-0.13860827404026868,-0.0891340348699699,0.9626994911442845,1.137712998847349,network_sweep_final
grn_n6_e17_pos100_density_rep1,6,17,0.5666666666666667,0.0,30,17,0.40681979175662,-0.08470331206056149,0.24649222428479997,-0.655594052345811,-1.384053233925764,-2.0992388768215418,1.692642296849419,0.20855096127586195,0.8154038091631545,0.819795793417396,0.28248928630930503,-0.5703737569926967,1.296105234584488,1.2233627486264211,network_sweep_final
grn_n6_e17_pos100_density_rep1,6,17,0.5666666666666667,0.0,30,17,0.531549623388888,0.007202419196991495,-0.2766947270877439,-0.2408078077192248,-0.5591353468861765,-0.6402753741345903,0.49983077493418965,0.3297100048619208,0.83309736546227,1.3142944360201179,0.20065364181762566,-0.44126536193585925,1.4096465771840987,1.4213082016746912,network_sweep_final
grn_n6_e17_pos100_density_rep1,6,17,0.5666666666666667,0.0,30,17,0.21484960440339693,1.0049813064861466,0.6417067669987779,0.3881007614861798,0.4085222416701133,0.4054164700641575,-0.5262173750097353,0.15580934969459154,0.41842060751408383,0.8056281745620126,0.08447502613735597,-0.050405849591562926,1.276183370051836,1.1938333031642443,network_sweep_final
grn_n6_e17_pos100_density_rep1,6,17,0.5666666666666667,0.0,30,17,0.1858155537354594,-0.12966405805743397,-0.6676632593893398,0.4412872368420715,-0.12389491464432721,-0.07326285770082266,-0.31478708073121947,0.18267968130257978,0.41508599771704746,0.8194261468370582,-0.05567869514829185,-0.8072553788518635,1.2195090953690704,1.3442531510447813,network_sweep_final
grn_n6_e17_pos100_density_rep2,6,17,0.5666666666666667,0.0,30,17,0.19917453082984596,0.38940347129450753,0.08170980811320225,0.458474019436199,0.26879796739850426,0.2139759594227115,0.021634459294445536,0.5493559430110816,0.45623833468402186,0.9205941377747778,0.4342165973997634,0.41563283568781495,1.2600464377503222,1.2620989977117727,network_sweep_final
grn_n6_e17_pos100_density_rep2,6,17,0.5666666666666667,0.0,30,17,-0.2545086385121913,-0.15575988007779384,-0.08886684497934529,-0.3632224440180242,-0.25344171645028746,-0.40565778844124356,0.2697142134058625,-0.01753610718577534,0.1125769330344055,1.4001309535174102,0.22045685460957753,0.1273845406331508,1.0926576917608886,1.0518846723679491,network_sweep_final
grn_n6_e17_pos100_density_rep2,6,17,0.5666666666666667,0.0,30,17,0.4476600487533899,0.16797088810431487,-0.30713493628141125,-0.22122323822477435,-0.07465720724965366,-0.2141044463245999,0.28396402579461344,0.9721993928745432,0.8358672064510763,1.2098310422943377,0.2825179917566887,0.15883412562579943,1.4195314716559142,1.4163647962212724,network_sweep_final
grn_n6_e17_pos100_density_rep2,6,17,0.5666666666666667,0.0,30,17,0.37515234170367745,0.37738896270772043,-0.061877771750968466,0.4927291181268092,0.12133380942066584,0.08914968510611963,-0.4526444749481815,0.7165084443046098,0.5200183510801518,0.5244510126871208,0.14658270832048184,-0.42830952631170377,1.3265602686314637,1.227422478246694,network_sweep_final
grn_n6_e17_pos100_density_rep2,6,17,0.5666666666666667,0.0,30,17,0.19825654704292553,0.4341107319972711,-0.9177769810571291,0.8207823891652591,0.4371232653317747,0.23499129415557204,-0.4068975976543798,1.3308869584273817,0.9190312587311364,0.879978987799206,0.4273045721521466,0.44674504863469106,1.4081060060902801,1.5034593363643842,network_sweep_final
grn_n6_e17_pos100_density_rep2,6,17,0.5666666666666667,0.0,30,17,0.5554481143403129,0.6167629741611559,0.04777805937592564,0.21865646689910456,-0.031162659154494718,-0.17022088637608926,0.05347050264587736,1.2202425558304406,1.0933011667252468,0.8704933786920321,0.10603613805682187,-0.006828608501622651,1.4983323584600274,1.4758609674157366,network_sweep_final
grn_n6_e17_pos100_density_rep2,6,17,0.5666666666666667,0.0,30,17,0.017722843933499613,-0.005544018388109433,-0.24428248545599646,-0.1732742492398047,0.4649805477057884,0.33559142750057924,0.0145660399621313,0.10637042562095253,0.007133670236743851,0.5377703964266922,0.44744661260104035,0.3731104477252355,1.032791710215139,1.057422398416124,network_sweep_final
grn_n6_e17_pos100_density_rep2,6,17,0.5666666666666667,0.0,30,17,0.5541179276563661,0.3343769488577376,0.9257863160233584,-0.19005402568661486,-0.14244909625427798,-0.3612652980575789,0.3848916626968577,0.7800936060035008,0.3117892806676046,0.42194086054332397,0.07781344077641174,-0.2031186330230767,1.1718383693360073,1.0869676483417652,network_sweep_final
grn_n6_e5_pos100_density_rep0,6,5,0.16666666666666666,0.0,30,5,0.610061215503789,0.9576145764755286,-0.7931051956699403,0.5709866461431579,-0.20806592176322877,-0.8989943900800861,0.6776217491775314,2.703428870754225,4.914623949458129,4.326731911005095,1.0403549250791344,0.14947747537741402,6.0,4.838571428571428,network_sweep_final
grn_n6_e5_pos100_density_rep0,6,5,0.16666666666666666,0.0,30,5,0.7738813215719702,0.406446540735155,0.5445280900217765,-0.3786005659325051,-0.009647828406125334,-0.5560709059026689,0.5431773020077374,2.7213159262138538,3.902758804286693,3.1187894126054596,0.9823443926087282,0.9362127068742788,5.78,2.9485714285714284,network_sweep_final
grn_n6_e5_pos100_density_rep0,6,5,0.16666666666666666,0.0,30,5,1.0010130963899742,1.0175267989972152,-0.29703819791596,-0.34788733111242703,0.11991569682454585,-0.6841119434806172,0.7936222448631111,1.939625907259969,3.405552202208694,3.2655133172580557,0.9763169122412578,0.27967179446066415,5.517857142857142,4.926666666666667,network_sweep_final
grn_n6_e5_pos100_density_rep0,6,5,0.16666666666666666,0.0,30,5,0.48321052344554744,1.3938118073097838,-0.2650227936786927,0.6943103261211264,-0.8263222410798193,-1.0235085892293823,0.7957756753162913,2.066449543959531,2.9644690881761613,2.7525476974317855,0.8485588613265231,-0.34233344943072364,5.247857142857143,4.648571428571429,network_sweep_final
grn_n6_e5_pos100_density_rep0,6,5,0.16666666666666666,0.0,30,5,0.7566392419788458,1.159415982653714,0.39513438017560326,0.787076980263578,-0.46139642501584827,-0.6118444568525147,0.8202068163576721,2.2336202357942976,3.351267692204883,3.228556405121201,0.8453243229767144,-0.34912283402553407,5.517857142857142,3.8335064935064933,network_sweep_final
grn_n6_e5_pos100_density_rep0,6,5,0.16666666666666666,0.0,30,5,0.7156187609392833,0.3064810420703679,-0.6989047662706859,-0.06772013174806804,-0.3941485700170062,-0.7201936047429971,0.7052249432473736,1.7533252796958094,2.3508662213971783,2.2719822983567,0.6943357350797387,-0.2174689832237322,4.405584415584415,3.8450549450549447,network_sweep_final
grn_n6_e5_pos100_density_rep0,6,5,0.16666666666666666,0.0,30,5,0.8122421930201137,0.7929432574772306,-0.3926354061600575,0.16011333619787785,0.25905497983732534,-0.2026147820746947,0.2130040873925996,2.3269455086765847,3.0641891000407253,2.8562427278750433,0.9451979672446089,0.16051103641831505,4.960714285714285,4.576666666666667,network_sweep_final
grn_n6_e5_pos100_density_rep0,6,5,0.16666666666666666,0.0,30,5,1.1536954172317928,1.2190807752077606,0.16663729584871742,0.2204332237812524,0.18662871013378154,-0.8539660525141857,0.3131833001323654,2.263587390436899,3.497115874521,3.3736694325502747,0.8385445269370363,1.1862539334676023,5.517857142857142,4.960714285714285,network_sweep_final
grn_n6_e5_pos100_density_rep0,6,5,0.16666666666666666,0.0,30,5,1.066840924126994,-0.026527645456005403,0.06986926088878803,-0.5056743104239302,-0.25591631840094803,-0.690727467398405,0.3552316853857059,2.2731141942746405,2.676422763616117,2.5243067093084326,0.9978779709593703,0.060852051133260525,4.7907692307692304,4.336190476190476,network_sweep_final
grn_n6_e5_pos100_density_rep0,6,5,0.16666666666666666,0.0,30,5,1.0920661646475058,0.9674479920425398,0.9483232960364283,-0.8156563737802945,-1.024885112384166,-1.4087519825871204,1.3345601386415091,1.8495631717983048,2.139073199770487,2.0921224077382843,0.8829329285575076,-0.16943122215347906,4.209848484848484,4.200700280112045,network_sweep_final
grn_n6_e5_pos100_density_rep1,6,5,0.16666666666666666,0.0,30,5,0.1948416884972754,0.4440904788581122,0.18520529850233927,0.49786806542407097,-1.34050679645004,-1.1849216970921095,1.156382630943039,2.342211973641444,2.7132172502126397,2.478832061880025,1.3972213882188425,-0.45635578795782067,5.096666666666667,2.9378571428571427,network_sweep_final
grn_n6_e5_pos100_density_rep1,6,5,0.16666666666666666,0.0,30,5,0.6734701652246712,0.730036635744441,0.18898602396807881,0.4457240980933658,-0.19864621447626551,-0.6978588719417348,0.3954995700176993,2.3654851822717085,3.756661841242555,3.304699044382548,1.3105284506718464,0.5058958150175249,5.628571428571429,4.80952380952381,network_sweep_final
grn_n6_e5_pos100_density_rep1,6,5,0.16666666666666666,0.0,30,5,0.4539052940672493,-0.11124670293441359,-0.1279940832288684,-0.6557361115068133,0.264528213033402,-0.5024496422887373,0.788817708434702,1.8519541237642534,2.4637632246923267,2.400146300672686,1.3026904994400965,1.2191868759739946,4.336190476190476,3.7202380952380953,network_sweep_final
grn_n6_e5_pos100_density_rep1,6,5,0.16666666666666666,0.0,30,5,0.2820591065100152,0.9343675919031939,-0.2228318291317774,0.014066401139804634,0.5454887009834316,-0.1316252847761845,0.1207296819339272,2.049071540364361,2.9108153479482985,2.546625422805426,1.407417104596245,0.40239402265626234,5.433333333333333,2.5653246753246752,network_sweep_final
grn_n6_e5_pos100_density_rep1,6,5,0.16666666666666666,0.0,30,5,0.2468670698030038,0.4487909989677766,-0.24389231330934644,0.4782086561124004,0.32469478297975507,0.23803556660652497,-0.3879830446357203,2.697630416747977,5.116754593054066,4.612430938002004,1.3941306378383695,0.28146633459375364,6.0,4.648571428571429,network_sweep_final
grn_n6_e5_pos100_density_rep1,6,5,0.16666666666666666,0.0,30,5,0.02499368346963353,0.6303547729070949,-0.1925392864598794,0.935637485212344,-0.021290339785791115,-0.028040430099190612,0.38828062175899514,2.2521137503363806,3.07956965789709,2.8969728290907457,1.3958531031404282,0.014477031214045066,5.433333333333333,3.5631868131868134,network_sweep_final
grn_n6_e5_pos100_density_rep1,6,5,0.16666666666666666,0.0,30,5,0.4316764160388408,0.34037245626477547,-0.3036737855919777,0.12450184652030082,0.1462923183597704,-0.38427779873921936,0.321153909659961,1.675114382786493,2.2173998984494356,2.0491657803782486,1.314818250438394,1.3108749203052328,4.590357142857142,3.3476190476190477,network_sweep_final
grn_n6_e5_pos100_density_rep1,6,5,0.16666666666666666,0.0,30,5,-0.10246051310407289,1.0192849750440907,0.48838375137523293,0.9822711067509727,-0.25680145071722926,-0.28125632649057414,0.5943872844749478,2.3940215824874906,3.2292660900922914,2.790681848645011,1.3055702439854884,0.22350084969287443,5.247857142857143,1.9150549450549452,network_sweep_final
grn_n6_e5_pos100_density_rep1,6,5,0.16666666666666666,0.0,30,5,0.6083975482592783,-0.023527941712644933,0.25914955534536216,-0.33140594814630747,-0.1506733346678166,-0.5069558381185088,0.1722211327770237,2.4034528426484782,2.7340870153106582,2.643992104249355,1.3327330874760428,-0.03727381589323797,5.230769230769231,3.4838095238095237,network_sweep_final
grn_n6_e5_pos100_density_rep1,6,5,0.16666666666666666,0.0,30,5,0.5051690372917235,1.0984362622411177,-0.8435014330622655,0.3074090547654677,0.7992191845445706,-0.03942852496536679,-0.03907018397140088,2.420879267174997,3.4080007107528036,3.1107367099195424,1.120916681516022,0.64354699133843,5.78,3.4653246753246756,network_sweep_final
grn_n6_e5_pos100_density_rep2,6,5,0.16666666666666666,0.0,30,5,0.8913044849869333,1.447401618793946,-0.45470574358345345,0.21977651921594565,0.5299742320787633,-0.4152254216317176,0.05085227086422561,2.8867662324780743,6.8019579237120995,5.0448552060618805,0.749187471099987,0.9360269109604036,6.0,5.517857142857142,network_sweep_final
grn_n6_e5_pos100_density_rep2,6,5,0.16666666666666666,0.0,30,5,1.423873368777252,1.6186205087058714,0.5603386569470593,-0.0812613200931056,-0.7874959446956498,-1.4054915731664803,0.6610289210484726,2.406321587554262,3.4651024542392728,3.0266889684613676,0.7165564886050018,0.04853270417686476,5.628571428571429,5.78,network_sweep_final
grn_n6_e5_pos100_density_rep2,6,5,0.16666666666666666,0.0,30,5,1.4760959039345911,1.636730038058582,0.0856300273856356,0.12864880488392308,-0.18243509570632807,-1.2092630447931814,0.6673672661907402,2.7835304250567128,6.031983614623698,5.183805472745365,0.6384451630253704,0.04549215663178835,6.0,6.0,network_sweep_final
grn_n6_e5_pos100_density_rep2,6,5,0.16666666666666666,0.0,30,5,1.0540388052616705,1.3031645593770542,0.4483669073882792,0.1344965682897354,0.8209101206159716,-0.05129410247015795,-0.7854109852805317,2.250748043831831,4.711043092547728,4.062287507838359,0.595747186451,0.8928468408144238,6.0,5.062857142857143,network_sweep_final
grn_n6_e5_pos100_density_rep2,6,5,0.16666666666666666,0.0,30,5,1.3672842304822992,1.732802783839544,0.12794651998283013,0.24334029511545865,-0.9780188750881069,-1.4827629581625443,1.1913068034247916,2.2679615086076277,4.511690560345426,3.6102156319431953,0.7050661171900175,-0.2658718756500822,6.0,4.960714285714285,network_sweep_final
grn_n6_e5_pos100_density_rep2,6,5,0.16666666666666666,0.0,30,5,1.4644183255401348,1.177088480625179,-0.6453631540890892,-0.02881068948838498,-0.861030816862367,-1.4201931200692544,0.909105134866526,2.8071711378214412,5.871023968988705,4.550939868833444,0.6887692022751726,-0.639530315182897,6.0,5.51,network_sweep_final
grn_n6_e5_pos100_density_rep2,6,5,0.16666666666666666,0.0,30,5,1.1792212664346993,1.3956913517364549,-0.5089068433690455,0.10011295072275389,0.3689455596454068,-0.7725555186386741,0.43684618406532594,2.4898721734304714,3.932112125071929,3.229271928911635,0.7120642699895782,0.4065453578720602,6.0,5.628571428571429,network_sweep_final
grn_n6_e5_pos100_density_rep2,6,5,0.16666666666666666,0.0,30,5,1.5463560624085664,1.5369700959612833,0.16467675602038961,0.01456229528114528,-0.26246213962684123,-0.9854262752405303,0.6044121594654184,2.67251923391934,4.113953199363299,3.8572932221746714,0.6331702219264037,-0.17471089019707625,5.517857142857142,5.78,network_sweep_final
grn_n6_e5_pos100_density_rep2,6,5,0.16666666666666666,0.0,30,5,1.3976494398163954,1.4747564601643317,0.1330986185530258,0.0005979133545726277,0.14596046783927152,-0.949466081187113,0.4475763156422741,2.64853014038074,6.358227890267074,4.671444562637344,0.6623585925464917,0.45131573933948105,6.0,5.091228070175439,network_sweep_final
grn_n6_e5_pos100_density_rep2,6,5,0.16666666666666666,0.0,30,5,1.4653504975609684,1.1732387576944652,1.2642726962429849,-0.0629098418480172,-0.12234426829627633,-0.8682525439386313,0.6958134107971804,2.7685185247230346,4.880603050718421,3.7668199014557007,0.7187653626594385,-0.12925095182457522,6.0,5.517857142857142,network_sweep_final
grn_n6_e9_pos0_sign_ratio_rep0,6,9,0.3,1.0,30,9,0.025641360501570714,0.18594012734478263,-0.06230109416060372,0.12316112302077033,-0.16740347931260205,0.6388187785397298,-0.4260311969473866,1.4897930926242786,0.8897645062763196,-1.5348664336199103,-0.7270630242749122,-0.1798107857870701,2.0700822114220814,1.11223654643699,network_sweep_final
grn_n6_e9_pos0_sign_ratio_rep0,6,9,0.3,1.0,30,9,0.04406405682988767,0.27823147573419266,-0.23992081960506598,-0.07792529167127547,-0.3202493423147837,0.5804838862108035,-0.13314281952971058,1.474564465540297,0.9700066582301827,-1.6212987820723572,-0.9849944490113819,-0.5929230526933897,1.5808574141907477,1.0890989309203964,network_sweep_final
grn_n6_e9_pos0_sign_ratio_rep0,6,9,0.3,1.0,30,9,0.18169894991536037,0.17311145743951187,0.30344468510122624,-0.218561862661842,0.4050182074833599,0.8813633610813552,-1.0002342586860293,1.564114124827732,1.2887882073739059,-1.8034446730390115,-1.113122043153932,-0.266040728278435,2.552054697522534,1.5019740091926221,network_sweep_final
grn_n6_e9_pos0_sign_ratio_rep0,6,9,0.3,1.0,30,9,0.168036557379783,0.07425950239553827,0.35794734161252645,-0.17303688340549825,0.28852931674527815,0.7645681588392462,-0.7525969999282172,1.3289411333578536,1.2050194862704042,-1.6721603436682417,-0.9595209232915839,-0.030289771089637367,2.3585120289396833,1.1504902415530436,network_sweep_final
grn_n6_e9_pos0_sign_ratio_rep0,6,9,0.3,1.0,30,9,0.035897030063392385,0.13271621889235619,-0.09715029420958178,-0.13969735157220567,-0.37226634167603845,0.574789416292947,-0.507747250717867,1.7806853494577084,1.1378634407984256,-1.678487017831333,-1.138948333298426,-0.39273731917968707,2.291556005118097,1.4277616742127692,network_sweep_final
grn_n6_e9_pos0_sign_ratio_rep0,6,9,0.3,1.0,30,9,0.043699631889920876,0.29643249281244094,0.006043389767678906,0.08375807193250268,-0.6612890740098248,0.6737680946307661,-0.14929671155305585,1.3509043574990656,1.2314075069014243,-1.8955174634425922,-1.1632364813103884,-0.6144578954717417,2.059580171099779,1.1577373811090286,network_sweep_final
grn_n6_e9_pos0_sign_ratio_rep0,6,9,0.3,1.0,30,9,0.09247267696584498,0.036682638400673,0.0725968417886729,0.46856913104655523,-0.48039040524967647,0.5431834285090916,-0.2696894222143245,1.3379085182470616,0.9844500883559619,-1.3965962513472692,-0.5803320903241594,-0.6200145409227529,1.5226347091543169,1.0875603346701648,network_sweep_final
grn_n6_e9_pos0_sign_ratio_rep0,6,9,0.3,1.0,30,9,0.13427116022557709,0.1453689470936627,-0.07184589944951951,0.7301855259460244,-0.22095009246055972,0.7461884289992131,-0.7751766114509404,2.0501782557211192,1.143241552923654,-1.8686095140166845,-1.0041505024576987,-0.4488156839716799,1.7492820153638866,1.1770149747732594,network_sweep_final
grn_n6_e9_pos0_sign_ratio_rep0,6,9,0.3,1.0,30,9,0.3059472148773329,0.06756304536444162,-0.2904974546471289,-0.3644939729753266,-0.09775535698642578,0.6438287996736054,0.007999628813545259,1.6786349875684743,1.2451213345907997,-1.8123721665927675,-1.1045842244566229,0.09330873003130245,2.2688869137398555,1.76036175758398,network_sweep_final
grn_n6_e9_pos0_sign_ratio_rep0,6,9,0.3,1.0,30,9,0.10635950788003938,0.08801637919178602,0.583829404458444,-0.07659382314102581,0.019529821911563074,0.7082787702960225,-0.5594733735195438,1.2780819898912983,0.8781842132746207,-1.4437862700845676,-0.9625103315663833,-0.3032232097989843,2.1216794213698242,1.4251060445756956,network_sweep_final
grn_n6_e9_pos0_sign_ratio_rep1,6,9,0.3,1.0,30,9,1.4492220464678334,1.5250641123759257,0.4555346760967738,-0.9541800514164641,0.08859004019229323,0.5786654811842974,-0.025141452764582392,0.6596561299150699,1.4994351389718723,-0.9405428472713907,-0.7274816158845273,-0.04152422014019508,2.6642128734062,2.489749099583072,network_sweep_final
grn_n6_e9_pos0_sign_ratio_rep1,6,9,0.3,1.0,30,9,1.14339686186677,1.3867506104785712,0.11461859930221721,0.4541989622971632,0.1931967374505702,1.057423336763059,-0.09842793145643462,0.9371210296835388,1.5994385233336856,-2.240880229794485,-0.4462129072582038,-0.09672537060315045,2.820647682966524,2.4877641179928767,network_sweep_final
grn_n6_e9_pos0_sign_ratio_rep1,6,9,0.3,1.0,30,9,1.5014528857152798,1.1036877094444741,-0.4496752113281727,0.682497225734856,-0.13889060299328315,1.3767731533070235,-0.5953568232226636,0.7848246696083163,1.8035217902607523,-2.467104849828501,-0.880831638448537,-0.20297574951512615,2.8903133903133913,2.7298742604006643,network_sweep_final
grn_n6_e9_pos0_sign_ratio_rep1,6,9,0.3,1.0,30,9,0.644659792500064,1.0674334396279885,-0.32179377528286457,-0.007012929456035423,-0.3440426414401939,0.784735974458033,-0.04445477507733778,0.9534529819424749,1.5199626949276257,-2.1615800954910123,-0.6940308620824152,-0.7319984389826637,2.770654516950814,2.3363452854445663,network_sweep_final
grn_n6_e9_pos0_sign_ratio_rep1,6,9,0.3,1.0,28,8,1.3350800943613015,2.175986628437259,0.4587755396084924,0.19031206674221657,0.15933118908101018,1.0318180793326035,-0.7706390751759046,0.4995260226915168,1.4453555156594893,-1.6078734379948516,-0.5033485070112281,-0.830674997001084,2.6683053670186028,2.529849617974618,network_sweep_final
grn_n6_e9_pos0_sign_ratio_rep1,6,9,0.3,1.0,30,9,0.23801471736363386,1.2659430645064966,-0.4005922155371535,-0.7181496426878201,0.4395749062539899,1.0312128953652908,-0.1533514241387177,0.6733924568078219,1.6870173503758672,-1.5399620292768854,-0.5462496261680451,0.15587532581237157,2.7827160493827163,2.2878662118035598,network_sweep_final
grn_n6_e9_pos0_sign_ratio_rep1,6,9,0.3,1.0,30,9,0.7946599828062326,1.579926308112292,0.41444272152325395,-0.48464807845464325,-0.2465360094021884,0.8606417632408069,0.36023535457044104,0.33307095898977784,1.2755148566351757,-1.8146043507896552,-0.7090226947577078,-0.41650891227960934,1.9723638546102316,1.5952911281270492,network_sweep_final
grn_n6_e9_pos0_sign_ratio_rep1,6,9,0.3,1.0,30,9,1.8369027615439568,1.5916348829079372,-0.018290626628671904,-0.003960631962985038,0.09471929770415527,1.150075849774857,-0.2527333245826296,-0.17028132957130793,0.45804091914756395,-1.239484426859489,-0.3744982384984621,0.015044813624752506,1.7072863485875183,1.7744336572561352,network_sweep_final
grn_n6_e9_pos0_sign_ratio_rep1,6,9,0.3,1.0,30,9,1.4698593180130526,1.7507369606252419,0.39123860768462804,-0.1615537425492506,-0.8419372104910567,0.5161392767676688,0.3295777376723763,0.6463313770596338,1.2130445953850237,-1.616650292858271,-0.47542505780200134,-0.9793663018965769,2.471540603786981,2.0894636242288462,network_sweep_final
grn_n6_e9_pos0_sign_ratio_rep1,6,9,0.3,1.0,30,9,0.8200902180348225,1.8269878822009038,-0.12810648925976267,0.3104166601768965,0.019410352910287088,1.2405403916186297,-0.4935277632062199,0.6982880072772232,1.4826361605074994,-2.056137641771603,-0.21642735221662038,-0.39058721140576924,2.670497340350282,2.4772023909278813,network_sweep_final
grn_n6_e9_pos0_sign_ratio_rep2,6,9,0.3,1.0,30,9,0.4996307829462322,0.2046095274509506,-0.5073961007417793,0.247845992166649,-0.2946165054719883,0.3763255319473181,-0.29621214227389975,0.15324608287730107,0.5582974871746749,-1.1054942463664472,-0.8413867381279263,-0.569544324350136,1.5805620990806175,1.2919899740729521,network_sweep_final
grn_n6_e9_pos0_sign_ratio_rep2,6,9,0.3,1.0,30,9,0.30059658084718405,0.2822046760824284,0.10057345770692566,0.10322358701697781,0.2603600733945767,0.5269336736881542,-0.5883756407818819,0.7089801154950728,0.7429814376485627,-1.0699236377616193,-0.7793122631458378,-0.16826988521936323,1.6890735428747126,1.4838911359379194,network_sweep_final
grn_n6_e9_pos0_sign_ratio_rep2,6,9,0.3,1.0,30,9,0.35390505922618154,0.3592496443840894,0.07320144051003168,0.054204990904689394,-0.2260397403386027,0.41648442566962357,0.07149448197709035,0.49852894112155655,0.7429351814396632,-1.02279168397035,-0.9164133113476695,-0.1811204989244923,1.7341190188412412,1.1683309881839294,network_sweep_final
grn_n6_e9_pos0_sign_ratio_rep2,6,9,0.3,1.0,30,9,0.3304381485245977,0.42820320677564017,0.00582479567864395,-0.6793468685866515,0.09528246355736417,0.48141349250587034,-0.40790677637191264,0.1661473832931524,0.46813540658537517,-0.9179877886580099,-0.5582403568105371,-0.5806013622295023,1.5731993587385744,1.4809117474150155,network_sweep_final
grn_n6_e9_pos0_sign_ratio_rep2,6,9,0.3,1.0,30,9,0.21491490500869426,0.37434442860952977,-0.3682024103293441,0.6297983470632926,-0.5394569707434812,0.2936930474303532,0.015875239432256744,0.5153833295247578,0.6659724004031712,-1.0081187425209652,-0.6428434039741544,-0.18234973403479274,1.3831205710290677,1.5444332037899289,network_sweep_final
grn_n6_e9_pos0_sign_ratio_rep2,6,9,0.3,1.0,30,9,0.4594931842393349,0.33089281344807725,0.3360418192734896,0.3657226570420692,0.6368705265289755,0.666703210975014,-0.8757715260013643,0.5187974358035212,0.7325644048762144,-1.3009370887447993,-0.8831406243003476,0.04748979111371897,1.5932849729146026,1.5503919998745705,network_sweep_final
grn_n6_e9_pos0_sign_ratio_rep2,6,9,0.3,1.0,30,9,0.22870727625491505,0.09148680087411672,-0.6024106720914284,-0.02886300070641948,-0.043234487906549136,0.34171756200510706,-0.17646198203791527,0.2901707519825828,0.5378377428949604,-1.029687107117713,-0.7894447494581679,0.05742024698916558,1.5921270087936754,1.4583873219494135,network_sweep_final
grn_n6_e9_pos0_sign_ratio_rep2,6,9,0.3,1.0,30,9,0.3449672939516564,0.2631613454424218,-0.189742977480733,0.15056146046671925,-0.016616469268653688,0.3160083994494518,-0.06367400927742618,0.4201278580640266,0.4873200956097606,-1.0995149031549243,-0.7463156301783168,-0.031081030633328493,1.5200248996545294,1.4260461425316497,network_sweep_final
grn_n6_e9_pos0_sign_ratio_rep2,6,9,0.3,1.0,30,9,0.3148093976745215,0.2412566761155275,0.6369376766626021,0.1668933694608857,-0.6489681826260475,0.22619248977170156,0.051672440683314766,0.07371672770643047,0.3927143190201668,-0.8428193718663093,-0.5231270310419435,-0.23951458397858147,1.5732841504900328,1.0700310086275,network_sweep_final
grn_n6_e9_pos0_sign_ratio_rep2,6,9,0.3,1.0,30,9,0.21071971983499693,0.28355590570889705,-0.44418259782993313,0.62919222508991,0.1846147614727424,0.449685562131035,-0.700018863201155,0.49815448704085025,0.5155047528672195,-1.0139378104680588,-0.9736294741055427,-0.14287916421318397,1.6601521813940114,1.1777547192579874,network_sweep_final
grn_n6_e9_pos100_center_rep0,6,9,0.3,0.0,30,9,0.6624420497229287,1.3136794703735681,0.19443617382198658,0.10324977094288593,-0.3368547782948723,-0.7405177813084032,0.7988369286061273,0.1892374819355248,0.6193837351352928,1.3360297299974542,-0.21387373448169256,-0.15161070727298395,1.813866552927782,1.704433489267461,network_sweep_final
grn_n6_e9_pos100_center_rep0,6,9,0.3,0.0,30,9,0.989417871843683,0.5188820083057949,-0.14657133311970635,-0.03548139454036876,-0.1989147069206329,-0.5456921618298431,0.5570531331573066,0.3728736261856057,0.654120344177887,0.9445813095917295,0.030912040744680253,-0.0018498593387164235,1.8088071929058707,2.0096778906964095,network_sweep_final
grn_n6_e9_pos100_center_rep0,6,9,0.3,0.0,30,9,0.798932666764176,1.0895411223395823,0.32585382791613515,0.8966083107185431,0.2156259657085326,-0.27521317135276685,0.39945115814167126,0.38097395782448623,1.2509090436604375,1.3428279464959287,0.11736091646834747,0.70257159220276,2.3290801790801794,1.8957288033458797,network_sweep_final
grn_n6_e9_pos100_center_rep0,6,9,0.3,0.0,30,9,-0.18459970059631237,-0.15828184316994787,-0.5993232291384525,-0.08746548801210718,0.06741615056590707,0.1224475229462385,0.041578043413215776,0.700114759965356,1.0954535091822382,1.154165898856139,0.06950898531163141,0.12849846873836027,2.1418076034934272,1.927358660399596,network_sweep_final
grn_n6_e9_pos100_center_rep0,6,9,0.3,0.0,30,9,1.1166746848485702,1.0680743076010333,1.6565527536289166,-0.09907382328940877,-0.8701910664535334,-1.4844800521778998,1.4075723946499872,0.5879590025639363,1.3548164401776945,1.248947736124897,0.2975845600069855,0.8376804404685498,2.395518233481197,1.874524064328285,network_sweep_final
grn_n6_e9_pos100_center_rep0,6,9,0.3,0.0,30,9,0.8261270072274224,0.22559549263274442,0.05424921237213538,-0.07036182496042706,0.4351497645602394,-0.06554494430209107,-0.26351608703428336,0.4116034183442945,1.1340037291041345,1.4269963283604274,0.2780364037492972,0.7328670547818662,1.8626410547190353,2.0257662135543115,network_sweep_final
grn_n6_e9_pos100_center_rep0,6,9,0.3,0.0,30,9,0.26797973304089556,0.11715071147563286,0.9356929590322267,-0.4142741693485231,-0.053902265253603164,-0.3560931050120784,-0.23860692935471509,0.28974213167838003,0.6149091213639166,0.9896183641060604,-0.11752532474509068,-0.10095678626920358,1.942940860756953,1.3203652742538272,network_sweep_final
grn_n6_e9_pos100_center_rep0,6,9,0.3,0.0,30,9,0.6910079006805507,0.8422579201927061,0.4749824005222902,0.24509570967858382,1.019231979789217,0.08521501618464063,-0.5200039500018332,0.9237181677396284,1.855337765025309,2.147639745794777,0.22455808775015343,0.8712270977853132,2.817140436421483,2.260869708198869,network_sweep_final
grn_n6_e9_pos100_center_rep0,6,9,0.3,0.0,30,9,0.9258109250253752,0.3201674687585079,-0.1941479909588982,-0.6125142870504771,0.49771073697513313,-0.3447748861141286,0.05310599856869843,0.41605468333712003,1.3627373439168926,1.4065290523181586,-0.008518336011878723,1.549356909422374,2.546068504238439,2.156569464756599,network_sweep_final
grn_n6_e9_pos100_center_rep0,6,9,0.3,0.0,30,9,0.8279873029042595,1.1637087133353032,-0.008720634353782382,-0.3084190405356622,-0.6403690130526285,-1.3096056311470543,1.147865967276762,0.4723973101492026,1.4925242770055964,1.5472270109832746,-0.15685124785132243,0.9924592928179744,2.596817899449479,2.1546538703654594,network_sweep_final
grn_n6_e9_pos100_center_rep1,6,9,0.3,0.0,30,9,0.8681962562560609,0.5439857086025544,0.24953107969462074,-0.4457590847580404,-0.6070217160582625,-1.018955931682312,1.2584665003326776,0.4434489114241279,0.9649378470750187,1.0103222665493046,0.34588456886636215,-0.6163835199100082,2.106567369530332,2.0554464622447077,network_sweep_final
grn_n6_e9_pos100_center_rep1,6,9,0.3,0.0,30,9,0.32780615087766846,0.5054253789647527,-0.8904428020076744,0.36891515163733174,0.23944810794343535,-0.19417070488025107,0.6174589646876826,0.20906104649850202,0.5134966072895516,0.7020891179669193,0.44822050164458527,0.2558101562605152,1.814788197955167,1.856148304548717,network_sweep_final
grn_n6_e9_pos100_center_rep1,6,9,0.3,0.0,30,9,0.8282470554047736,0.8006733797243993,-0.3735918510676842,0.08269566944372105,0.016654711488512323,-0.5252071902068247,0.7294774339328771,0.5196771951555126,0.9260459806204435,1.1932004024575262,0.4874696727797384,-0.4582636583973784,2.0596286144009834,2.180085999770649,network_sweep_final
grn_n6_e9_pos100_center_rep1,6,9,0.3,0.0,30,9,0.7596709181993457,0.9425120100361417,0.6524511726523176,0.4991250823799538,1.043796698561525,0.32326943991604723,-0.47888599145058974,1.0047082993083598,1.3946229193228283,1.45368179496932,0.3876459927272573,1.4040340382863832,2.2862948035361836,2.012150575729867,network_sweep_final
grn_n6_e9_pos100_center_rep1,6,9,0.3,0.0,30,9,0.4697275817359202,0.5034299898084802,0.36842086090479553,-0.03264523305348062,1.065414904098752,0.5011379689447264,-0.23490278675959556,1.0065078731245982,1.4816408545917974,1.5587048962729542,0.11981854900778513,1.063996178647078,2.625043611583237,1.7989932165198763,network_sweep_final
grn_n6_e9_pos100_center_rep1,6,9,0.3,0.0,30,9,0.45053097542894427,0.8322265802662264,-0.048544670455923575,0.20618702645621514,0.17112139790854905,-0.3850242914819196,-0.2833722455785635,0.6498163115779547,1.13007713680963,1.3242688380617627,0.32608572840842726,-0.06586684165763516,2.235075718820366,1.8326427687538798,network_sweep_final
grn_n6_e9_pos100_center_rep1,6,9,0.3,0.0,30,9,1.1050438011836163,0.9405218992245332,-0.5787036332123101,-0.21677304709791964,-0.8930722280635918,-1.1412843255485232,0.9367621889995078,-0.19713273708529255,0.5294504320420159,0.5573743452182693,0.07810188655745619,-0.5672314815524276,1.6422821542900392,2.1713476054180703,network_sweep_final
grn_n6_e9_pos100_center_rep1,6,9,0.3,0.0,30,9,1.0758625535690023,1.2215481705232525,-0.5941880982145779,0.5914077760097275,0.4535671554595987,-0.3149641928098544,0.24145497742909514,0.5423525907931176,1.142920601548254,0.9785276873056837,-0.19057500852927567,0.6553677466110643,2.2769776691072985,2.542429591342635,network_sweep_final
grn_n6_e9_pos100_center_rep1,6,9,0.3,0.0,30,9,0.8081760359821849,0.8043382699997017,0.5119792638154198,0.04112864145042808,0.32222841537616326,-0.4384991112842164,0.31718709697983505,0.6342473879237183,1.1552257418866188,1.0437737543440104,0.1926309983386599,0.15244052229076271,2.246037313166943,2.190847766773693,network_sweep_final
grn_n6_e9_pos100_center_rep1,6,9,0.3,0.0,30,9,0.8315639340688172,0.7890144537765678,-0.8646653760121912,0.2025520312070287,-0.15566587591276304,-0.3633649996200358,0.0441412715471945,0.6883893755587361,1.1179322029970222,1.2094309751727268,-0.10023700119140269,-0.24308547248657472,2.145934503519643,2.3036228770930864,network_sweep_final
grn_n6_e9_pos100_center_rep2,6,9,0.3,0.0,30,9,0.24290583351779255,0.608534111170152,-0.03995015146770599,0.3972473866919664,-0.508827825216932,-0.7290973230296398,0.5559460170568956,1.2609301941967483,1.5108458674063818,1.5669020624395846,0.16130224926961825,0.36603283894215816,2.640429285897123,1.9803217040713492,network_sweep_final
grn_n6_e9_pos100_center_rep2,6,9,0.3,0.0,30,9,0.2857054363281072,0.9140743184685228,0.22038801656513057,0.47026112851077045,-0.10633185257838551,-0.4432929652168957,0.08866621118480372,1.5232758717095998,1.467496386781664,1.6821252651694727,0.48198738584170464,0.30714222647966516,2.3734484923210415,1.9563000271333606,network_sweep_final
grn_n6_e9_pos100_center_rep2,6,9,0.3,0.0,30,9,0.3629418334730285,0.4450458775292032,-0.008863084855382881,-0.04120993572784382,0.07085872287903486,-0.2689756970178236,0.34491286803952265,1.8203186918273222,2.4984208250621456,2.2861063382366336,0.7332083339312598,0.24186405695160473,3.0708941264496823,2.3525526197939994,network_sweep_final
grn_n6_e9_pos100_center_rep2,6,9,0.3,0.0,30,9,0.42332196096795216,0.6361284525849443,-0.22171905464374742,0.15522184212324389,-0.09272117673093963,-0.4861445000851623,0.5136603077688413,1.575709090908577,1.9837773288116667,2.017892250264012,0.7191298103834061,-0.14965899787256404,2.8499231342368603,2.428108360125904,network_sweep_final
grn_n6_e9_pos100_center_rep2,6,9,0.3,0.0,30,9,0.6290219722373631,0.3563258881863239,0.25831184339639035,-0.1955282308577569,0.4866942038782035,-0.042877879167388486,-0.24311932500970598,1.9929232938572832,2.567059971011919,2.608314407936373,0.8726921531844235,0.6957274681038835,3.1798941798941804,2.94390331890332,network_sweep_final
grn_n6_e9_pos100_center_rep2,6,9,0.3,0.0,30,9,0.6677457127802505,0.816403542336708,-0.25903904763109187,0.13566126495043884,-0.16819828853733731,-0.6123304208784002,0.13823831301774847,0.92374799432085,1.3287410013234842,1.3933306725283352,-0.042634074449650984,0.5355323200532701,2.236482409728024,1.727802613750326,network_sweep_final
grn_n6_e9_pos100_center_rep2,6,9,0.3,0.0,30,9,0.8632984408188585,0.5566965564921795,0.2569552706610348,-0.604393182399416,0.05164101221753025,-0.4880877087187456,0.31024112536155507,2.2174638752961866,2.3598712115308786,2.309785049099077,0.8358095523395921,0.13972950347618185,2.8723144139810817,2.747052239699299,network_sweep_final
grn_n6_e9_pos100_center_rep2,6,9,0.3,0.0,30,9,0.45612579667463304,0.6590682670759793,0.07348043247703503,0.17601107464851035,-0.19482460990862804,-0.5281444110231054,0.3060854586695939,1.2964596568099271,1.4796483768523645,1.5614439174965902,0.3270351971455605,0.09835445230474109,2.3896535563202232,2.0841999847746973,network_sweep_final
grn_n6_e9_pos100_center_rep2,6,9,0.3,0.0,30,9,0.6126102844511778,0.7788508292829361,-0.3909390793152424,0.27876903265518027,0.3947202397974914,-0.17452460814503307,-0.21867378022236306,1.7947260182729021,2.1184640396439383,2.139255009448217,0.5230865576503043,0.8475949659139775,2.992054846630011,2.4990678046233605,network_sweep_final
grn_n6_e9_pos100_center_rep2,6,9,0.3,0.0,30,9,0.5284682748170876,0.5596007325181676,-0.5998946864104545,0.057446135906225416,0.17946527532693177,-0.4142251660129758,0.09441460311042622,1.157628383085399,1.2632547220399435,1.3848161680618596,0.3806644282042236,0.29673112204534635,2.3964811841904,2.4098166237055128,network_sweep_final
grn_n6_e9_pos50_sign_ratio_rep0,6,9,0.3,0.5555555555555556,30,9,0.2246787649973799,0.5010876811231172,-0.22238219650270594,0.05287630078242387,-0.48898965075126655,-0.42038472291255163,0.6704740837822826,1.0548830826999027,2.9027043624408413,0.2264778773687158,0.16445278363381,0.5006024598277623,3.053095365897299,2.2303237596289605,network_sweep_final
grn_n6_e9_pos50_sign_ratio_rep0,6,9,0.3,0.5555555555555556,30,9,0.19960073111436089,0.1722086374425926,-0.6486777928818104,0.644094052576,-0.7712069628766159,-0.3309172920227684,0.7768468420851657,1.1075173980117687,2.838394910422143,0.03213707126760895,0.040264093525270134,-0.6138135450073638,3.0863247863247865,2.2823853388008875,network_sweep_final
grn_n6_e9_pos50_sign_ratio_rep0,6,9,0.3,0.5555555555555556,30,9,0.20549485522261082,0.3981567035517532,-0.6829262067405023,-0.22619733875806372,-0.8276848846628808,-0.6346245911699017,1.3167197710624479,1.0467066127770568,3.166524576999366,0.11558201400169023,0.06636022865154168,-0.8500332114308636,3.1092672759339433,1.9814258840574632,network_sweep_final
grn_n6_e9_pos50_sign_ratio_rep0,6,9,0.3,0.5555555555555556,30,9,-0.08251233861927323,0.33956228763873514,0.10365358520471299,0.057937599061402875,0.1302137352465593,-0.05022429719982371,0.5718892507363939,1.0444976391237812,2.9597446202599533,0.10031845734063856,0.17867514417060124,-0.05090619253708334,3.153594771241831,1.9152981732802932,network_sweep_final
grn_n6_e9_pos50_sign_ratio_rep0,6,9,0.3,0.5555555555555556,30,9,-0.11050699124679109,0.834552685622245,1.2623473580462095,0.7498088396336153,-0.3486071701377293,-0.2539496686240302,0.6714664892801895,1.036986554089153,3.197275721851072,-0.3615781395567895,-0.0972864749287402,-0.12077488524633159,3.2146248812915488,1.2852621108076712,network_sweep_final
grn_n6_e9_pos50_sign_ratio_rep0,6,9,0.3,0.5555555555555556,30,9,0.3136283358524201,0.4621388362615168,0.10987510885203376,0.9371197022747323,-0.10779777924394886,0.0032775871664110566,0.3180755331029675,1.1161204474106021,2.9147712534220678,0.020825215984710894,-0.09222130613336717,-0.12570088223227266,3.053095365897299,2.229139398554691,network_sweep_final
grn_n6_e9_pos50_sign_ratio_rep0,6,9,0.3,0.5555555555555556,30,9,-0.1598661101893076,0.47547294189154604,-0.4552517257550733,-0.025677083472029832,-0.5156869462716316,-0.4138132899802527,1.1422632488330677,1.0090437208669583,2.9727641740537347,-0.04687246956153747,0.11108498681666966,-0.8790069088337292,3.169298808187698,1.7886961768350023,network_sweep_final
grn_n6_e9_pos50_sign_ratio_rep0,6,9,0.3,0.5555555555555556,30,9,0.6879665733488664,0.2495529496689119,0.02554760288689427,0.029966938010405775,-0.19393216468877686,-0.320199245495989,0.34934586405980245,0.9063528184909291,2.4581092858855027,0.11567305692279428,-0.016571306372688326,0.625630416637966,2.952120119994517,1.789113754800029,network_sweep_final
grn_n6_e9_pos50_sign_ratio_rep0,6,9,0.3,0.5555555555555556,30,9,0.39335315232967555,0.08352819133549709,-0.09044899484426057,-0.1639028301310474,0.33166946779775436,0.3278492176346493,-0.14760514960890916,1.4304340453181628,4.694946877061763,-0.15213997258176976,-0.011160056669507914,0.20034079049780612,3.2626262626262634,2.3909061282249695,network_sweep_final
grn_n6_e9_pos50_sign_ratio_rep0,6,9,0.3,0.5555555555555556,30,9,0.35325263140835766,0.2052289983619039,0.4110093363955075,0.09831305131435181,-0.07449357889082764,-0.025714343852026655,0.09921438715451401,1.0779079739967947,2.653970829638279,-0.013261697160461081,-0.025693261821717505,0.21147085907536198,3.102766798418973,1.7924141985444668,network_sweep_final
grn_n6_e9_pos50_sign_ratio_rep1,6,9,0.3,0.5555555555555556,30,9,0.30970845119389934,0.4540861156030365,0.0807874371097986,0.49262826738704163,-0.3765642496711914,-0.36098678830963626,-0.10532719660417415,1.2763596338706695,1.3846698168601193,0.07500630583131687,-0.2173380662733357,-0.47533131699037257,2.6106030979219392,1.6142939935064768,network_sweep_final
grn_n6_e9_pos50_sign_ratio_rep1,6,9,0.3,0.5555555555555556,30,9,0.7053119580313629,0.4929929058549937,0.7905873729782468,-0.5112740002572476,0.13477124782629557,-0.23169525866076268,-0.13534420167071345,1.206461898615258,1.6508125882098366,0.1752877893255554,-0.15751434209435802,0.49685204645118003,2.8549858214890897,1.9156076186796938,network_sweep_final
grn_n6_e9_pos50_sign_ratio_rep1,6,9,0.3,0.5555555555555556,30,9,0.5136109230027446,0.4534050827328108,-0.5507596904865224,-0.6805826058096199,-0.0966104752044369,-0.4165775766808458,0.7348699264937061,1.601337987993052,2.1354611797123138,0.3145961400343818,-0.08110162301291891,-0.4630479727736048,3.1432045320934217,2.2657084306207116,network_sweep_final
grn_n6_e9_pos50_sign_ratio_rep1,6,9,0.3,0.5555555555555556,30,9,0.6108944701847049,0.6598939249993245,-0.41618391763218976,-0.41807957165879034,0.34232914647490764,-0.08918676582000461,0.284359585767103,0.9669957094073712,1.0589600001017547,0.35065330936791944,-0.1100459937176271,0.3655072343502658,2.6710911799992263,1.9118408430002631,network_sweep_final
grn_n6_e9_pos50_sign_ratio_rep1,6,9,0.3,0.5555555555555556,30,9,0.4452087846518426,0.6786651657939676,-0.5622656893513672,0.08422623756019079,0.7143390432030325,0.39818690654628086,-0.20289649919584238,1.5214684429944172,2.1142681389591944,0.05100028187861562,-0.1166131642396719,0.4211387450957485,3.0913580246913583,1.940873847974026,network_sweep_final
grn_n6_e9_pos50_sign_ratio_rep1,6,9,0.3,0.5555555555555556,30,9,0.6583916676046913,0.17503593938831383,0.4409340744331555,-0.055456206330928355,-0.3767185935976991,-0.4970720512230056,0.5173407460671875,0.9836131964636793,1.3237189753514296,0.43274139390707,-0.16177836180851787,-0.007405845701683958,2.4724827641494316,1.800870682815127,network_sweep_final
grn_n6_e9_pos50_sign_ratio_rep1,6,9,0.3,0.5555555555555556,30,9,0.7523381280199909,0.5826581795969608,0.35256267644621336,0.16190981783540834,-0.14878375045143324,-0.35014260050282214,-0.07261161726780824,0.7438591892176336,0.856883315586071,0.34094783331436074,-0.03573013871757127,-0.20934929350485204,1.8312357300560564,1.8733256925588457,network_sweep_final
grn_n6_e9_pos50_sign_ratio_rep1,6,9,0.3,0.5555555555555556,30,9,0.4009052006490281,0.6885592659745278,-0.03490993675636018,0.2628270023741474,-0.3600751069783596,-0.3267156234281628,0.17224227251223614,1.2649306056986538,1.1039340342409372,0.18570440630374282,-0.3698479446381774,-0.724320648605253,2.5368159937125463,1.4756592455631932,network_sweep_final
grn_n6_e9_pos50_sign_ratio_rep1,6,9,0.3,0.5555555555555556,30,9,0.3409624678160771,0.8940432249086205,0.4061806919671256,0.07875478267706329,0.5676926328058958,-0.0017364651687964956,-0.1648578728778188,1.1629184962633679,1.4889311473273907,0.33431140054448577,-0.13342629292799024,0.09281552260466391,2.782409735024115,1.5514289614435812,network_sweep_final
grn_n6_e9_pos50_sign_ratio_rep1,6,9,0.3,0.5555555555555556,30,9,0.7966904484353843,0.3527244624204051,0.3334582820608631,-0.3435903107597437,-0.4956319520709574,-0.4048277204474843,0.8912916571067668,1.0811447112585952,1.3909587714707154,0.2613839965803872,-0.06361158376507227,-0.18473003520156228,2.5645332630034723,2.116129331815606,network_sweep_final
grn_n6_e9_pos50_sign_ratio_rep2,6,9,0.3,0.5555555555555556,30,9,0.64968758221417,0.5108195350450999,-0.37888014235414574,0.483761782285626,-0.15648098246216352,0.13063392693109166,0.12385130131697107,1.4138860271489533,1.7901685415000792,0.3046992954897649,0.5509773800119964,-0.12665237745621635,2.6958174757882367,2.480564279583888,network_sweep_final
grn_n6_e9_pos50_sign_ratio_rep2,6,9,0.3,0.5555555555555556,30,9,0.05374494595878853,0.7095884585232173,-0.9236544026909934,-0.015609957244362697,-0.19965540872396853,0.03242600092220458,0.390422354804939,1.7488535095088535,2.6803818113171145,0.4890541445178751,0.6372012844517281,0.17697881897775128,3.2505144032921818,2.00511552160589,network_sweep_final
grn_n6_e9_pos50_sign_ratio_rep2,6,9,0.3,0.5555555555555556,30,9,0.8874886734675025,0.7718086885114164,0.2950083522330867,0.15409927655211297,0.8989793433988975,0.6490791260367174,-0.5286902229737201,1.3636766287248148,1.8161087481512024,0.2821878420590915,0.6232225049845619,0.40407003096761485,2.9026590693257366,2.570183173984344,network_sweep_final
grn_n6_e9_pos50_sign_ratio_rep2,6,9,0.3,0.5555555555555556,30,9,0.6907506007410237,0.7677873009458899,-0.2714114577929132,0.05782121973697342,-0.25964237587837874,-0.01956407143961979,0.43278906116042076,1.436415116853079,1.9182826942276296,0.5971832813999908,0.6705494035934089,-0.20257762634261717,2.8345157293686714,2.3131510978733205,network_sweep_final
grn_n6_e9_pos50_sign_ratio_rep2,6,9,0.3,0.5555555555555556,30,9,1.2444135604268005,0.4001808448149609,-0.2943228466976474,0.10121238466151579,-0.24291936269054795,0.36080481865048714,0.09150835700059069,1.4946839158442475,1.6274279956681788,0.36252834563191705,0.6065749335042179,-0.4046323255081862,2.7460406817384038,2.843052009718677,network_sweep_final
grn_n6_e9_pos50_sign_ratio_rep2,6,9,0.3,0.5555555555555556,30,9,0.6520680638672317,0.9293491855233189,-0.11578057304996733,-0.5894037135948537,-0.27715817308142476,-0.06316899496345198,0.10699356378186729,1.3124466620584991,1.8515102159599053,0.5874907759317446,0.6096958120952395,-0.06641810607268868,2.975883440795722,2.0315635198676136,network_sweep_final
grn_n6_e9_pos50_sign_ratio_rep2,6,9,0.3,0.5555555555555556,30,9,1.067685052870442,0.7695326779906472,0.205755794224404,0.3977908652700663,0.28030292105302784,0.4356867731194801,-0.39996366727649135,1.6528414714207877,2.5562229110582946,0.3572551062487933,0.5876805732261359,-0.018610760878222412,3.134833787611566,2.4519585352918694,network_sweep_final
grn_n6_e9_pos50_sign_ratio_rep2,6,9,0.3,0.5555555555555556,30,9,0.4647646684613879,0.9353679795675982,-0.12488174047994338,0.2770939527985814,0.4364517445754092,0.47796542779695944,-0.130823296328269,1.4710266288875973,2.0738458240297013,0.40042259384865025,0.6217558769089022,0.28874950435674335,2.9051123773346,2.4919329641551866,network_sweep_final
grn_n6_e9_pos50_sign_ratio_rep2,6,9,0.3,0.5555555555555556,30,9,0.663508520491643,0.7283667101239939,-0.24521844404845278,0.1013324584602455,-0.006236862656833221,0.14803838260198118,0.18261456043770427,1.3552472212267768,1.6473259677120904,0.3461195925036164,0.6139681647107306,-0.0754441462251159,2.633629321537819,2.2802372524594747,network_sweep_final
grn_n6_e9_pos50_sign_ratio_rep2,6,9,0.3,0.5555555555555556,30,9,0.6037233602199679,0.29862641211034807,0.27696552978681793,0.2296693530194484,-0.7035109205625242,-0.03964532621294981,0.3450958942889025,1.7001826401355307,2.8956236186528765,0.3721587974510895,0.6415585725080392,-0.79857913310236,3.2146248812915488,2.1666795139017365,network_sweep_final
grn_n10_e10_c5_a0_pos50_rep0,10,10,0.1111111111111111,0.5,90,10,0.8850464488740398,0.7135943363055872,-0.24459589973958837,-0.15747384399873526,-0.1360963999684677,-0.27954903542917675,0.05571098970939634,2.6034112728060745,1.8660724003255549,0.2400529927861679,-0.22694989632981716,0.1522984411485534,4.84021106639848,3.609117892415998,mixed_network_sweep
grn_n10_e10_c5_a0_pos50_rep0,10,10,0.1111111111111111,0.5,90,10,0.803469479380665,0.7822810959648338,-0.037181402849304095,-0.03731574513671558,-0.36356902364232074,-0.26084122809338395,0.23315387480781324,2.600767240495418,1.8447782496102778,0.28428506334839193,-0.3465687477026158,-0.19555645919053916,4.96373887251529,3.6052266291763106,mixed_network_sweep
grn_n10_e10_c5_a0_pos50_rep0,10,10,0.1111111111111111,0.5,90,10,0.6759185780913943,0.6682249923000086,-0.12082882103158013,-0.07902284091139189,0.5378469659594761,-0.1139489256333871,-0.37961365725011775,2.6161041144178023,2.001042847493555,0.20258120406610797,-0.3970729011738516,0.1354460070845046,5.409368480883907,3.3974618256110296,mixed_network_sweep
grn_n10_e10_c5_a0_pos50_rep1,10,10,0.1111111111111111,0.5,90,10,0.3785072859878376,0.462671215114869,0.18953662859776169,-0.16024408162564097,0.22837375103068414,-0.19296101773009253,0.11375062209790816,2.753923640750204,2.2084734686117566,0.3134055921470615,-0.04993491837415555,0.1549124175484113,4.677391970774323,1.9984244523046846,mixed_network_sweep
grn_n10_e10_c5_a0_pos50_rep1,10,10,0.1111111111111111,0.5,90,10,0.3690344290539553,0.45477671114157686,0.2966058016761775,-0.25772058065029524,-0.22941867303743632,-0.2510699704265427,0.6603244540352999,2.531885026763258,1.8750596383648996,0.4560365868281205,-0.006643232203778471,-0.4707581719479732,3.8100003232062054,1.9734655597911412,mixed_network_sweep
grn_n10_e10_c5_a0_pos50_rep1,10,10,0.1111111111111111,0.5,90,10,0.302409511984821,0.4977071820649916,-0.05588585493857216,-0.09571782731055495,0.1527700039776752,-0.16617586983437987,-0.005319048159562088,2.514318224388084,1.8584669923694375,0.361097742821868,0.02223204015499646,-0.1436015085343064,4.232700743658979,2.0051327005467874,mixed_network_sweep
grn_n10_e10_c5_a0_pos50_rep2,10,10,0.1111111111111111,0.5,90,10,0.7769085163248916,0.785381960520243,-0.250972451830953,0.0442037844192587,0.04472043893487973,-0.4300271346061046,0.28496065339593774,2.4044803111868376,1.7373716469327516,0.4756277139274501,-0.25659379868199816,-0.06551625712608002,4.844021366017882,3.5105743074162237,mixed_network_sweep
grn_n10_e10_c5_a0_pos50_rep2,10,10,0.1111111111111111,0.5,90,10,0.9821859619383728,0.6318323390481039,1.0990707123211385,0.28649341831229086,-0.43728071765022825,-0.4846045722991178,0.2533414248543076,2.3699226092314065,1.9294301519069939,0.49055020422722406,-0.11899839136564853,-0.3727112490717933,5.3807566038770664,3.6111748573190168,mixed_network_sweep
grn_n10_e10_c5_a0_pos50_rep2,10,10,0.1111111111111111,0.5,90,10,0.7642011745449694,0.621229876908197,-0.14810890400444934,0.1632008259469279,0.22227703185617056,-0.3504600702378106,-0.18996326848386672,2.333951613739706,1.682993447886815,0.43162587016872067,-0.2843530984578075,0.1879510344103823,5.087942992067033,3.6057880771970763,mixed_network_sweep
grn_n10_e10_c5_a5_pos50_rep0,10,10,0.1111111111111111,0.5,90,10,1.379720760148097,1.4051865627542532,-0.02531622900438515,-0.0797570964973143,0.42701453582165516,-0.27503409157690845,-0.2951009073661767,2.220047083350064,2.6955714116585274,0.319612174442299,0.07516264365231572,0.24003493588863417,6.754276267211051,4.746520979020979,mixed_network_sweep
grn_n10_e10_c5_a5_pos50_rep0,10,10,0.1111111111111111,0.5,90,10,1.3621954409019397,1.2703955888531548,-0.07927673019234324,0.04386585862212281,-0.40470479457281205,-0.5306109969031313,0.08176843771895251,2.250013511593626,2.5796839528876414,0.4225225364383193,-0.007216792959519836,-0.4720439871183242,6.3301588446383334,4.4708874758872055,mixed_network_sweep
grn_n10_e10_c5_a5_pos50_rep0,10,10,0.1111111111111111,0.5,90,10,1.2044758972562353,1.3447795526973496,0.18024124030930808,-0.5931634825948849,-0.22798773599825561,-0.5472252841327964,0.49022077604406367,2.345134644294642,2.7375286105147354,0.2983411500341895,0.043497582131111316,-0.07346909377701931,6.31642857142857,4.38078926095127,mixed_network_sweep
grn_n10_e10_c5_a5_pos50_rep1,10,10,0.1111111111111111,0.5,90,10,0.6897638416876752,0.7163546160689037,-0.1468356752963452,-0.5301152221599055,0.2645886853681972,-0.16516747126366094,-0.009570175497569982,1.9412653467611727,3.010815514785703,0.09313335110817265,-0.5425047749264233,0.1667323184847944,7.2199523270846795,5.245167681780584,mixed_network_sweep
grn_n10_e10_c5_a5_pos50_rep1,10,10,0.1111111111111111,0.5,90,10,0.06912017893732882,0.6185402490261573,-0.5956143824890542,0.2459403347728725,0.3465769888178421,0.29833137946899624,-0.04021383837279493,1.9752240812629018,3.054584751866382,-0.0029288013161925717,-0.6197145192611442,0.27011041220539733,7.5212651821862355,4.9839992846896335,mixed_network_sweep
grn_n10_e10_c5_a5_pos50_rep1,10,10,0.1111111111111111,0.5,90,10,0.23594981375980048,0.18786295488561433,-0.11984497204144857,-0.0442500961194822,-0.2931297373351249,-0.3691332534581328,0.22826270086614034,1.6451899275728545,2.2683810652718543,-0.2659494107254969,-0.4402496364739963,-0.3479588439383044,6.462887081440258,4.894601018443018,mixed_network_sweep
grn_n10_e10_c5_a5_pos50_rep2,10,10,0.1111111111111111,0.5,90,10,0.46788737734979013,0.5216235707348749,-0.3014312270619238,0.061032629963571235,-0.17124764915954074,-0.3221672445845861,0.18614082429544235,1.933967679960458,2.704650999390529,0.7426258921922683,-0.10903491954645801,-0.796394598993367,6.214493350852046,5.971090222704792,mixed_network_sweep
grn_n10_e10_c5_a5_pos50_rep2,10,10,0.1111111111111111,0.5,90,10,0.8488059292633023,0.8962421029889344,-0.062015983616304345,0.15423968855410705,0.151226962176915,0.25617852119825224,-0.07867811048900247,1.7778391731427317,2.4810088769727745,0.3507494222905279,-0.045953304573468974,0.20539745635156254,6.397219203430841,5.743221851677734,mixed_network_sweep
grn_n10_e10_c5_a5_pos50_rep2,10,10,0.1111111111111111,0.5,90,10,0.23557385678143689,1.114246610996806,0.15933528556676527,-0.14142633817966846,0.11910232914346937,-0.035960054354303043,-0.1551803781890874,2.040300007659964,3.0402378295133103,0.7101001202348828,-0.1044960015246478,0.06694520816273151,7.478506493506493,5.592872743822894,mixed_network_sweep
grn_n10_e10_c8_a0_pos50_rep0,10,10,0.1111111111111111,0.5,90,10,0.9025606317357846,1.001660676012598,-0.22919014775063792,-0.6648746793594389,0.21759614190070667,-0.565351109023511,0.1451153022367363,2.350727964762982,2.2610674383483134,0.5820430784813544,-0.027954585177199214,-0.24677396745412766,5.389699357437694,3.4122453506196875,mixed_network_sweep
grn_n10_e10_c8_a0_pos50_rep0,10,10,0.1111111111111111,0.5,90,10,0.8545447178619207,0.9352407034000895,-0.2793251837466286,0.1014614114287572,0.007448902349075605,-0.4995761492017366,-0.053921480043370835,2.587480551648751,2.2450722529591545,0.6351131201979137,0.004544844535209632,-0.09419864763709809,5.446394903271171,3.2090152392798457,mixed_network_sweep
grn_n10_e10_c8_a0_pos50_rep0,10,10,0.1111111111111111,0.5,90,10,0.963828189102959,1.0136027426751848,0.23976717820898666,-0.06137537960113479,-0.020536680426109507,-0.6137989543527888,0.1939859655684826,2.4471833945147385,2.059643989509393,0.6132376881429525,0.15672656098289203,0.10580079637512078,5.522252258610954,2.739828214133313,mixed_network_sweep
grn_n10_e10_c8_a0_pos50_rep1,10,10,0.1111111111111111,0.5,90,10,1.238062447343738,1.1053540112312492,0.13650789894009024,-0.12425851939000392,0.1800046145460817,-0.25929518723207734,-0.04035484376721694,2.627917360708772,2.4116072522557643,0.35349152674885737,-0.006837172221491763,0.11363452729499528,6.492102966692749,4.923040268248249,mixed_network_sweep
grn_n10_e10_c8_a0_pos50_rep1,10,10,0.1111111111111111,0.5,90,10,1.2068706182597557,1.2580049313686807,0.7537210690021942,-0.2526300705946086,-0.5100098244164462,-0.4246265293924954,0.2919423229724947,2.330496924885038,2.3824400347731585,0.36012343584885825,0.003602000127042678,-0.6035070192719479,6.28147527344778,4.331075817094314,mixed_network_sweep
grn_n10_e10_c8_a0_pos50_rep1,10,10,0.1111111111111111,0.5,90,10,1.0849211710401092,1.148455545429676,0.11780406569808846,-0.17947741382189247,-0.15060943459679998,-0.2870361516514825,0.38395581963155245,2.605848003343171,2.352829129385322,0.2886413395244087,-0.043535442779273056,-0.36747678577438475,6.656319224254006,3.8799434894752265,mixed_network_sweep
grn_n10_e10_c8_a0_pos50_rep2,10,10,0.1111111111111111,0.5,90,10,2.0739406037685355,1.9776605248596457,-0.14745821180963486,0.4850946954956274,-0.2815268898542314,-0.4749643927099655,0.4202211789672071,2.008617516963384,3.668802557894675,0.9906930425418418,-0.08292931799889622,-0.3076253600901335,7.589326625386996,5.640122180451128,mixed_network_sweep
grn_n10_e10_c8_a0_pos50_rep2,10,10,0.1111111111111111,0.5,90,10,1.931707968483818,1.9914050682784412,-0.10966258854959385,0.2097898348645403,0.5581728530954873,-0.22162315592507337,-0.3493089118555369,2.3063039980413675,3.745959521191846,0.8685883836989016,-0.09158225311160284,0.6363765537531153,7.911331168831168,6.652585576188517,mixed_network_sweep
grn_n10_e10_c8_a0_pos50_rep2,10,10,0.1111111111111111,0.5,90,10,2.0115344461115656,1.895317845931633,-0.5525958454799914,0.25194627446136225,0.005978942446663124,-0.39508735301989445,0.3509456524185894,2.5460620913741616,4.3581837806889245,0.7240037726737624,-0.14819750163042278,-0.3844216301951141,8.444577922077922,7.2100365363536705,mixed_network_sweep
grn_n10_e10_c8_a5_pos50_rep0,10,10,0.1111111111111111,0.5,90,10,1.1979885241315875,1.2222485241575083,0.28317870004021156,-0.20636598774986095,-0.22020973601638325,-0.6307026971345596,0.07061654968800182,2.1695789626148927,2.6828935687480486,0.6468107278391,0.33156745115813796,0.09968320655129408,6.129021107610925,4.173124019273409,mixed_network_sweep
grn_n10_e10_c8_a5_pos50_rep0,10,10,0.1111111111111111,0.5,90,10,1.261604515689455,1.1868145193826716,0.4379177799383978,0.5472670486405329,0.16867869532465476,-0.29164875627482034,-0.37145025221475236,1.9904766142645065,2.3242529821704334,0.7279842198122167,0.22398388279210896,0.08289996708899049,5.463183209054373,4.354611063901037,mixed_network_sweep
grn_n10_e10_c8_a5_pos50_rep0,10,10,0.1111111111111111,0.5,90,10,1.1284660707047196,1.22971234436137,-0.30993500829440646,0.47362636578529543,-0.1704513135605808,-0.4881212563274364,-0.10961464100383907,1.656992858141238,2.2736846308163265,0.7437239150075373,-0.07909467050806265,-0.19351341452392706,5.241961196698038,4.232578899042134,mixed_network_sweep
grn_n10_e10_c8_a5_pos50_rep1,10,10,0.1111111111111111,0.5,90,10,1.0962666094980595,1.1142238998699652,-0.8125568155960409,-0.13422642585913375,0.20712665014583667,-0.20124698197709667,-0.30770074365780464,1.8018636308685907,2.1645484531385764,0.4944655595577597,0.017874706590238095,0.4354926980747222,5.653838749192663,4.861717332362494,mixed_network_sweep
grn_n10_e10_c8_a5_pos50_rep1,10,10,0.1111111111111111,0.5,90,10,1.3806972192845792,1.1482021939261717,-0.4879763568729286,0.08801734963486257,-0.1322559237890716,-0.4006626318901422,0.2813973037156493,1.3399545973543954,2.069187367877646,0.5842241013026835,0.13530499434533952,-0.12015114408353773,4.276183401553207,5.18052971699788,mixed_network_sweep
grn_n10_e10_c8_a5_pos50_rep1,10,10,0.1111111111111111,0.5,90,10,1.0801950655912735,1.2453411206501215,0.25821858481937593,-0.4826436984264089,-0.15183835312882898,-0.5131200205390298,0.11210069085879691,1.4583646775398447,2.182999117430647,0.8792808778118745,0.20875180156216344,-0.38795817186622245,5.623064559036469,3.8844316615565404,mixed_network_sweep
grn_n10_e10_c8_a5_pos50_rep2,10,10,0.1111111111111111,0.5,90,10,0.8779037902369946,0.9493271977322285,-0.06647612221368608,-0.17521835842533706,-0.0318161032567982,-0.39509732677526244,0.1204914715093895,1.908187585165727,1.678468197408282,0.33654378677648317,-0.1429193987340374,-0.42874864964171683,4.7594747574157585,3.5755745652198354,mixed_network_sweep
grn_n10_e10_c8_a5_pos50_rep2,10,10,0.1111111111111111,0.5,90,10,1.0300379986269856,0.917611225842301,-0.4735059260758763,0.3093948656953617,0.3217806573387657,-0.2028944441590177,-0.44938194221406497,2.0826066842319255,1.792004935398193,0.22811560480104262,-0.2083486263731352,0.03000274479976023,5.018951052620954,3.6760740660940887,mixed_network_sweep
grn_n10_e10_c8_a5_pos50_rep2,10,10,0.1111111111111111,0.5,90,10,0.9334616019458868,0.9527545727133762,0.3061989956446234,-0.6220984521643448,0.09144004457330297,-0.32010551304597734,0.0001414546759223299,2.1090566212721944,1.7681566607652397,0.43795744319521884,-0.2008901364993591,0.18344405881535147,4.901997026073094,3.3562077059544233,mixed_network_sweep
grn_n10_e20_c5_a0_pos50_rep0,10,20,0.2222222222222222,0.5,90,20,0.6093290245750351,0.23025194927419035,-0.15525866916625253,0.08559295441905956,0.3576486054431311,0.11356197126679476,-0.44147277480657676,1.296752973952468,1.2580439858655539,0.6115882028145562,0.08258213631808761,0.42439980588263465,2.629887744650655,2.5502489878560035,mixed_network_sweep
grn_n10_e20_c5_a0_pos50_rep0,10,20,0.2222222222222222,0.5,90,20,0.19351338746909794,0.3902857567516958,-0.23119502745991338,-0.21368464829721512,-0.2631593860013318,-0.47717913857531247,0.3518479217565394,0.6477920545741307,1.0534508766122335,0.26811018236789885,0.21170956101239036,-0.1441118144550021,2.4428400632183673,2.5712388769463717,mixed_network_sweep
grn_n10_e20_c5_a0_pos50_rep0,10,20,0.2222222222222222,0.5,90,20,0.28738588832043094,0.7275968789351241,0.30575192307584204,0.4305035550311526,0.3824838087695873,0.3767700237183206,-0.7345682620812218,0.7091431503486092,1.0575395567754264,0.3567940139280093,0.21746814133482884,0.1228451912227305,2.45814144451234,1.8211748311832252,mixed_network_sweep
grn_n10_e20_c5_a0_pos50_rep1,10,20,0.2222222222222222,0.5,90,20,0.3184512480480622,0.42805773532469477,-0.14393751463179164,0.16921028419972686,-0.0809960146784587,-0.12812169909212298,-0.04051388550659804,1.090174026406856,1.1476631164898485,0.23225715966221736,0.5654788388552825,0.2700653282412372,2.437968648960551,1.709160696670304,mixed_network_sweep
grn_n10_e20_c5_a0_pos50_rep1,10,20,0.2222222222222222,0.5,90,20,0.42575686975511373,0.7006807374702737,0.35327775644881687,-0.06728217895545939,-0.08421172841815491,-0.18180067896353624,0.12720461622054582,1.0857998048623627,1.1913893556597022,0.09350689587589872,0.14105841556002666,-0.07818937921383252,2.5676901778820356,1.9987498591420647,mixed_network_sweep
grn_n10_e20_c5_a0_pos50_rep1,10,20,0.2222222222222222,0.5,90,20,0.41542033946654633,0.5630443057430441,-0.24611479553524973,0.23935719035545794,-0.08430266124912131,-0.08581888838776462,-0.07882797301796628,1.4061532202272193,1.4075500087433264,0.2281410304703939,0.6892725360399938,0.10251838668500261,2.81168870646473,2.0533175871497327,mixed_network_sweep
grn_n10_e20_c5_a0_pos50_rep2,10,20,0.2222222222222222,0.5,90,20,0.16686618344740717,0.06808448938038489,0.229791614965848,-0.22076284050819817,-0.07360405932569859,-0.3570364064550976,0.3662628776788826,0.8776856172717439,0.6201333206827515,0.5056800528314868,0.5175410571136009,0.09668562336092229,1.6762467543585717,1.3602023541868058,mixed_network_sweep
grn_n10_e20_c5_a0_pos50_rep2,10,20,0.2222222222222222,0.5,90,20,0.012132944757809664,0.005343248544408669,0.04940899462860181,0.17628710077563936,0.06047139268774433,-0.2893993483395488,0.1492490415103124,0.8184941849196662,0.567085905066942,0.4726936381326339,0.3356679888868171,-0.013408729042409785,1.7262900579866787,1.0569804051907936,mixed_network_sweep
grn_n10_e20_c5_a0_pos50_rep2,10,20,0.2222222222222222,0.5,90,20,-0.001268029779036838,-0.026443915092213114,0.026156420422654644,-0.04950516562534991,-0.027026519356239495,-0.3475866848384267,0.31786499365913423,0.8642939877497108,0.5334302800429707,0.48033266124056917,0.5278612254039985,0.09716523680368393,1.4942421514502704,1.0502252375285137,mixed_network_sweep
grn_n10_e20_c5_a5_pos50_rep0,10,20,0.2222222222222222,0.5,90,20,0.48258328116588545,0.4705753799322997,-0.0700446127304811,-0.24188414291472585,-0.030164766863857283,-0.3450601508897302,0.15146876116318717,0.686432349892893,0.661794187644369,0.4445906351853252,0.1283169288797647,-0.3003255286119488,2.0394223105926805,1.6901664107831387,mixed_network_sweep
grn_n10_e20_c5_a5_pos50_rep0,10,20,0.2222222222222222,0.5,90,20,0.4702566229479611,0.4666881762917108,0.1329302226186446,-0.24634464202471976,-0.10609136000406125,-0.34926756880001303,0.17902781118331973,0.9411346782352179,0.6578207259920665,0.42767285191859883,0.23208889740124997,0.052222841254677306,1.9363146426048816,1.7108784547394986,mixed_network_sweep
grn_n10_e20_c5_a5_pos50_rep0,10,20,0.2222222222222222,0.5,90,20,0.4752408124311053,0.46925211088300484,-0.1859359053575997,0.03626213920262836,-0.09374659451854855,-0.4081448424360628,0.11881662569023464,0.9890974722750342,0.7548120358195978,0.46084249394151766,0.6532200278817946,-0.2537868241037165,1.9318308291703743,1.9372228743446325,mixed_network_sweep
grn_n10_e20_c5_a5_pos50_rep1,10,20,0.2222222222222222,0.5,90,20,0.29468154713492917,0.25522349236736663,-0.02093386694970969,0.06591721286574752,-0.1634131187968363,-0.3388969929220768,0.505364944733552,0.8894644886083036,1.08205375009727,0.6614521950675114,0.5275151412124158,0.0111174817087667,2.3153007600854654,1.5653453798625734,mixed_network_sweep
grn_n10_e20_c5_a5_pos50_rep1,10,20,0.2222222222222222,0.5,90,20,0.21564761257701404,0.23696344569815964,0.20060395477288046,0.264978048337383,0.08586968210063765,-0.22242890630391612,-0.16418597427789128,1.1169542329010325,1.3530377935011395,0.43719133268317634,0.35847923006660104,0.285769956114519,2.7878147821454964,1.5154776925315983,mixed_network_sweep
grn_n10_e20_c5_a5_pos50_rep1,10,20,0.2222222222222222,0.5,90,20,0.23889640871309673,0.13916185994521296,-0.08456825135110485,-0.05728322816359265,-0.2243601909185873,-0.42640979719583316,0.24324994238042888,0.934350552392778,1.2470075587869072,0.5881231843373368,0.5388285183921615,0.03936377054810806,2.6452675276434405,1.561146276253995,mixed_network_sweep
grn_n10_e20_c5_a5_pos50_rep2,10,20,0.2222222222222222,0.5,90,20,0.6383493198771061,0.7932382832742066,0.06694480673116218,-0.2708711115944648,0.19759864014442258,-0.14903843903001768,0.2378774879145331,0.6804791327843588,1.556085758777614,0.25461743634269457,0.41981050959630345,0.09615420374695645,3.115725697097865,2.3434474441035644,mixed_network_sweep
grn_n10_e20_c5_a5_pos50_rep2,10,20,0.2222222222222222,0.5,90,20,0.7531594731209323,0.7159984894899349,-0.003948879913031156,-0.28647976638385053,0.4276751174776355,-0.0021127760124779473,-0.27267027048815146,0.7631293199625137,1.4440131433104575,0.3723415625212782,0.540984619933462,0.38688762315666564,3.090519977069276,2.359540494934983,mixed_network_sweep
grn_n10_e20_c5_a5_pos50_rep2,10,20,0.2222222222222222,0.5,90,20,0.6824415202979157,0.7571930762864401,-0.42228274247044467,-0.3482950144136383,0.04092216233637564,-0.2320989796314154,0.1315942010112632,0.9718419345743786,1.8699955759133895,0.3948122948375825,0.5352933026740371,-0.05971593548984619,3.4063632313864733,2.772925703599829,mixed_network_sweep
grn_n10_e20_c8_a0_pos50_rep0,10,20,0.2222222222222222,0.5,90,20,0.35839771275470667,0.4652373192576099,0.03140133158018741,0.19279520568725608,-0.10876787962993724,-0.1503741640198506,0.2835458082150493,1.0670790607819547,1.008176942781538,0.30174904713522316,0.2652044795554788,0.05795885414533547,2.1719043966614286,1.4945932326513245,mixed_network_sweep
grn_n10_e20_c8_a0_pos50_rep0,10,20,0.2222222222222222,0.5,90,20,0.48797666514287497,0.4692437780666452,-0.08952480957814091,0.4719486695966338,-0.08989100259144074,-0.12291130561112532,0.24678758959811364,1.1826596931393873,1.090427589717987,0.24492742289698133,0.21634869781606644,0.0606813709659076,2.2340258905413233,1.6204385060374977,mixed_network_sweep
grn_n10_e20_c8_a0_pos50_rep0,10,20,0.2222222222222222,0.5,90,20,0.5992348155310213,0.4903024033827062,-0.22882892966391985,-0.5049105219804179,0.7419210701508127,-0.09516374088410041,0.20117431883705933,1.0916574235622654,1.111575649128484,0.3168314299839177,0.29438387375856695,0.47351557848242254,2.262556451948257,1.765183857912974,mixed_network_sweep
grn_n10_e20_c8_a0_pos50_rep1,10,20,0.2222222222222222,0.5,90,20,0.6757898496812739,0.6929792016519909,0.1499104183293135,-0.5894160053451648,-0.33364172555665034,-0.6991814667346923,0.6467939568226976,1.4141050450226869,1.4570499356074726,0.6197630838972545,0.1027734193413934,-0.31208423604678437,2.8615025010716684,2.194437444171033,mixed_network_sweep
grn_n10_e20_c8_a0_pos50_rep1,10,20,0.2222222222222222,0.5,90,20,0.6737628515406938,0.6983874819945861,0.038474378559965286,-0.24624295406703714,-0.2399581013371479,-0.5018120721231211,0.4388467645146975,1.3358463249979244,1.6780307622936532,0.6967491762933791,0.06202741098294734,-0.30694809960464614,3.1697142235867504,2.190800764363138,mixed_network_sweep
grn_n10_e20_c8_a0_pos50_rep1,10,20,0.2222222222222222,0.5,90,20,0.6270497492184002,0.661188813499842,-0.2034510009804135,-0.077165988680892,-0.12273697662849768,-0.5364315647744055,0.5320295605067431,1.4450289885741217,1.5155915849197246,0.710468849214887,0.10488674645744248,0.3769641704326037,3.0463846197728572,2.3035595295538225,mixed_network_sweep
grn_n10_e20_c8_a0_pos50_rep2,10,20,0.2222222222222222,0.5,81,17,0.30863139975731585,0.4652012188334791,-0.26733324211778503,-0.004807038405836319,0.07136956733373613,-0.28704512177745517,0.36076201945842673,0.869934427483311,0.8931131129334522,0.5309103865476119,0.24327267206927494,0.18217690851124968,2.1371145380442647,2.0821596526762867,mixed_network_sweep
grn_n10_e20_c8_a0_pos50_rep2,10,20,0.2222222222222222,0.5,90,20,0.5568511668986729,0.46528126561713234,0.11665126525374768,-0.22821225750965315,-0.1992643522708317,-0.18931058908751142,0.30585665147116187,0.6085657790479259,0.7525269254725594,0.4178540321283125,0.10219057639706626,0.1792205632184354,2.0311929060013427,1.7727622068026525,mixed_network_sweep
grn_n10_e20_c8_a0_pos50_rep2,10,20,0.2222222222222222,0.5,90,20,0.46935993784793506,0.36304467544761915,-0.004032774925451189,0.15449926382956314,0.3757672564640369,0.06302803794310598,0.10883260680317623,0.9437370176221094,0.9423110203628764,0.26506363153483015,0.1629064672294326,0.39461842882515263,2.2177987192486377,1.7697626168315372,mixed_network_sweep
grn_n10_e20_c8_a5_pos50_rep0,10,20,0.2222222222222222,0.5,90,20,0.35970719045586336,0.31923240637568273,0.15970747847288025,0.061854194809230593,0.3221932861768728,0.07309987652645993,0.07919567231879766,0.8635861319223124,1.0772713879740168,0.44658228366546443,0.11310706084314517,0.3250487958423701,2.2689747323704377,1.6633963981395328,mixed_network_sweep
grn_n10_e20_c8_a5_pos50_rep0,10,20,0.2222222222222222,0.5,90,20,0.36949619756589164,-0.10870262557145724,0.0354518309158258,-0.023610243540218737,-0.5462638129320668,-0.6667864742600178,0.47851027201002,1.1450071876491243,1.2266167339683927,0.7949896530113862,0.17270353390523685,-0.37277555893820796,2.632934880380324,1.8828595371366172,mixed_network_sweep
grn_n10_e20_c8_a5_pos50_rep0,10,20,0.2222222222222222,0.5,90,20,0.48086529372190284,0.0866243969145447,0.027751238784383216,-0.40311879245649773,-0.10516846269910465,-0.22677628732403793,0.2622173777053721,0.9365357855335843,1.0097938312076282,0.49620036186984445,0.2393306461213279,0.43770693546470124,2.2746724387104353,2.3044911496700538,mixed_network_sweep
grn_n10_e20_c8_a5_pos50_rep1,10,20,0.2222222222222222,0.5,72,14,-0.2620073353272552,0.6178711855933495,-0.13249664370275133,-0.019342659362516484,-0.1266237143961598,-0.13552215734963471,0.1491458379773624,0.5104824275696654,0.6258417543096998,0.258354818733184,0.24078902282003897,-0.21639585996160576,2.0813345805112324,1.7777962102689082,mixed_network_sweep
grn_n10_e20_c8_a5_pos50_rep1,10,20,0.2222222222222222,0.5,90,20,0.21429959541861993,0.36675548714196504,0.02709260801852963,0.33210487440081043,-0.011775192357637077,0.10836294683429873,0.11200258260259718,0.3146883318825049,0.3666691182480474,0.20641687215991283,-0.1329420106858809,0.08912391505960326,1.575381869357783,1.268177958055269,mixed_network_sweep
grn_n10_e20_c8_a5_pos50_rep1,10,20,0.2222222222222222,0.5,72,14,0.10473809306914207,0.598592613907824,0.23600507429020748,0.4521420225889258,-0.4638221013550359,-0.21019879410703043,0.2269293642711461,0.4258436081662373,0.5963333111647398,0.5332506189561446,0.060806815588071064,-0.18193913132293985,2.081014178403558,1.5305492429406231,mixed_network_sweep
grn_n10_e20_c8_a5_pos50_rep2,10,20,0.2222222222222222,0.5,90,20,0.4162787670230643,0.45000896259186807,0.11533559595447782,-0.522064254317549,0.2318295995218858,-0.4819466767769217,0.5556542349700799,0.8794143189193997,0.9107581618136946,0.5756759373348128,0.6269349889812007,0.22051514069573838,1.9422719441617105,1.5805691715922552,mixed_network_sweep
grn_n10_e20_c8_a5_pos50_rep2,10,20,0.2222222222222222,0.5,90,20,0.4172202747928838,0.4003949233016708,0.0972638469433933,-0.40419781603308436,0.2536112185227888,-0.3876063379849828,0.07740928693646984,0.6854061721517244,0.7694815975958017,0.5822982428515769,0.5878199749956016,0.36205573881924835,1.8153434728868187,1.679801451910891,mixed_network_sweep
grn_n10_e20_c8_a5_pos50_rep2,10,20,0.2222222222222222,0.5,90,20,0.3799937553648899,0.4199634221669182,-0.21137328119318202,0.11800194220805893,-0.12452352715409241,-0.46738645495379383,0.3095850313398139,0.6779640284570873,0.8848682439505237,0.6199069327876255,0.4785780799165971,0.07178487710779707,1.8242391885591973,1.5160199313464446,mixed_network_sweep
grn_n6_e12_c3_a0_pos50_rep0,6,12,0.4,0.5,30,12,-0.08153966095274423,0.035274295767886175,-0.2934633359008331,-0.3188845696160875,-0.022075880143710872,-0.3512043769175073,0.3461652328055215,0.6653107449805408,0.8354006400440427,0.41036128510533654,0.45536791848209973,0.14004093489071778,1.6271060903885082,1.1913178106774358,mixed_network_sweep
grn_n6_e12_c3_a0_pos50_rep0,6,12,0.4,0.5,30,12,0.09343777276454877,-6.092431104561635e-07,-0.10188754721651713,0.3674891295161295,0.27500634004342583,-0.29187734675495697,0.24475948608014353,1.0218076746192395,0.9345633471069983,0.5085004230836964,0.7860105239077172,0.20603986126303833,1.6473837045987783,1.2398043629129154,mixed_network_sweep
grn_n6_e12_c3_a0_pos50_rep0,6,12,0.4,0.5,30,12,0.031109392105569178,-0.035882700645978184,0.6415653813584876,-0.3860737270650079,-0.41030301295804106,-0.42864564645676645,0.37337166989252646,0.8032261885496799,0.9366434783217105,0.42600570387076836,0.5026309250026267,-0.44250960307554293,1.7025472396316388,1.1704007107182164,mixed_network_sweep
grn_n6_e12_c3_a0_pos50_rep1,6,12,0.4,0.5,30,12,-0.21120093933287165,-0.18949726385076177,-0.5883820768024081,-0.12755774943293924,-0.06433020069173213,0.2874862793572664,-0.10400624146374017,1.6254850376101797,-0.0453274126898774,-0.24910481451840696,0.3200181848069879,0.10079644591268758,1.141929039743804,1.081819728556907,mixed_network_sweep
grn_n6_e12_c3_a0_pos50_rep1,6,12,0.4,0.5,28,11,-0.2933936072676523,-0.296881576010904,0.46659287272287403,-0.1488670885644967,0.11827394613044451,0.34264075279525497,0.12734170588002988,1.8077108820048065,-0.10058919675964534,-0.28560885318757967,0.7028269722467493,0.1792138871287111,1.1399038109176733,0.8930587303622839,mixed_network_sweep
grn_n6_e12_c3_a0_pos50_rep1,6,12,0.4,0.5,28,11,-0.30455369498386575,-0.2837188473540494,0.14794305216754794,0.11897115189176959,0.2986210703762768,0.3823083052618097,-0.20722533623943545,1.5161238736919378,-0.12179804306122495,-0.36065037508375963,-0.22985709096611875,0.1896961480938336,1.1333662460617469,0.8689034006975255,mixed_network_sweep
grn_n6_e12_c3_a0_pos50_rep2,6,12,0.4,0.5,30,12,1.0125835681523243,0.8445703918592408,0.7429349943151247,0.000783451857597012,-0.2017140922680536,-0.7900591715843907,0.9535740920070668,1.0154987332045333,1.6334319150142091,1.319892108025152,0.6973295115845818,0.09340170552094462,2.16228240316782,2.075903627873737,mixed_network_sweep
grn_n6_e12_c3_a0_pos50_rep2,6,12,0.4,0.5,30,12,1.0004175733061778,0.7781997907460508,0.033407402437388975,0.05787781172942249,0.3857918406137183,-0.9149230434772986,-0.13825812768837104,0.74237846922591,1.5698319592428691,0.9652537095146863,0.1264620649570156,0.5723702774495677,2.12861663557841,1.9549919736519912,mixed_network_sweep
grn_n6_e12_c3_a0_pos50_rep2,6,12,0.4,0.5,30,12,0.8048523361174584,0.8075042468069566,-0.18836595176157842,-0.22820541268678787,0.314634115915046,-0.6805371572627609,0.009318519062743927,0.5812565105700459,1.28498789240075,1.424613057197489,0.7352097117626838,0.30801775843417006,1.9942703927617722,1.9144702715394153,mixed_network_sweep
grn_n6_e12_c3_a3_pos50_rep0,6,12,0.4,0.5,20,7,0.7849342703461216,0.3471900028755302,0.21651397294218755,-0.3922860489027024,0.40287731025609985,-0.0405363240851069,-0.38146138871304647,0.4233866171012749,0.3612647967862073,0.7552908692164633,0.008649225314303042,0.509195618390903,1.3683192557742379,1.6451005214115721,mixed_network_sweep
grn_n6_e12_c3_a3_pos50_rep0,6,12,0.4,0.5,20,7,-0.33580544829584685,0.7691667439525248,-0.004479547869865831,0.5586893194986374,0.43606017376252404,0.5699068006830093,-0.35348449658665926,0.8014948580697991,1.4937033028786268,1.3370060734101301,0.49387662229684554,0.40343324648156415,2.2458527270557345,2.093730472892664,mixed_network_sweep
grn_n6_e12_c3_a3_pos50_rep0,6,12,0.4,0.5,20,7,1.3780640172075398,0.30910904094106545,1.001672073798346,-0.6036031237622312,-0.5887063243242386,-1.0610962712613698,1.1702362846814658,1.138123715030201,1.030089554908426,0.5694182318591121,-0.6295796555953589,0.1407686804943284,1.887920752716671,2.253192505072204,mixed_network_sweep
grn_n6_e12_c3_a3_pos50_rep1,6,12,0.4,0.5,30,12,-0.31338427383344075,-0.24130030955145823,-0.08047680751881675,0.16295104564472362,-0.024173752030370598,-0.17230783295413338,0.2136478210892244,1.1158478676365733,0.8852339913962444,0.33258706345154443,0.4772397937620101,0.10781693610486688,1.7622713384234956,1.1327917019122231,mixed_network_sweep
grn_n6_e12_c3_a3_pos50_rep1,6,12,0.4,0.5,30,12,-0.19160119950474105,-0.44925497263475356,0.5086666403275043,0.11918704064715532,-0.3152111896810441,-0.2091963945094434,0.6266311805797866,1.2792237682872043,0.8776718605778973,0.3626828728846194,0.2820370566197951,-0.6603797437703789,1.69449644987129,1.1404512803038989,mixed_network_sweep
grn_n6_e12_c3_a3_pos50_rep1,6,12,0.4,0.5,30,12,-0.28462800717038383,-0.14364174097083424,0.28042863657208833,0.022167322193348642,0.34690119245208234,-0.06668191657378962,0.28637295993125095,1.2506026105014478,0.8112932559890702,0.26947647335493075,0.3603716082660351,0.48603022730347956,1.6183830324507908,1.106560533654209,mixed_network_sweep
grn_n6_e12_c3_a3_pos50_rep2,6,12,0.4,0.5,30,12,0.24239481558185386,0.18345543963937186,0.5600173639104812,-0.11274034727653537,0.6565447387492874,0.1341337426245677,-0.6938321470495182,0.9378399081708727,0.501823957222256,0.5018239572222557,0.4498780112057081,0.39211170014056757,1.5743793624481162,1.4686872372174944,mixed_network_sweep
grn_n6_e12_c3_a3_pos50_rep2,6,12,0.4,0.5,30,12,0.1797139825065508,0.15942527375003232,-0.3256586466629841,-0.030120672937585045,0.17393728568502262,-0.05729399276647863,-0.20797695044949968,0.7548460417194097,0.3733602784148968,0.3733602784148967,0.2702160097984234,0.277100973338612,1.583242567113526,1.4810842702509535,mixed_network_sweep
grn_n6_e12_c3_a3_pos50_rep2,6,12,0.4,0.5,30,12,-0.02589456405148968,-0.017521408977075506,-0.3974470901928888,0.07036536164384934,-0.7590454536775818,-0.34471680618290734,0.9376473400001147,1.317160625932771,0.6564679988234021,0.6564679988234028,0.7512185297745043,-0.6063034904547574,1.6315450240349707,1.2958439757938662,mixed_network_sweep
grn_n6_e12_c4_a0_pos50_rep0,6,12,0.4,0.5,30,12,0.14649233861587735,0.20346800625408534,0.49071731266892277,0.0032274901405374232,-0.08245171394690153,-0.8111790256861307,0.3798797812945999,0.7850315285276014,0.8334166922472935,0.9617694251313561,-0.43267490803671843,-0.0642083931867905,1.6732137989378408,1.2719612146324606,mixed_network_sweep
grn_n6_e12_c4_a0_pos50_rep0,6,12,0.4,0.5,30,12,-0.17433623251515307,0.013016884298941067,-0.4531529976183298,-0.16007338163441007,-0.08617515775328037,-0.8495710755730662,0.35747067250143055,1.131299370179845,1.1807129149293023,1.0264451806701358,-0.038559235000304296,0.08465118851620158,1.6684753164290702,1.098584800455741,mixed_network_sweep
grn_n6_e12_c4_a0_pos50_rep0,6,12,0.4,0.5,30,12,0.08941141755690385,0.1480608783544046,-0.10420976049127591,-0.16949973400416107,0.3685240657234196,-0.734021592567225,0.04448514530979891,1.118084710459531,1.108272988768105,1.161929068806972,0.31663124174189816,0.3391983410417216,1.8525336846568465,1.4081429400125558,mixed_network_sweep
grn_n6_e12_c4_a0_pos50_rep1,6,12,0.4,0.5,30,12,0.220607273517308,0.1411122750236828,-0.1924648517839293,0.03998142456505879,0.3582787035388088,-0.3334919983003188,-0.004677973276755326,0.7898759383650134,0.7536583901661131,0.6553873489131967,0.40338632002969055,1.022505980642657,1.6148463767009964,1.4421183051697757,mixed_network_sweep
grn_n6_e12_c4_a0_pos50_rep1,6,12,0.4,0.5,30,12,0.1693695658049332,0.21216350442914078,0.03289820105319908,-0.3364397962825157,0.3818558120058478,-0.34962332070091473,0.7260493202763141,0.49030647477000566,0.8252192133538185,0.5775524865246805,0.47155168829749977,0.4493152107810012,1.6916779362789087,1.5026990112447385,mixed_network_sweep
grn_n6_e12_c4_a0_pos50_rep1,6,12,0.4,0.5,30,12,0.2064558459655175,0.16293075484563518,0.8109451292705376,0.40819144633824184,-0.15229415958228665,-0.3298859508167142,0.5759362567109011,0.5672277022513663,0.8377692570505588,0.5943972290053294,0.4320548245613818,0.17246566929927784,1.7012517094470363,1.2104829972396407,mixed_network_sweep
grn_n6_e12_c4_a0_pos50_rep2,6,12,0.4,0.5,30,12,-0.5595580845838284,-0.3799099092435407,-0.49471683217963863,0.16189026700925083,0.23245503563891945,0.3769159958393138,0.05376909149102528,0.5086619462516924,0.4606231622963204,0.34859852026349625,0.8612132620261652,0.3293065319836145,1.4449860036671893,0.9290571557809044,mixed_network_sweep
grn_n6_e12_c4_a0_pos50_rep2,6,12,0.4,0.5,30,12,-0.41853687659513406,-0.2584784263787175,-0.06307829266532859,0.3668587642958011,-0.8030018891787972,-0.09650231885040689,0.6823161003421498,0.3955592264855651,0.23230803436361522,0.1886608932867686,0.8317602934959336,-0.6050290302115213,1.08256776100979,0.9505039148917866,mixed_network_sweep
grn_n6_e12_c4_a0_pos50_rep2,6,12,0.4,0.5,30,12,-0.35026910652669707,-0.33539320379545284,-0.24857907480424613,-0.36536384290306856,0.2753068783273645,0.23094183203980978,-0.04259547832329652,0.56043128873097,0.36247194831864743,0.19872588967459948,0.6026743054223642,0.0743980795917675,1.1862725200682867,0.9272410171968011,mixed_network_sweep
grn_n6_e12_c4_a3_pos50_rep0,6,12,0.4,0.5,30,12,-0.1754661744372552,-0.00953778177237492,0.11415241368641542,0.15641264973211733,0.24704113127567628,0.3141938684461045,-0.11644098825769944,1.3235038908648005,0.7446376757546774,0.574242151111531,0.5206843618112282,0.31676256215469556,1.80346242806419,1.1310057047685769,mixed_network_sweep
grn_n6_e12_c4_a3_pos50_rep0,6,12,0.4,0.5,30,12,0.13863120558541858,0.04802515820719779,0.18915371324311378,-0.033248277693033956,0.47223839526274336,0.5190097317197903,-0.42505846089531574,0.9114712948803926,0.8171136575631203,0.7203843083110367,0.3793950380112777,-0.3218534617451488,1.8226942586820627,1.7113404883654217,mixed_network_sweep
grn_n6_e12_c4_a3_pos50_rep0,6,12,0.4,0.5,30,12,-0.15456771764615831,-0.04976092003212072,0.051517665798050685,-0.014471146248929319,-0.11178652865388851,-0.06366594904390958,0.0006208355703938825,1.0800203899018366,1.0630025344571137,0.9150902615803818,0.8136839071123619,-0.511839979009528,1.8407134120349435,1.6557545741385153,mixed_network_sweep
grn_n6_e12_c4_a3_pos50_rep1,6,12,0.4,0.5,30,12,0.6278896228728857,0.6669389528285226,0.23282446013952024,-0.06609817478257815,0.2097386557554868,-0.4807531668144805,0.19739121377373245,0.38070279688050573,0.6844081276164278,0.5761919580007798,0.6684494794381103,0.610891986728846,1.4618256491259134,1.563355190413215,mixed_network_sweep
grn_n6_e12_c4_a3_pos50_rep1,6,12,0.4,0.5,30,12,0.6363069916954908,0.6534434140233245,0.008100386989529666,0.24646787519724644,0.7317263525156217,-0.46187784134014503,-0.5328456102176223,1.0327335375152156,0.8236321233468531,0.6093309976963938,0.7305720476450827,0.6781904554722933,1.6350351325154826,1.6352133463604457,mixed_network_sweep
grn_n6_e12_c4_a3_pos50_rep1,6,12,0.4,0.5,30,12,0.651031720953359,0.6497252463751363,0.5971220814817159,-0.27210357671576985,0.2795815358653683,-0.566813920130034,0.46739694842640706,0.929200641590547,0.7911815278439297,0.5606624374154678,-0.07744081298483227,0.021957221703929518,1.6558625138668999,1.605456124429454,mixed_network_sweep
grn_n6_e12_c4_a3_pos50_rep2,6,12,0.4,0.5,30,12,0.5513176619717209,0.5634825548023249,0.33256747224750843,0.33198500856649177,-0.2348012283137931,-0.5471000183000402,0.204337207019995,0.7150354774913542,1.0011262123249658,1.0011262123249658,0.9385877777204054,-0.06760180509240155,1.881440318940319,1.6378176126991058,mixed_network_sweep
grn_n6_e12_c4_a3_pos50_rep2,6,12,0.4,0.5,30,12,0.597588061855411,0.5775585003811419,0.008704730418156567,0.17388015609433172,0.4135886433587607,-0.38705990173015953,-0.3049373056192075,0.6508219330947644,0.8383487098164162,0.8383487098164158,0.8664455299965118,0.46813630858217015,1.859299841226641,1.7536714371966566,mixed_network_sweep
grn_n6_e12_c4_a3_pos50_rep2,6,12,0.4,0.5,30,12,0.5801626499806611,0.5588457457089815,-0.15473187648766332,-0.223919606863416,-0.061279793252922814,-0.5467167163561095,0.5181211835789169,0.8397839623514507,0.9743606221316843,0.9743606221316851,0.9704355962054573,-0.2522633061831252,1.8178642801723943,1.7832645079021894,mixed_network_sweep
grn_n6_e6_c3_a0_pos50_rep0,6,6,0.2,0.5,30,6,0.2244355006488795,0.05058941748993524,0.13017920698148785,-0.3541764878358437,-0.6266933778091144,-0.15103654386883006,0.7835395288208463,2.0917652527895756,1.461853039050673,0.17556567590682923,0.3502726535898532,-0.6757125472886618,2.3707912457912452,1.8041564916564916,mixed_network_sweep
grn_n6_e6_c3_a0_pos50_rep0,6,6,0.2,0.5,30,6,0.19277138274316283,0.08940164640509789,-0.6139275982125815,-0.17376631641560172,0.423152330043123,0.3232219236766651,0.09535432473593035,2.3618423507216186,1.787410886086798,0.1050961544390052,0.24769065738334414,0.10496646816730344,2.5783730158730154,2.189304193899782,mixed_network_sweep
grn_n6_e6_c3_a0_pos50_rep0,6,6,0.2,0.5,30,6,0.35916249798536914,0.14105260899296013,0.34645012666508673,0.18446948190823098,-0.6439327153955176,-0.2035946238217689,0.5122613701310524,2.420136648796478,1.8925218493469116,0.09951953130207737,0.1739767217102697,-0.7769369674056551,2.727182539682539,2.1022276334776335,mixed_network_sweep
grn_n6_e6_c3_a0_pos50_rep1,6,6,0.2,0.5,30,6,0.20318201106448708,0.2680156752849147,-0.3714502885064107,-0.02955401647319808,-0.24278160706789212,-0.5880479355823152,0.464902631370664,1.6058530992482796,0.7039209988054066,0.5972152049003568,0.17847350543581433,-0.009815806390328044,2.0253889933166245,1.9256787720662398,mixed_network_sweep
grn_n6_e6_c3_a0_pos50_rep1,6,6,0.2,0.5,30,6,0.1795387794685856,0.1638089436858315,-0.30479070511916173,-0.3238102332433924,0.1363959112062134,-0.5144588260685349,0.15590643190789433,2.031111056933454,0.886907077338497,0.5533242547343509,0.5060285797441737,0.15274421395431,2.2198263481158214,1.970455924380157,mixed_network_sweep
grn_n6_e6_c3_a0_pos50_rep1,6,6,0.2,0.5,30,6,0.22205005034431394,0.22261065540235364,-0.59758290335085,0.19993918958711754,0.7648292518888317,-0.42239205984501943,-0.13624002713067013,2.3279951155575636,1.346675430593922,0.5260362229834875,0.3153100698000669,0.6031276866276745,2.696375825971414,1.982838444235503,mixed_network_sweep
grn_n6_e6_c3_a0_pos50_rep2,6,6,0.2,0.5,28,5,0.009461347917539635,0.1685938807956407,-0.3120910665043526,0.4527991283077321,-0.07025967479787062,-0.32586233261175623,0.2851800612788936,2.2230879509543806,2.291479140327157,0.6209630103303684,0.6225396753098307,0.08637445891475017,3.7589999999999995,1.6292923076923078,mixed_network_sweep
grn_n6_e6_c3_a0_pos50_rep2,6,6,0.2,0.5,30,6,0.2055114148506269,0.11876288589182805,-0.14896958358383236,-0.5207660181059187,-0.2910962382079196,-0.18784735751962356,0.044637883843604176,2.3588386265795145,1.8392459367222262,0.059982009073197555,0.29063597787859197,0.09179960076398311,3.081334617180205,1.704971340388007,mixed_network_sweep
grn_n6_e6_c3_a0_pos50_rep2,6,6,0.2,0.5,30,6,0.13299476670913984,0.18790139692386892,-0.9029353590477196,0.0658622775916962,-0.13108560251657125,-0.15178222746580963,0.2518032279460127,2.197262172948255,2.037613327780469,0.24203957725956105,0.5058305298832213,0.25189300176000223,3.944444444444444,1.7978114478114477,mixed_network_sweep
grn_n6_e6_c3_a3_pos50_rep0,6,6,0.2,0.5,30,6,0.6834867571281118,0.72748052663917,0.1346946364939169,0.18726400153469416,0.08541705869422264,-0.2273204577386689,-0.23758331842283656,0.45916468214034223,0.8978132528047086,0.08464530238110593,0.22020820430202273,-0.12854738013647754,2.2185412626589094,2.101988745903219,mixed_network_sweep
grn_n6_e6_c3_a3_pos50_rep0,6,6,0.2,0.5,30,6,0.7143391548435079,0.7291320047563047,0.06754235111589305,0.24221476566707587,-0.4229118442347836,-0.361034212611028,-0.4103279791708746,0.7302714984834415,0.841542950471047,0.28269070005834745,-0.12749831228272193,-0.3427336176878036,2.0603424353424353,2.3706928284134166,mixed_network_sweep
grn_n6_e6_c3_a3_pos50_rep0,6,6,0.2,0.5,30,6,0.8232730501931151,0.7605632754346399,-0.17282905070488344,0.6863437254572732,-0.030161243654467148,-0.23477906243016528,-0.22586247674693616,0.8217978622044646,0.8854567385688011,0.29892775357193174,-0.0808829364373079,-0.08712732946216348,2.131216006216006,2.270144479703303,mixed_network_sweep
grn_n6_e6_c3_a3_pos50_rep1,6,6,0.2,0.5,30,6,0.38800990006332964,0.42638460502523556,0.15640612166830536,0.12131340442612398,-0.2877213587580196,-0.4479032091912719,-0.0827873596219973,2.040289177749125,2.27736214127138,0.6156848668238397,-0.10413013505716927,0.07845655621811924,4.1413690476190474,1.605979818828116,mixed_network_sweep
grn_n6_e6_c3_a3_pos50_rep1,6,6,0.2,0.5,30,6,0.16674421365259126,0.09670022764364468,-0.4788146239562429,0.6197055161008339,0.2245328683197193,-0.35125402918308835,0.06597971004423543,2.0631480620344997,1.960158580400645,0.7105899173293133,0.027632533923664337,0.38467915197227065,3.6684079809079804,1.6769047945518534,mixed_network_sweep
grn_n6_e6_c3_a3_pos50_rep1,6,6,0.2,0.5,30,6,0.2526588010425038,0.5307474063320109,0.3232526363601426,-0.640598369565881,-0.1823599692983716,-0.7926500160679043,0.38960438183026463,2.093671435096709,1.8283788241627397,0.8307704106978946,-0.07593682161523495,-0.1729195861331753,3.8263888888888884,1.4741630761745705,mixed_network_sweep
grn_n6_e6_c3_a3_pos50_rep2,6,6,0.2,0.5,30,6,-0.32232760195072063,0.172753363006097,0.2516038228329529,-0.042796683465945194,0.36039757547485873,0.04588321063652059,-0.06746257309752875,1.6809196262311317,1.5123352629694151,0.5210111722157373,-0.04183482034984904,0.26649019429396253,2.756155881155881,1.2772373419303242,mixed_network_sweep
grn_n6_e6_c3_a3_pos50_rep2,6,6,0.2,0.5,30,6,0.19907313456406125,0.09062947929708431,1.1104339369985894,-0.1644379993482793,0.12670838525337705,-0.44402449776715675,0.5118704054755012,2.046483886775438,2.3512299143398736,0.4281029128962891,0.04602007869551508,0.57941371703688,4.306457431457431,2.198235791985792,mixed_network_sweep
grn_n6_e6_c3_a3_pos50_rep2,6,6,0.2,0.5,30,6,0.05814196870218374,0.324339118920159,-0.6370790547580134,-0.09381704061799306,0.042368444228040945,-0.3913854553655959,0.5688991753903109,1.5387901938528628,2.232662589456224,0.4691424927476587,0.10542636387828565,0.27740763311145206,4.344336219336219,2.637237748634807,mixed_network_sweep
grn_n6_e6_c4_a0_pos50_rep0,6,6,0.2,0.5,30,6,0.939439280521313,0.7691029131859163,0.5010422761578909,0.003891911869996402,-0.5127909729579656,-0.3973761180279741,-0.10489234103911915,2.5301944075142764,2.5993677840082143,0.443122580955775,0.1250763015305189,-0.3430756987272101,3.970238095238095,3.023704304954305,mixed_network_sweep
grn_n6_e6_c4_a0_pos50_rep0,6,6,0.2,0.5,30,6,0.7055691460093478,0.6635644813115017,0.14131537382513948,0.3254089639316397,-0.7162329700230874,-0.5681383342559666,0.7515249040315622,2.527956703163988,2.403220037304652,0.32634459332784777,0.1818258404666838,-0.6260710273610883,3.970238095238095,1.8526639822595705,mixed_network_sweep
grn_n6_e6_c4_a0_pos50_rep0,6,6,0.2,0.5,30,6,0.6712457291324746,0.7469783443280977,0.2981323606192649,-0.05953932314433177,0.004699854740179221,-0.23606987727082723,-0.1893889552877556,2.543141852995828,2.230787019438194,0.23554049143255146,0.03156581681711263,-0.061677657242491926,4.0644841269841265,2.4260762385762384,mixed_network_sweep
grn_n6_e6_c4_a0_pos50_rep1,6,6,0.2,0.5,30,6,1.0500232002209093,1.2824965511293802,-0.12155281199809242,-0.3707543728785018,0.7457559770263316,-0.08148244355393668,-0.1305228529478258,2.1650085429175667,3.553498183247616,0.2034460372280418,-0.2673128863323586,0.47155418333717664,4.7767857142857135,3.006403318903318,mixed_network_sweep
grn_n6_e6_c4_a0_pos50_rep1,6,6,0.2,0.5,30,6,1.2509247016490437,1.331718814309872,0.4506257380058241,0.7336606556609963,-0.6896946112861101,-0.6865850694494222,0.23575956518060875,2.3129929077330402,3.740223203217453,0.5371740576472331,-0.1657723117868957,-0.6989375249234381,4.7182539682539675,3.2905092592592586,mixed_network_sweep
grn_n6_e6_c4_a0_pos50_rep1,6,6,0.2,0.5,30,6,1.3462048950060272,1.1213097843450193,0.3849126311596128,0.004147728472329671,-0.6147608403608016,-0.6422672649550194,0.5422060036784975,2.0776638518354305,3.5997007990602543,0.46890738662442133,-0.2464827672248264,-0.9026684743848767,4.7182539682539675,3.396669453734671,mixed_network_sweep
grn_n6_e6_c4_a0_pos50_rep2,6,6,0.2,0.5,30,6,0.35901806345965664,0.31866728739293754,-0.3133111551465129,-0.26728211982117106,0.4657452959963713,0.10245210453870358,-0.13057661993773156,2.2663185757099242,1.1548021858120905,-0.0752985730819621,-0.15750819988425876,0.9147607062219129,3.245110883268778,2.4670062586014145,mixed_network_sweep
grn_n6_e6_c4_a0_pos50_rep2,6,6,0.2,0.5,30,6,0.275381569695665,0.2127805421739367,-0.33182666765867813,0.008903219221901517,-0.15806256586504794,0.041881785771257535,0.15359878077723405,2.424573120414055,1.1761363245437197,-0.043289261885814584,-0.04872114952120762,-0.25002124447600754,3.2567061349956083,2.4489999928596418,mixed_network_sweep
grn_n6_e6_c4_a0_pos50_rep2,6,6,0.2,0.5,30,6,0.38118765293127127,0.2691292934484408,-0.8237268541011281,-0.04289119707223186,-0.24462990329943807,0.027281573537007626,0.12422660359862953,2.143723641217822,1.1181355449727688,0.023748478370987616,-0.14223306484419745,0.035383199336276365,3.1433264652014645,2.460198735503517,mixed_network_sweep
grn_n6_e6_c4_a3_pos50_rep0,6,6,0.2,0.5,30,6,0.5894614769105812,0.5718637363306047,-0.12151716741908573,-0.5747488051944338,-0.4840947208318581,-0.7452663945670905,0.33808437217481624,1.4246324246031241,1.450544544451323,0.15289852688999067,-0.04527532095015495,0.0631933626323743,3.32716049382716,3.328062369729036,mixed_network_sweep
grn_n6_e6_c4_a3_pos50_rep0,6,6,0.2,0.5,30,6,0.20547272465875605,1.0273769739547896,0.05475660268275692,0.2031429047218532,-0.5422747362372795,-0.6236811167137186,0.6752288877551097,2.3457907410451377,3.742218071727367,0.06787024468195349,-0.005530863206795131,-0.2951491492279087,4.871031746031745,3.162480103017187,mixed_network_sweep
grn_n6_e6_c4_a3_pos50_rep0,6,6,0.2,0.5,30,6,1.0690758223244334,0.691365744220971,0.12939420478538907,0.25822432485969016,-0.10401573221264764,-0.1403855091637914,0.03462682240311669,2.046238680161653,2.3460489029438545,0.13357863688987212,-0.01425218156181279,0.3048818546098087,4.192307692307692,3.8173701298701292,mixed_network_sweep
grn_n6_e6_c4_a3_pos50_rep1,6,6,0.2,0.5,30,6,0.8454172844256642,0.7884376701890236,-0.05758939504759078,0.3293437281091962,-0.02383590877724043,-0.6714488122465733,-0.17296105367045295,1.1638861081777998,1.1084754319089298,0.6109916262638385,-0.03124775388037296,0.3149440523523379,2.5424659153107423,2.3418752300331245,mixed_network_sweep
grn_n6_e6_c4_a3_pos50_rep1,6,6,0.2,0.5,30,6,0.7504885650123847,0.6708694435030014,0.8970832584506673,-0.4003198195804802,0.6124656230164633,-0.4565026466984573,-0.3930438346710364,1.2261739702495913,1.0472808489272054,0.6801635493817443,-0.38987687620654354,0.8964727432474677,2.430716553561381,2.1751527793194456,mixed_network_sweep
grn_n6_e6_c4_a3_pos50_rep1,6,6,0.2,0.5,30,6,0.7174870690031098,0.8258612366311655,0.2949037505426482,0.17369985009563174,0.2512047534902446,-0.5518992277331739,0.07531148872850382,1.2918599995679245,1.1102754293841084,0.7210698325599431,-0.2899501362549635,0.22356478055638532,2.540243783993784,2.3653985816814758,mixed_network_sweep
grn_n6_e6_c4_a3_pos50_rep2,6,6,0.2,0.5,30,6,0.46364261916702776,0.8593631183589772,-0.3597085324644481,-0.7680001617090015,-0.2046999486044182,-0.5843748893437474,0.185077926242934,1.3495789555811102,1.666481869990754,0.8939504147854471,0.07156787279002462,-0.10957605729549762,3.2671957671957665,2.093451988832423,mixed_network_sweep
grn_n6_e6_c4_a3_pos50_rep2,6,6,0.2,0.5,30,6,0.8382258459493751,0.7323649718949774,-0.047607388061396035,-0.057767684264089396,-0.5510776765082773,-0.9036439670804959,0.7543329325672954,1.5784208336477814,1.7707435251081258,1.0236040090560565,0.3064139840204594,-0.33937099503111734,3.726157407407407,2.5193001443001437,mixed_network_sweep
grn_n6_e6_c4_a3_pos50_rep2,6,6,0.2,0.5,30,6,0.6876019285169293,0.9495422213654121,0.2721081058725096,-0.6815314967237022,-0.8951539767391176,-1.084286150889431,1.029910368998678,1.715786950695544,2.466051916852231,0.8324308446015438,-0.09229138855081478,-0.6889765356404222,4.306457431457431,2.5305986887508625,mixed_network_sweep
B_cell_activation_rep_0_08a5aeab_all_results.json,10,18,0.2,0.2777777777777778,90,18,0.5759075092998552,0.3676452322835757,0.2296841279274576,0.08619970052223401,0.44568831961222444,0.14485359143219853,-0.11813612246681239,0.6831473790084202,1.0568961212465373,0.9714957123653679,-0.1802286159769799,0.549773813364586,2.6975307560947996,2.079413572733714,real_networks
B_cell_activation_rep_1_b7d605e0_all_results.json,10,18,0.2,0.2777777777777778,90,18,0.3650473349493319,1.0467620356796035,0.14246272413867261,0.11822483037127715,-0.1922067064159248,-0.534643551935285,0.09774487008674915,0.9293111592352755,1.7500039641883351,0.6997952367948168,0.2794708498615572,0.6360890658707292,3.441880276118432,2.6502565508639355,real_networks
B_cell_activation_rep_2_7dc404ae_all_results.json,10,18,0.2,0.2777777777777778,90,18,0.7425598174858906,-0.14236640555437885,-0.18070963696470227,-0.38372838693261857,0.3931835324953686,0.02412076434577453,-0.010271421396193237,1.0430474315474598,1.3643984729956062,1.0718430978566498,0.020414028210383125,0.27777318805559187,3.1853676602890926,2.884056713086071,real_networks
B_cell_activation_rep_3_f388a313_all_results.json,10,18,0.2,0.2777777777777778,90,18,1.327708782494184,0.7001625813839317,0.34322609907035434,-0.2703309098658597,0.07575121473860799,-0.38028048514502477,0.039981231950876696,0.9615688041472772,2.173802689692457,1.0477333630339247,0.1631070309659157,0.19385418335288773,3.866252092073568,3.7491790706267323,real_networks
B_cell_activation_rep_4_107eb830_all_results.json,10,18,0.2,0.2777777777777778,90,18,0.914072103071773,1.0190439252771657,-0.014978007680494766,-0.05004640861037321,0.4775650100854633,-0.15123160412152153,-0.21717726769528292,1.1046335568050698,1.8796202870521164,0.9023157247494881,0.3931948470615587,0.3937562412075569,3.6095569327346566,3.6061089666838795,real_networks
B_cell_activation_rep_5_2f069314_all_results.json,10,18,0.2,0.2777777777777778,90,18,0.755086751908951,0.6720354936978791,0.4307782977806246,-0.03553738277415065,0.17992348666097951,-0.26586504376283854,0.4081559345320206,0.8401739858348879,1.3599250839336152,0.9159514691456895,0.30650172984261315,0.33458000952650935,2.785236369496489,2.3406701645111774,real_networks
B_cell_activation_rep_6_548798c1_all_results.json,10,18,0.2,0.2777777777777778,90,18,0.6089621943104173,1.1455722373052417,0.6454264955535134,0.25366849319605683,0.15619907502384012,-0.12377868108169399,0.06575085480556546,1.048242282249907,1.4286738415836153,0.918596579977933,0.5647814058762286,0.0201269838718037,3.2637954192869505,2.9979894288029945,real_networks
B_cell_activation_rep_7_3bef5b38_all_results.json,10,18,0.2,0.2777777777777778,90,18,0.7864237960503201,0.7144699234145011,0.1209492990715469,0.3346234086145661,0.05384445335830124,-0.1695445129302909,0.04462940267207581,0.7379705702029673,0.9194369197652396,0.6391303848848509,0.4622555467768628,0.11996828385143982,2.4917048841033993,2.194678332859801,real_networks
B_cell_activation_rep_8_d8e103cd_all_results.json,10,18,0.2,0.2777777777777778,90,18,0.8041813612211663,0.9955409646059615,-0.2645863633098495,0.030562305346302488,0.32297619187680254,-0.21893630948487988,0.08351141866467436,0.8931860644878858,1.2536603292963318,0.8915321655981463,-0.021774539477243518,0.8115588855877532,2.8776667883350475,2.8971941071122798,real_networks
B_cell_activation_rep_9_14201498_all_results.json,10,18,0.2,0.2777777777777778,90,18,0.52656628879709,0.3710027938143164,0.18324061602857258,-0.4804648399029748,0.48238209671553156,-0.059820814928226836,-0.19177553921681276,0.6608953054429573,1.222032731675003,0.7038907605660937,0.3018150010711416,0.7980259197845323,2.7079728511040924,2.23419730490784,real_networks
Circadian_cycle_rep_0_3de670e6_all_results.json,4,7,0.5833333333333334,0.42857142857142855,12,7,1.3189023850224704,0.7278574094717676,-0.6650584351540216,-0.330210774143797,-0.01892586379139128,-1.0651047090593637,0.9223789604478421,0.6423154848643078,1.4079380923387115,1.4079380923387115,0.4225424804966473,-0.0857597387535531,1.5420090113967662,1.6435860058309033,real_networks
Circadian_cycle_rep_1_792e8985_all_results.json,4,7,0.5833333333333334,0.42857142857142855,12,7,0.9864407797579715,0.8887557214132596,0.024629682449128637,-0.27440971732655395,-0.05332493272466915,-0.803706197292126,0.9245399209445905,0.42164347502596994,0.9475446690028982,0.9475446690028985,0.2799958828095919,-0.6365447517647597,1.4189813587772768,1.571137026239067,real_networks
Circadian_cycle_rep_2_e36e6f78_all_results.json,4,7,0.5833333333333334,0.42857142857142855,12,7,0.2022367901805628,1.3421344731531257,-0.06570166127659947,0.7229284722104189,0.2455521950274305,0.13692795759227439,-0.5982726901096929,0.4038949176117128,1.1803470968847949,1.180347096884795,0.024900664465547513,0.23770664274236208,1.489146567717996,1.4149218128809964,real_networks
Circadian_cycle_rep_3_fdadc8e7_all_results.json,4,7,0.5833333333333334,0.42857142857142855,12,7,0.38972682785553486,0.7991254959192056,0.38756570862224277,1.2601997590439427,0.5239386940525408,0.2601952417031751,-0.23740777652845746,0.8426065152818322,1.2416004934531322,1.2416004934531317,0.10697530176882163,0.46961602661435015,1.489146567717996,1.278624436787702,real_networks
Circadian_cycle_rep_4_dfa5ed1d_all_results.json,4,7,0.5833333333333334,0.42857142857142855,12,7,1.6290665950832264,0.3244849715291364,-1.240910008308894,-0.8374609947278013,0.9704181639286932,0.3443719894778258,0.8944611161266791,0.41159458565722906,0.8243239008518861,0.8243239008518857,0.20026015329178698,1.042525135534242,1.4189813587772768,1.545966958211856,real_networks
Circadian_cycle_rep_5_08537e0b_all_results.json,4,7,0.5833333333333334,0.42857142857142855,12,7,0.896773362370334,0.7120929079637631,-0.4022433440742057,0.17966411863915266,-0.029399629272457112,-0.3385885303928096,0.5105971316383477,0.2861756787721712,0.5093266103574093,0.5093266103574093,0.042552908004082644,-0.06945331013658419,1.4017316017316015,1.3923270606944071,real_networks
Circadian_cycle_rep_6_9c74503b_all_results.json,4,7,0.5833333333333334,0.42857142857142855,12,7,0.49800869669754955,-0.2829104466668724,-0.3044440954952681,-0.6899877240427963,1.187988469392042,0.26620878843536216,-0.1653180710371914,0.0011505460719072067,0.5017855604831102,0.5017855604831094,-0.051945784283128946,0.15152168483780534,1.292450746532379,1.2613746797420264,real_networks
Circadian_cycle_rep_7_97db3f90_all_results.json,4,7,0.5833333333333334,0.42857142857142855,12,7,0.01928866478520955,0.29101598600129064,-0.1638556095214097,0.10097014012502807,-0.697471733557425,-0.46319026744184755,0.7879640783637161,0.2712081863190575,0.25252749892169246,0.2525274989216923,0.16463003630138773,-0.1794874656509307,1.2071958653591306,1.1318093471154693,real_networks
Circadian_cycle_rep_8_dc18ce50_all_results.json,4,7,0.5833333333333334,0.42857142857142855,12,7,1.3534046204752306,0.547596552785118,0.61053941441243,-0.8988514300784692,0.2831485040024065,-0.4892662866224326,0.5340803018348614,0.29095601790352715,0.7709517539074978,0.770951753907497,0.23647872009870355,-0.32728469472077054,1.4224754836999733,1.5042053184910327,real_networks
Circadian_cycle_rep_9_e4692cb8_all_results.json,4,7,0.5833333333333334,0.42857142857142855,12,7,1.121408258647132,0.5105137207973933,0.18244094435306143,-0.6079099955440599,0.5138230346370407,-0.7081832371388499,0.7665790494450024,0.16972760309041435,0.6881077632668381,0.6881077632668383,0.12559718299231318,-0.2647225781777265,1.3923270606944071,1.3458521070765967,real_networks
GSD_rep_0_0_117c4801_all_results.json,19,76,0.2222222222222222,0.35526315789473684,342,76,0.281830207765042,0.2041590185036791,-0.29108598287311366,-0.13738942936682974,-0.21111106012235037,-0.40472357271929016,0.4028915666377209,0.6245359108933185,0.4775782575738386,0.37063685336080193,0.1550967104799771,0.21359001769687444,1.7586224550503207,1.649605466434522,real_networks
GSD_rep_0_0_44b48bf3_all_results.json,19,76,0.2222222222222222,0.35526315789473684,342,76,0.29719137094538783,0.2831530941071004,-0.18385865278971403,0.04922684009467328,0.10188685063823348,-0.23125712145462246,-0.09983059674758854,0.4266790086289741,0.4139090957560324,0.44936918295633355,0.2735483504433646,0.34607167096909053,1.6365678659842016,1.7072560072288459,real_networks
GSD_rep_0_0_7dd89a71_all_results.json,19,76,0.2222222222222222,0.35526315789473684,342,76,0.2912872603839239,0.33123831228642,-0.2377723409688539,-0.06096721164524556,0.11472918565609976,-0.2483869287464449,-0.044042292745715125,0.3552387717920646,0.3882500923773012,0.4370468423771115,0.16282986842650238,0.10656237449554168,1.5846619750157445,1.6037334559003966,real_networks
GSD_rep_0_1_68d8d2fd_all_results.json,19,76,0.2222222222222222,0.35526315789473684,342,76,0.28931955131886977,0.2659691723404337,-0.21684453757932615,0.05205544583402366,0.02583682295879071,-0.20920452821973257,-0.040149119911811526,0.6121159665210438,0.5229167306349676,0.5113585835190324,0.316819957054356,0.2605618260701962,1.8472282014502026,1.7562888706293533,real_networks
GSD_rep_0_1_6e30e930_all_results.json,19,76,0.2222222222222222,0.35526315789473684,342,76,0.2673633969582605,0.27660196691533623,-0.23446735741401778,-0.1793070490845448,0.0027404987702346066,-0.2972033748215539,0.13178079827458591,0.4372040729425193,0.43615828195790374,0.44539948061003853,0.282863451429565,0.2905891486030877,1.7059889010509048,1.677715133467337,real_networks
GSD_rep_0_1_a968dd05_all_results.json,19,76,0.2222222222222222,0.35526315789473684,342,76,0.32351483771299383,0.2912683726856676,-0.11481464511292029,-0.1908088447622732,-0.022295652973380826,-0.3010242183594975,0.16212971888631741,0.3596574959632309,0.4582998085371391,0.40907358430192436,0.13160511942713607,0.032921307936659726,1.6899633905158693,1.6572457657830282,real_networks
GSD_rep_0_2_580915b8_all_results.json,19,76,0.2222222222222222,0.35526315789473684,342,76,0.1893559881278423,0.31906512749251886,0.012902116621848217,0.3788936754377832,-0.2606405828457918,-0.30934146868739687,0.12198951011684607,0.6021651247435903,0.47392849550594157,0.41169937370254783,0.25342347495247575,-0.087239483723544,1.7467188885662004,1.5455140626561303,real_networks
GSD_rep_0_2_774c5c47_all_results.json,19,76,0.2222222222222222,0.35526315789473684,342,76,0.2419365822122368,0.29387386376950136,0.1143821408520054,0.18264576591652681,-0.2523444582268568,-0.38936301724979927,0.18878504248709777,0.6066365422229224,0.512815740229351,0.4425206708721317,0.3342223257028007,-0.03460308095988664,1.7865923402907304,1.6592177810732216,real_networks
GSD_rep_0_2_f7301f6f_all_results.json,19,76,0.2222222222222222,0.35526315789473684,342,76,0.28598634191197464,0.34383475518246925,0.14141345187687795,0.15860586464895943,-0.07777717049857494,-0.29856827892075993,0.12042950665742198,0.5129854651601755,0.4599492712701976,0.4734237923319874,0.11551712716437391,-0.006781837002895,1.7210246336776358,1.5702863594739516,real_networks
HSC_rep_0_0_6bff4482_all_results.json,11,23,0.20909090909090908,0.6086956521739131,72,15,0.6323857011783417,0.5219255183702416,-0.35472854876477256,0.4866294945957523,0.14306767246976582,0.19051828075930846,-0.15411506024948826,0.7242191733520773,1.4591998612238353,-0.10295078660864126,0.007812258318533675,0.3096840986952478,3.111083326662274,2.5404267966968193,real_networks
HSC_rep_0_0_6ed5218f_all_results.json,11,23,0.20909090909090908,0.6086956521739131,72,15,0.6803067799513894,0.5308129975734469,-0.48290872130467954,0.31864827993774425,0.21107313096129543,0.15770197417238074,-0.11502934515229492,0.7353987803440133,1.2746702734455977,0.16915024110121715,-0.10531522889829514,0.16368115854653048,3.0022956933284553,2.642617824758624,real_networks
HSC_rep_0_1_6969c104_all_results.json,11,23,0.20909090909090908,0.6086956521739131,72,15,0.5475402239671511,0.6358106731247601,-0.016258228302815005,-0.4431871359909944,0.4270562500990507,0.05541696841469919,-0.06015870685698358,0.9050764830282071,1.0448875399444557,-0.03658911560511922,0.04565504893903671,0.20238347891574193,2.304479231598541,2.46437042182281,real_networks
HSC_rep_0_1_d38e9655_all_results.json,11,23,0.20909090909090908,0.6086956521739131,72,15,0.5468382770971263,0.516879031770857,-0.05538860620623009,0.3211441982674891,-0.11435004997410425,-0.1640063506371386,0.05040898940376882,0.5964920051626637,1.0536593347570016,0.15761228493114815,-0.21770608495284302,0.18153769572497166,2.566742415076354,2.133455187419922,real_networks
HSC_rep_0_2_aa294c10_all_results.json,11,23,0.20909090909090908,0.6086956521739131,72,15,0.6254990657952392,0.5314746648515276,0.17080970387194178,-0.14506158613248232,-0.7316398966419514,-0.6015751452577176,0.39070935861338724,0.846435424057266,1.3043971324274808,-0.09047825483258826,0.10667900073029728,-0.49912357857055395,2.8260837097103937,2.345272993272108,real_networks
HSC_rep_0_2_d7e88bea_all_results.json,11,23,0.20909090909090908,0.6086956521739131,72,15,0.5863119120311896,1.0693625679327385,-0.0712957157266986,-0.004943196959400244,0.10263837391435195,-0.08366106296246127,-0.13624992507118136,0.4670170558507861,0.9059714351795543,0.07770727426542771,-0.013574256150219871,-0.07133603383806478,2.291997944871728,2.2423653241818626,real_networks
HSC_rep_0_3_0645bb82_all_results.json,11,23,0.20909090909090908,0.6086956521739131,72,15,0.3858957296621876,0.6283987442982019,0.09007895352606762,-0.26641898824569993,-0.3747860871376564,-0.513538395877971,0.18163789613430195,0.7634152349071663,1.4889979877456245,0.24062283330682363,-0.05375846330254128,-0.3924455633967948,3.0965715238563787,2.0383567387877375,real_networks
HSC_rep_0_3_09551c76_all_results.json,11,23,0.20909090909090908,0.6086956521739131,72,15,0.7504279584660082,0.6773685609485277,0.2384636777601177,0.6295142190209072,0.07638871512268228,0.36006550512156005,-0.16725822196306414,0.9263554033785507,1.1447169249760043,-0.09098304106978274,0.0968908007511912,-0.18294277947928372,2.5734639124455536,2.717841029969606,real_networks
HSC_rep_0_4_4823f38c_all_results.json,11,23,0.20909090909090908,0.6086956521739131,72,15,0.4299926566847557,0.7689259351071039,0.01749291686490469,0.07288989340879695,0.013795712385596173,0.016256358439919287,0.07554908005853958,0.6332457798415475,1.1421539215087828,0.1285458675232088,-0.09260693419145101,-0.13931716639506467,2.5360332130961667,2.3143914334648596,real_networks
HSC_rep_0_4_6e31f8bb_all_results.json,11,23,0.20909090909090908,0.6086956521739131,72,15,0.5713261033878423,0.4344433429415592,-0.2674196823610154,0.22525005476320592,0.20851054643183883,0.11388325247301277,0.023369529272828423,0.5605550520618109,1.159003101473707,0.027279716039781566,-0.27497291376780053,0.2227127907588411,2.4628533669001897,2.294030378040148,real_networks
Pluripotent_rep_0_eb8c3e1d_all_results.json,36,85,0.06746031746031746,0.2235294117647059,1190,79,0.5854434445448828,0.6347872253363178,-0.025569299014019203,-0.048426385788453846,-0.1015692648219955,-0.48852950990512295,0.09582187535157355,0.6017551994988198,0.9127613603100979,1.0989595005253694,1.0342204159025539,0.30717743448078527,3.723568790542592,5.009060989118414,real_networks
Pluripotent_rep_1_4de1b9b1_all_results.json,36,85,0.06746031746031746,0.2235294117647059,1190,79,0.6019416345255302,0.7707366169519796,0.27723718533177955,-0.012249411170449143,-0.11694053346375059,-0.43921278050866874,0.2366921688184829,0.5139776933174093,0.8614420637830583,0.9159538691233541,0.6428252362266058,0.19920444590961192,3.226352981199829,3.6954488588445393,real_networks
Pluripotent_rep_2_df2be381_all_results.json,36,85,0.06746031746031746,0.2235294117647059,1190,79,0.15600563989088143,0.4108702310190188,-0.18888879243568818,0.1065867311281229,-0.2691321597246375,-0.4767801926316474,0.17792973432432943,0.8690102337738235,1.0819660618510747,0.9928534146246512,0.7452040956872493,-0.15332736730796173,4.030771954545761,4.459999595018393,real_networks
Pluripotent_rep_3_2bb2df02_all_results.json,36,85,0.06746031746031746,0.2235294117647059,1188,79,0.3861143812464755,0.7284873155134686,0.015304737799478897,0.10484926542436401,-0.20334057583131138,-0.47451943512019285,0.2696029021724952,0.6131037892584685,0.759647946079417,0.7975066965555,0.5777392495952899,0.04952017540940355,2.3894533848758437,2.9784224809624997,real_networks
Pluripotent_rep_4_8302ee00_all_results.json,36,85,0.06746031746031746,0.2235294117647059,1190,79,0.8067377943395821,0.669870183394913,0.17078080294808984,0.01135227119150605,-0.09419620746588583,-0.49423291125376034,0.17353515851685658,0.6821879718601791,1.095744626831542,1.1368468770464022,0.8057907429715734,0.2342609543420797,3.748183016246061,4.5298338868546955,real_networks
Pluripotent_rep_5_5a81e786_all_results.json,36,85,0.06746031746031746,0.2235294117647059,1190,79,0.47867596667833373,0.5089052746148397,0.14388377138570316,0.15663305514465337,0.053337866488547894,-0.23422832004979402,0.09379906284412486,0.6119136579460556,1.2545210175129722,1.1020532590745642,0.9247944074081752,0.13868091965943916,4.344282482315267,4.806965046431977,real_networks
VSC_rep_2_0_2befd3f9_all_results.json,8,15,0.26785714285714285,1.0,56,15,1.1043866873970696,1.0582879322854226,-0.33211927386279533,0.6974198890269228,-0.254984684139024,1.8737928834589002,-0.6833171494967463,0.6133110192306526,1.1731855804142386,-1.7626980905107306,-0.30619800304710393,-0.26399130194956805,1.8688653663552874,1.9676220913620592,real_networks
VSC_rep_2_0_db467b5d_all_results.json,8,15,0.26785714285714285,1.0,56,15,1.0791360817271876,1.0995869659508593,-0.24822796492476606,-0.5038167445249141,0.22137750131980558,1.8869950652641196,-0.8645430738095919,0.17843011577121548,1.1938731119160335,-1.7716816160313438,0.06596670762042191,-0.004179213523212813,1.8670209144283003,2.298922900687308,real_networks
VSC_rep_2_1_c867f15c_all_results.json,8,15,0.26785714285714285,1.0,56,15,1.1462644819183332,1.053425546106359,-0.570841088891562,-0.9405688000113702,-0.027950686389318906,1.878336391975779,-0.3103976134821798,0.3810091663159235,1.132134731067158,-1.7288345282641948,-0.07421367229950986,0.13945519020860478,1.727565000441439,2.418016383483767,real_networks
VSC_rep_2_1_fcb5875c_all_results.json,8,15,0.26785714285714285,1.0,56,15,1.0548455244044803,1.0929970116055647,-0.4909202288684398,-0.3351580049284896,-0.22816800960734102,1.6945010310638575,-0.2034575297186614,0.3229805492678735,1.2350949423415907,-1.7819754888451278,-0.46310308598395344,-0.3812784546963166,1.9904040375382952,2.3190842393673514,real_networks
VSC_rep_2_2_a4b2efd7_all_results.json,8,15,0.26785714285714285,1.0,56,15,1.0451927731124016,1.1178977569330624,-0.455710115195118,0.009502395380516147,-0.21140716370226373,1.800688230876602,-0.3400516247763079,0.43806855121758675,1.204350705278357,-1.781194329836282,-0.14158891612705582,0.07389483831086872,1.8673805267830486,2.0034809624750483,real_networks
VSC_rep_2_2_c8e468fc_all_results.json,8,15,0.26785714285714285,1.0,56,15,1.1045701720054288,1.0664217704269914,0.10722813717865826,-0.33552781954632377,0.15113085817796817,1.770998679216245,-0.40449720820576796,0.32896253077454196,1.1455917347364852,-1.7590549915292921,-0.38063483603469195,0.08996177041727363,1.8831545104231058,2.017267729189801,real_networks
VSC_rep_2_3_0fa3a94a_all_results.json,8,15,0.26785714285714285,1.0,56,15,1.1183141302183073,1.1099279018016668,-0.6817123335714605,-0.37694690838184436,0.17795063560662994,1.8546560410127333,-0.49046881789267743,0.4877163834208278,1.2881956474584375,-1.8054337684844752,-0.16185323725037978,0.06349420595294629,1.9980613901125637,2.4823979392021225,real_networks
VSC_rep_2_3_dd8881d6_all_results.json,8,15,0.26785714285714285,1.0,56,15,1.0336712167853734,1.095059780167256,0.5304816259843136,-0.5058833528061608,0.13749345576521754,1.829130510483781,-0.3218211830432126,0.3532002557205061,1.2118348937281938,-1.7746810362363923,-0.4233068186423617,-0.2289905671248651,1.9020889592377963,1.9916542516417117,real_networks
VSC_rep_2_4_54a9a55d_all_results.json,8,15,0.26785714285714285,1.0,56,15,1.0172184796064299,1.0439433839821834,-0.2590500939818454,0.18570973209706396,0.47966565796211735,1.7839448020869795,-0.8386444618236993,0.6057544488863217,1.1325604361294084,-1.7507303579347908,-0.467165262318741,0.29913217695883704,1.9224736240543532,1.8632191232324942,real_networks
VSC_rep_2_4_87f1b91d_all_results.json,8,15,0.26785714285714285,1.0,56,15,1.0294261008838368,1.1209368643360398,-0.3003415070536555,-0.4385093198591822,-0.06164342640995429,1.686728015033528,-0.1983145754605022,0.200716861845399,1.141048874750675,-1.775406450601234,0.10499798622677746,-0.10983479477378433,1.854488991068838,2.030153933600344,real_networks
mCAD_rep_1_0_3f3127d1_all_results.json,5,13,0.65,0.6923076923076923,20,13,-0.39132553107858287,-0.34534657042265476,-0.6406888305095334,0.34846256453499896,-0.9525867553420178,0.6889468437003372,0.3656639710072677,-0.252660256564299,-0.4089728688391924,-0.7638052961297971,0.4386834743285644,-0.31648097350471277,0.895606837273351,0.901136563956924,real_networks
mCAD_rep_1_0_c733c5af_all_results.json,5,13,0.65,0.6923076923076923,20,13,-0.41230401126350513,-0.2721842541515372,-0.5131998989890428,0.802411210514152,0.7338334504480186,0.8764821928198968,-0.9504114181315316,0.27302034191522767,-0.3197611883406102,-0.7066278409338802,0.8943749869702906,-0.42646083433649984,0.8938279571443146,0.9173021307114587,real_networks
mCAD_rep_1_1_984e3851_all_results.json,5,13,0.65,0.6923076923076923,20,13,-0.36142728307440614,-0.37448221104439355,-0.08331857482194682,0.6332806357970233,-1.2032332518517457,0.7594540959425305,-0.4503623654597316,0.16962688739993467,-0.2995687746561288,-0.7104909642270032,0.8155653235069839,-0.15218236916054304,0.9991571331313391,0.9101516152279154,real_networks
mCAD_rep_1_1_98d3784d_all_results.json,5,13,0.65,0.6923076923076923,20,13,-0.3602952661621534,-0.31551068829253304,0.6955176316192365,-0.8414210088932357,1.0340413945173341,0.8448882106586337,-0.7708619195113566,0.44227906930193595,-0.32593492664279167,-0.7269337253058297,0.733861580375668,0.44122854075048346,0.9149694042663064,0.9862348457229105,real_networks
mCAD_rep_1_2_9c719c8a_all_results.json,5,13,0.65,0.6923076923076923,20,13,-0.3950229165140236,-0.34556551368064575,0.37682407966279474,-1.3873850299582053,0.8532504433348468,0.830276806197214,-0.8729441752452933,0.08402375062323678,-0.36516911816046954,-0.742485964624379,0.36236162603076344,0.46577522685126127,0.8930503387058975,0.9690414565659585,real_networks
mCAD_rep_1_2_a7063ed4_all_results.json,5,13,0.65,0.6923076923076923,20,13,-0.34291699995908154,-0.31350350980466873,-0.14605911056211496,0.6508718880080673,-0.7420953313730246,0.7191277896849101,-0.07377410549817734,0.0635394221500316,-0.323533610370948,-0.716759245421035,0.5016625968886443,-0.3290941226751004,0.9103997366816352,0.9999734359838411,real_networks
mCAD_rep_1_3_4b249088_all_results.json,5,13,0.65,0.6923076923076923,20,13,-0.2843528084383687,-0.332229248342315,0.46115960506860326,0.9212954742779197,0.2810323432136793,0.8594191520799386,-0.7332192059360865,0.42681438096214,-0.2706768285210269,-0.7792350195875286,0.2334793169776624,-0.25540433514692046,0.8966772485742203,0.9030880728262888,real_networks
mCAD_rep_1_3_bc300850_all_results.json,5,13,0.65,0.6923076923076923,20,13,-0.3408407580860304,-0.3557623761969992,-0.12579008989586155,0.1992216845829845,0.923325773666224,0.860275102113536,-0.8106525817317286,0.46480326033803354,-0.24312764674695614,-0.7348352342572315,0.5958973425033065,0.06297732558230436,0.9113900736448228,0.9080190392957168,real_networks
mCAD_rep_1_4_6e99bcc8_all_results.json,5,13,0.65,0.6923076923076923,20,13,-0.36390927871471734,-0.2933070069875525,-0.31245681159143457,0.3809643916995114,1.0220966759713213,0.9057964379875133,-1.043165524736535,0.2546784159958903,-0.3011004606566432,-0.7403037034105648,0.22615423363273218,-0.3293649909578546,0.8990676269767444,0.9068414375584581,real_networks
mCAD_rep_1_4_986cdabb_all_results.json,5,13,0.65,0.6923076923076923,20,13,-0.3091620306813527,-0.2799663586808105,0.5710341511464012,0.5726669723877018,0.7383546053463035,0.8917656621790473,-0.7700522962173851,0.8209878358789785,-0.2718331573535485,-0.7642153803815986,0.5361584619410413,-0.4202089284533899,1.0212440033184897,0.9159294633652082,real_networks
