dataset_id,n_genes,n_edges,density,neg_frac,n_pairs,n_true,d_z_abs_rho_t1,d_z_abs_rho_t2,d_z_abs_rho_change,d_z_rho_change,d_z_div,d_z_het,d_z_d_het,d_z_gamma,d_abs_rho_cross_xy,d_z_dagger,d_z_flux,d_z_reg_gated,auprc_x_crosscorr,auprc_x_todo4v2,benchmark
grn_n6_e17_pos100_density_rep0,6,17,0.5666666666666667,0.0,30,17,0.2696271966142519,0.4762198382112039,-0.25901571611173535,-0.30697716320662566,0.7424200662401519,0.42149629633492924,-0.5631784866501244,0.09308638542974247,0.40966744958739826,0.23707449442306852,0.1388082566886427,0.6454873526659526,1.1888328472035024,1.2024996354838007,network_sweep_final
grn_n6_e17_pos100_density_rep0,6,17,0.5666666666666667,0.0,30,17,0.48578110432559307,0.5354271053640957,-0.43541962594118905,0.16719417324317554,0.4339922910725959,0.10581956794356628,-0.1414319549624029,0.33963378804620725,0.42556641436500475,0.44878073285102354,0.24232241759573064,0.48873880181799634,1.2530302991298528,1.396266971610716,network_sweep_final
grn_n6_e17_pos100_density_rep0,6,17,0.5666666666666667,0.0,30,17,0.32412537576360917,0.48993776543370077,-0.1827597499422497,0.08324292435486033,0.15020637232517345,-0.05611130890736711,0.18687263203120727,0.45922712548923283,0.15384626842007335,-0.02546039543323557,-0.3205379623692108,-0.1053692388760176,1.122158668045465,1.1177037660062255,network_sweep_final
grn_n6_e17_pos100_density_rep0,6,17,0.5666666666666667,0.0,30,17,-0.4149674540157822,0.17695653826526275,-0.14800931706783085,0.7308851568170055,-0.8578790449949496,-0.42925590317643725,0.3506891848832341,0.5396109047910579,0.2503564083425362,-0.01953649303451286,0.02852897681355842,-0.44825930882555726,1.2210855365654258,1.1147458690111285,network_sweep_final
grn_n6_e17_pos100_density_rep0,6,17,0.5666666666666667,0.0,30,17,0.4611984767711682,0.5192634884292759,0.4066747362231093,0.23234474524944312,-0.021595136771846667,-0.00021287504139054346,-0.34952215632824724,-0.2884684907902241,-0.510356476212789,0.39542894220073443,0.4151670582746836,-0.22933029098870933,0.8295792051317165,1.1046371109316968,network_sweep_final
grn_n6_e17_pos100_density_rep0,6,17,0.5666666666666667,0.0,30,17,0.8052022658104693,0.40460238971529694,0.7023016939701192,0.088867374822219,-0.07324078023687439,-0.10660727913549874,0.1294275631385605,0.6319652818584515,0.02414891704481368,0.5166960375419812,0.5451757252903632,0.17337553233380237,1.128566476774001,1.2793079736082915,network_sweep_final
grn_n6_e17_pos100_density_rep0,6,17,0.5666666666666667,0.0,30,17,0.5681636226903805,0.07605557111481674,0.035761770027347005,-0.03130532161982673,0.5345618941927253,0.4931669109132236,-0.025758484821874858,-0.4682447081513496,0.20164992435455178,0.13841887831715172,0.31569637746535484,0.4975970722617653,1.0664363358164908,1.1772597615165272,network_sweep_final
grn_n6_e17_pos100_density_rep0,6,17,0.5666666666666667,0.0,30,17,0.47264843831649117,0.19901254626335638,-0.9025732848813803,-0.7137120263035264,0.02600907525653871,-0.6117411557502321,0.8726996741147043,-0.40111794474366697,-0.23299852093582485,0.6962591630587057,-0.34813992031672764,0.12799202193849976,0.949333092080434,1.0829255612056559,network_sweep_final
grn_n6_e17_pos100_density_rep0,6,17,0.5666666666666667,0.0,30,17,-0.08447635709109065,-0.11054436276397993,-0.31665689373230044,-0.15907643173940916,0.3525821695699242,-0.1335981602096659,-0.4026436767072262,-0.2797753659914087,-0.6662899544101313,-0.4264071721116767,-0.38753627004571267,0.08943991894547716,0.8575596510296007,0.9157634100714305,network_sweep_final
grn_n6_e17_pos100_density_rep0,6,17,0.5666666666666667,0.0,30,17,0.38629867709608545,0.07671473447910539,-0.5797350400349507,0.003704702201351929,0.45317764548269684,0.37552092431962664,-0.3551624723821012,0.3457463213224047,0.7237501997539694,0.2618068813941707,-0.49769192801985124,0.6472985811490395,1.3439874872931339,1.2154742205832625,network_sweep_final
grn_n6_e17_pos100_density_rep1,6,17,0.5666666666666667,0.0,30,17,-0.0648488808801514,0.7527858890686582,0.21387697579563042,0.03874248792870466,1.3606622436781088,1.5109554828101692,-0.7547277178521085,-0.07932129172409955,-0.11123100152112786,0.3324101011883303,-0.2209856612347519,0.9841685020630011,1.003637211088159,0.9479313615082777,network_sweep_final
grn_n6_e17_pos100_density_rep1,6,17,0.5666666666666667,0.0,30,17,0.6855557722030363,1.017364133666328,0.8190817416862437,-0.49511060968246373,0.31708063961353783,-0.14330846401187167,-0.3572036194294805,-0.21465754025060962,-0.8779840229636569,0.2644074043271954,0.046176812062134295,0.743208551303634,0.7545386829414334,0.9555604277794767,network_sweep_final
grn_n6_e17_pos100_density_rep1,6,17,0.5666666666666667,0.0,30,17,0.5100169740117849,0.6317696204818534,0.2688674122105308,-0.4204081093719827,-0.03056787464053181,-0.4984486164340494,-0.36948731062309215,0.1803069166782362,0.1117365455398907,0.506034962685732,0.0424045221872402,0.1560507996475584,1.1047610726831762,0.970869858656402,network_sweep_final
grn_n6_e17_pos100_density_rep1,6,17,0.5666666666666667,0.0,30,17,0.1849271363462344,0.7037867036479472,0.7467655404470926,0.16754162558294192,0.2949453675430931,0.08853127506135586,0.3040767349251084,0.0720253872844999,0.49051533572761186,0.1616689421572523,-0.07687324593326138,0.5907607986418741,1.202775859316585,1.0283031800667615,network_sweep_final
grn_n6_e17_pos100_density_rep1,6,17,0.5666666666666667,0.0,30,17,-0.05773460445445019,0.5243273914617366,-0.3075512987716171,0.48749307984837464,-0.14961819792121928,-0.04111465748210694,0.0009023297189947212,0.14172477010671058,-0.08498771392684382,-0.4556873284145408,-0.09978405448656004,-0.2858480834286079,0.9242331166996668,1.0115233423123142,network_sweep_final
grn_n6_e17_pos100_density_rep1,6,17,0.5666666666666667,0.0,30,17,0.36652427522755887,0.5343404916190766,-0.3328991330130631,0.4221291978392808,1.0785896536422646,0.5132070390183967,-0.5084767000865192,-0.070000145460024,0.3382138633132626,0.12713449600074053,-0.04312434836841361,0.9236957032743609,1.1297223692551133,1.0144222588432097,network_sweep_final
grn_n6_e17_pos100_density_rep1,6,17,0.5666666666666667,0.0,30,17,0.8710409913537646,-0.08470331206056149,0.3336079847073532,0.017403585961238636,0.4021680680666379,0.18665839582188426,-0.18824375043294356,0.11040177985068794,0.15189190424033733,-0.8432079515129747,0.13324158401738778,0.03849069905780532,1.1224850997727545,1.1580927876079021,network_sweep_final
grn_n6_e17_pos100_density_rep1,6,17,0.5666666666666667,0.0,30,17,0.2592082822118476,0.007202419196991495,-0.29204247059024874,-0.2763641454372329,-0.2206148247045054,-0.5888291164727756,0.3912398769231565,-0.20759854118913465,-0.2964612885205959,0.2775084361098665,0.1760691967606297,0.1448710988244291,0.944705439356408,0.988721254137602,network_sweep_final
grn_n6_e17_pos100_density_rep1,6,17,0.5666666666666667,0.0,30,17,0.8940469538136752,1.0049813064861466,0.9830054161051247,0.037022419866382494,0.2512073310000389,0.06778330807166891,-0.28836687427812907,-0.13075664270345783,0.36846456997796817,0.5646052214675901,0.06948645984878203,0.21912401927181044,1.1571254041154921,1.1141053459408656,network_sweep_final
grn_n6_e17_pos100_density_rep1,6,17,0.5666666666666667,0.0,30,17,0.28646833674204203,-0.12966405805743397,-0.21430158159782434,0.33720844494889446,-1.0634162577500623,-1.2546615434058515,0.3468402466668464,0.17733816789933865,-0.06931141464189117,0.04967074757428271,0.044164843763994384,-0.9714902578136958,0.9744375607958834,1.1006282446972422,network_sweep_final
grn_n6_e17_pos100_density_rep2,6,17,0.5666666666666667,0.0,30,17,0.37130090838200885,0.38940347129450753,0.2907563352791048,0.27064286949055605,0.20852744223297606,0.13341220676569854,0.08392641452978104,0.14779919613148992,-0.014405246347197916,0.24096826230050036,0.08476604325809728,0.25696856924679595,1.037258849875038,1.0494435458684297,network_sweep_final
grn_n6_e17_pos100_density_rep2,6,17,0.5666666666666667,0.0,30,17,0.6410620338390687,-0.15575988007779384,0.33661380045311584,-0.7226528633221945,-0.207919598586581,-0.5653082373870936,0.42859917806611986,0.775215843168548,0.2262110322188915,0.8344451475383841,-0.02154297969250814,-0.4384388729197971,1.1594525088352996,1.2938834148831249,network_sweep_final
grn_n6_e17_pos100_density_rep2,6,17,0.5666666666666667,0.0,30,17,0.0724719751674618,0.16797088810431487,-0.37102239658328495,-0.7324131195703522,0.6242527073859566,0.3002939367251416,-0.08002937450745073,0.20417266503862666,-0.17725109231846464,0.02207777280362081,-0.2072674160199359,0.9092825882998802,0.9074065009899798,0.9914993501300278,network_sweep_final
grn_n6_e17_pos100_density_rep2,6,17,0.5666666666666667,0.0,30,17,-0.009416403116573546,0.37738896270772043,-0.2406156666165731,0.2927410133034343,0.18843341475771982,0.1514570216697922,-0.4069942590387515,-0.40988286030887255,-0.2374792255113804,0.33220528063780685,0.24175983063096396,0.3398248307245165,0.9243220702202061,0.9929857544035154,network_sweep_final
grn_n6_e17_pos100_density_rep2,6,17,0.5666666666666667,0.0,30,17,0.7227922403821797,0.4341107319972711,-0.005067889437532062,0.03424318864648596,0.09094638050935143,-0.4682625861825152,-0.04468795036585939,0.39168612690996885,0.4804060746166944,0.463400744100903,-0.3560257292024748,0.4639829844825124,1.2768602111498724,1.3525797310349972,network_sweep_final
grn_n6_e17_pos100_density_rep2,6,17,0.5666666666666667,0.0,30,17,-0.7980329508914572,0.6167629741611559,-0.36944652833033376,0.4699579285195066,-0.6851840029974176,-0.5489710261328281,0.32028654618598057,0.29958589753215537,0.6269762282450101,0.4579270343344699,-0.20000185244646157,-0.5635966722234887,1.2940947000628484,0.9603462949262891,network_sweep_final
grn_n6_e17_pos100_density_rep2,6,17,0.5666666666666667,0.0,30,17,0.003031315528027124,-0.005544018388109433,0.2452728958111206,0.09875305483307913,0.41940894516801686,0.43510388577140885,-0.1475047040195561,0.034502098226581054,0.2346484068411278,0.6260223950927907,-0.07640464025636665,0.32071434321058234,1.1247648180049552,1.1199327346792036,network_sweep_final
grn_n6_e17_pos100_density_rep2,6,17,0.5666666666666667,0.0,30,17,0.4813667633462623,0.3343769488577376,0.2689288577831426,-0.30299327951295285,0.10698092441996059,-0.1770353143964814,0.20984273713213364,0.430939686882065,0.3877094200038695,-0.11650436573339785,-0.5684773254557857,0.4403924371204885,1.1334355296549887,0.9987881587551777,network_sweep_final
grn_n6_e5_pos100_density_rep0,6,5,0.16666666666666666,0.0,30,5,0.6195438147426272,0.9576145764755286,-0.4741804591502508,0.6094662953221978,0.7661474265052953,0.2029021011002747,-0.21904319357685936,1.0919928648672301,0.7694090713343271,0.901950905519526,0.672246708411502,0.8572409178839269,1.7736764705882353,2.419848484848485,network_sweep_final
grn_n6_e5_pos100_density_rep0,6,5,0.16666666666666666,0.0,30,5,1.249995844533937,0.406446540735155,-0.23910936065725164,-0.021165385381146224,1.1185589583696207,0.5054336691116242,-0.4780548479857903,0.7134141933183881,0.26105696935645273,0.15584349950392873,0.3854637713387271,1.6256086844825235,1.370596410813129,2.2553246753246756,network_sweep_final
grn_n6_e5_pos100_density_rep0,6,5,0.16666666666666666,0.0,30,5,0.6693007644754492,1.0175267989972152,-0.3898540511551329,0.7379180452355366,1.0880696875453433,0.25130570240417655,-0.13372269061156436,0.5861182535589773,1.3073838149877128,1.5348048877856564,0.5109437994679646,1.3949947014017965,2.9735164835164833,3.003186813186813,network_sweep_final
grn_n6_e5_pos100_density_rep0,6,5,0.16666666666666666,0.0,30,5,0.7254733709630078,1.3938118073097838,-0.13432469131108193,0.2892838571544987,0.6943141809847676,-0.22214493680356112,0.047271446811516085,-0.1539760000822516,-0.16796949308319784,-0.006105376815785525,-0.209260131581464,1.0328552299985903,0.8518662207357859,1.3382608695652174,network_sweep_final
grn_n6_e5_pos100_density_rep0,6,5,0.16666666666666666,0.0,30,5,0.36971961060935005,1.159415982653714,0.6742550093953883,0.5019697652432566,0.128974161697744,-0.5940066765898481,0.6529041700742793,1.209412630630308,0.3132254530781808,0.6065979022974181,0.42374201867682354,0.42789645264922566,1.3060555234239446,1.8810317460317458,network_sweep_final
grn_n6_e5_pos100_density_rep0,6,5,0.16666666666666666,0.0,30,5,1.2406006367298894,0.3064810420703679,0.30868791322683514,-0.7758437629938754,0.7258247148778846,-0.754446615921145,0.7957549581548545,1.4975749978243638,1.0834201159824155,0.5628606770852566,1.004916759729734,0.7066426167561216,2.137142857142857,4.80952380952381,network_sweep_final
grn_n6_e5_pos100_density_rep0,6,5,0.16666666666666666,0.0,30,5,0.6884796828170611,0.7929432574772306,-0.18416658759329302,-0.05933363929978444,0.5132179790416946,-0.4071924543525526,0.3748852551428884,1.054971547297081,0.6502094043336397,0.755264906291803,0.5828024192810258,0.5712287674440182,1.50978021978022,2.2145238095238096,network_sweep_final
grn_n6_e5_pos100_density_rep0,6,5,0.16666666666666666,0.0,30,5,0.5516223699267512,1.2190807752077606,0.24537460842554784,0.6113099587001107,0.263022030470185,-0.7422716689967448,0.0858544732344909,0.46719969288802543,-0.08309800881945245,0.6292131997331798,0.2570736198496238,0.693986806738798,1.032422634836428,1.6680341880341882,network_sweep_final
grn_n6_e5_pos100_density_rep0,6,5,0.16666666666666666,0.0,30,5,0.9885920147741653,-0.026527645456005403,-0.5431442344468864,-0.8806017032077506,0.935113295158569,-0.39565965009227244,-0.053227836448910805,0.5692303814051239,0.009629450455279664,0.10277003594151841,0.18877697401613788,1.064704307193321,1.0429843383161461,1.9160439560439562,network_sweep_final
grn_n6_e5_pos100_density_rep0,6,5,0.16666666666666666,0.0,30,5,0.7603046294324861,0.9674479920425398,0.011318473819207414,-0.15283627607930772,0.6869364189467809,-0.11080572562192617,0.1405272827569904,0.22525544642681194,0.6024619454856023,0.7494672734895819,0.958131469363488,1.11701034620269,1.5190852130325818,2.5530512820512814,network_sweep_final
grn_n6_e5_pos100_density_rep1,6,5,0.16666666666666666,0.0,30,5,0.673581613271455,0.4440904788581122,-0.26373495144313974,0.29710092983464903,-0.779674107803876,-0.8873233291609333,1.0274406222490815,-0.5431427946341562,-0.3782312238422655,0.019002217850871573,0.21155466707556264,-0.2559637977952784,0.8226843131293259,1.326267942583732,network_sweep_final
grn_n6_e5_pos100_density_rep1,6,5,0.16666666666666666,0.0,30,5,0.6778963779353877,0.730036635744441,0.4221380649107879,0.47639898019309423,0.3880798452892021,-0.11840894814935012,-0.06463922789076604,0.39823104821547195,-0.10852107682869498,0.43181725121496534,0.03539103086477912,0.4991879504402784,0.9560050080638316,1.356798418972332,network_sweep_final
grn_n6_e5_pos100_density_rep1,6,5,0.16666666666666666,0.0,30,5,0.5403628075379253,-0.11124670293441359,-0.23028461224244687,-0.6048548627586624,0.07875039632238068,-0.7900976728288243,0.7970717781561114,1.1230094003419606,0.15307451691304405,0.2748323138819773,1.1487868095720222,0.3787233556461139,1.237081807081807,2.745379620379621,network_sweep_final
grn_n6_e5_pos100_density_rep1,6,5,0.16666666666666666,0.0,30,5,0.5902365877901543,0.9343675919031939,0.7299447033105179,0.12545389865612877,0.45518814483508696,-0.14969962664921344,0.08572762461219588,-0.6912454592015528,-0.9184609212984944,-0.20010725175538246,0.15365871681175713,0.7552227094383474,0.5991467855815682,0.8989667408465363,network_sweep_final
grn_n6_e5_pos100_density_rep1,6,5,0.16666666666666666,0.0,30,5,0.3612598406302366,0.4487909989677766,-0.12290315964566428,0.29706619533181944,0.7968073102573542,0.6381830058690239,-0.6451146692135669,1.1086472092418822,0.7173901737233375,0.8211872686395006,0.645859696640891,0.5892999579253553,1.996043956043956,1.9295098039215686,network_sweep_final
grn_n6_e5_pos100_density_rep1,6,5,0.16666666666666666,0.0,30,5,0.5065144311274619,0.6303547729070949,-0.6627398281612027,0.10310282736483825,0.9391420990014933,0.09892202140142314,0.38508337403560117,1.8676590546194798,0.3064263432410123,0.5225824632707612,0.9576058163723887,0.9783307614147058,1.390776397515528,2.4675,network_sweep_final
grn_n6_e5_pos100_density_rep1,6,5,0.16666666666666666,0.0,30,5,0.29548597666424037,0.34037245626477547,-0.08569812112277678,0.28277775760377466,1.0189990774052242,0.504153143284513,-0.4798392933198344,0.3691103985847775,-0.18055518370005413,0.13715615158612612,-0.5876150687914039,1.0734724409464196,0.9557211870255347,1.2973828345567475,network_sweep_final
grn_n6_e5_pos100_density_rep1,6,5,0.16666666666666666,0.0,30,5,0.1285957882484448,1.0192849750440907,-0.05780452819134931,0.4675956333212215,0.6786083045438799,0.24445410715482627,0.27542747636911247,0.47401491972364457,-0.3001021678901823,0.24173319790609293,1.1020051457445592,0.7894214598661321,0.7952893217893219,1.2571880293619426,network_sweep_final
grn_n6_e5_pos100_density_rep1,6,5,0.16666666666666666,0.0,30,5,0.48148504251484203,-0.023527941712644933,0.49887048772892295,-0.4806197515707078,0.13827904538383987,-0.580363175378698,-0.044129282650495455,1.3013461561270618,0.3432732794773688,0.8101451804548215,1.1370847533863508,0.35677842535233023,1.5151770451770452,1.944642857142857,network_sweep_final
grn_n6_e5_pos100_density_rep1,6,5,0.16666666666666666,0.0,30,5,0.8462059984927293,1.0984362622411177,-0.285909084660507,0.42083120989541845,1.5284673145891223,0.5412977945632736,-0.5651501990055632,1.014277804995072,0.6571460172104435,0.8337064577035727,0.35845647274494646,1.3196443354908451,1.4879095904095905,2.518278388278388,network_sweep_final
grn_n6_e5_pos100_density_rep2,6,5,0.16666666666666666,0.0,30,5,1.3227720005487875,1.447401618793946,0.17218722346734236,-0.25223607222244776,0.8098451199218274,-0.46876935793156577,-0.0026557077809704985,1.4619595095646172,2.2828944537269917,2.029704501624331,0.6615938679072702,0.9193974623212292,4.576666666666667,3.497857142857143,network_sweep_final
grn_n6_e5_pos100_density_rep2,6,5,0.16666666666666666,0.0,30,5,1.6217902197159844,1.6186205087058714,0.4348578527917417,0.03126591815006573,0.28125407968747895,-0.7733032471816963,-0.0385612182930289,1.3233365484008868,1.0227549722574065,0.7718722678428126,-0.30080545394105307,0.6323009772863302,2.899220779220779,4.3028571428571425,network_sweep_final
grn_n6_e5_pos100_density_rep2,6,5,0.16666666666666666,0.0,30,5,1.284045521529831,1.636730038058582,0.3761141638269381,0.28430591367146607,0.15628724295630864,-1.0094395730654688,0.3861414179794697,1.6937042089395524,1.5062792218819465,1.4147778813598484,0.3005656229597766,0.7009609876456662,4.311136363636364,4.419525691699604,network_sweep_final
grn_n6_e5_pos100_density_rep2,6,5,0.16666666666666666,0.0,30,5,1.3634761952032748,1.3031645593770542,-0.03782619279650445,-0.17082696678527157,0.3885180621495708,-0.6568421073302625,-0.19440081553200675,0.2584089027891121,1.2988716722062508,1.293205941617964,0.13071388916844973,0.6062391905948719,2.8695238095238094,2.7546428571428567,network_sweep_final
grn_n6_e5_pos100_density_rep2,6,5,0.16666666666666666,0.0,30,5,1.629010198960376,1.732802783839544,-1.2441042078636484,0.23213158872921108,0.760213410822903,-0.4686125327066598,0.3277097201752523,1.3857659350708742,1.6142791744340668,1.5082107566908785,0.04133295435354909,0.8937182378387861,3.892458521870286,4.692727272727272,network_sweep_final
grn_n6_e5_pos100_density_rep2,6,5,0.16666666666666666,0.0,30,5,1.1937706213704935,1.177088480625179,-0.22768106006088526,0.15256649008313436,0.026088472876512114,-0.6633302957498742,0.47417700066008067,-0.03148663089522183,0.36683119015586024,0.7126342207633778,-0.003288596927259763,0.3573536147498666,1.5698029556650244,1.5019069224786101,network_sweep_final
grn_n6_e5_pos100_density_rep2,6,5,0.16666666666666666,0.0,30,5,1.0845509696075206,1.3956913517364549,0.6960704415463453,0.31369404830637404,0.543502477636387,-0.24734632699424214,0.145968465563382,1.2223898077022848,1.2436287967783277,1.190317444262102,0.5389829608760384,0.8243020207168134,3.589992260061919,3.2824358974358976,network_sweep_final
grn_n6_e5_pos100_density_rep2,6,5,0.16666666666666666,0.0,30,5,1.5332950909872491,1.5369700959612833,0.749892787672491,-0.07468765608508562,0.152249200268182,-1.1976202312107538,0.6250569350352586,1.1338288308702464,1.2065104226777132,1.1851588235270152,0.2368354462713188,0.07943809144719631,3.5992207792207793,2.7304761904761903,network_sweep_final
grn_n6_e5_pos100_density_rep2,6,5,0.16666666666666666,0.0,30,5,1.502716867674369,1.4747564601643317,0.3896074936604515,0.6060954187603459,-0.18511403032806645,-0.8640305348649977,0.5415124773476232,0.2337088433374623,0.3474309763280412,0.6204099668606506,0.19152068730715038,0.1995531208221455,2.8927196596506946,3.760649350649351,network_sweep_final
grn_n6_e5_pos100_density_rep2,6,5,0.16666666666666666,0.0,30,5,1.6564800099858508,1.1732387576944652,0.21461299134895406,0.1406334939814131,0.1372897660333136,-0.7479214610887857,0.35659472064691,2.0088365523494236,2.045091097620296,1.8670683514173674,0.4980319986730133,0.6440979740478977,3.94047619047619,5.126470588235295,network_sweep_final
grn_n6_e9_pos0_sign_ratio_rep0,6,9,0.3,1.0,30,9,0.13583418311958503,0.18594012734478263,0.5839782515775168,0.09546800084746264,-0.9360305270209562,0.43500473252972255,0.08543673274140931,0.6744237044561592,0.1019381370874553,-0.9568780589598957,-0.8647991696881739,-0.7327049586900504,1.1602535268542609,0.9768593668676306,network_sweep_final
grn_n6_e9_pos0_sign_ratio_rep0,6,9,0.3,1.0,30,9,0.06898257724105225,0.27823147573419266,-0.024448000800417688,-0.3367999589588975,-0.33495785155760815,0.596322192662711,0.09076003875422775,0.1637039959731675,0.045292501462674495,-0.8505790993765328,-1.077519145978685,-0.6433265747742214,1.0100437586157962,0.98399807595904,network_sweep_final
grn_n6_e9_pos0_sign_ratio_rep0,6,9,0.3,1.0,30,9,0.1815559276525706,0.17311145743951187,0.22357718901532328,-0.14656631726297736,-0.6829729850677468,0.45849040174805156,-0.2861430462128428,0.7563763845969443,0.37437821601392535,-0.9665656280688535,-0.967736378818935,-0.6600814176963272,1.4440628788582006,1.1217562376584582,network_sweep_final
grn_n6_e9_pos0_sign_ratio_rep0,6,9,0.3,1.0,30,9,0.10685751801419882,0.07425950239553827,0.34874697878846034,0.18107305893216694,-0.6055068158192815,0.6245392403502337,-0.28867408210158296,0.3638063106218762,0.1766778189522579,-0.8510780911245894,-0.004876660601228231,-0.6448837485070006,1.105912531487244,1.1138156480071049,network_sweep_final
grn_n6_e9_pos0_sign_ratio_rep0,6,9,0.3,1.0,30,9,0.11891402022671455,0.13271621889235619,0.19370101861050656,0.04156420553686592,-0.47871017845105945,0.57311166244228,-0.22159359021996047,0.49671588765639996,0.16151184365226107,-0.8390409853764841,-0.3150896066651449,-0.3148960125080974,1.099577542744848,1.0239336914055108,network_sweep_final
grn_n6_e9_pos0_sign_ratio_rep0,6,9,0.3,1.0,30,9,0.029497932240062613,0.29643249281244094,0.05131185729550982,0.3851382847054959,-0.710366421470217,0.5107370809298514,-0.22354482958858599,0.7909995265959342,0.3336552181314961,-0.8116662813553847,-0.640622190723695,-0.8918736969901861,1.2072853866226185,1.0538721319442068,network_sweep_final
grn_n6_e9_pos0_sign_ratio_rep0,6,9,0.3,1.0,30,9,0.19665123890165775,0.036682638400673,0.06562358608549608,0.5137587036102949,-0.10395678817369457,0.672255402182337,-0.43685569150079984,0.5673034393922718,0.2111798592745495,-0.874598627455328,-0.5729900553371794,-0.2905365248227114,1.1591574120779289,1.1051368187142405,network_sweep_final
grn_n6_e9_pos0_sign_ratio_rep0,6,9,0.3,1.0,30,9,0.026558714508525805,0.1453689470936627,0.021553228712498422,0.9568192767949866,-0.10966134806376678,0.7430079280933809,-0.7379597444879377,0.8566255888840965,0.29798263737684594,-1.0403087755401201,-0.16309010030371107,-0.16463903857811193,1.1379549994411424,1.104475774435729,network_sweep_final
grn_n6_e9_pos0_sign_ratio_rep0,6,9,0.3,1.0,30,9,0.2655213164799897,0.06756304536444162,-0.4355867450642065,-0.6664091383994004,-0.27279370424728133,0.5682800847449953,0.20758196203337484,0.7362716402773819,0.33672109470734746,-0.9623222833916166,-0.739830123702112,-0.24614020551587817,1.2580896756163356,1.112071465745506,network_sweep_final
grn_n6_e9_pos0_sign_ratio_rep0,6,9,0.3,1.0,30,9,0.18359857658825388,0.08801637919178602,0.6636841820666057,0.017358689628493667,-0.9454553409196383,0.4104828327396268,0.1670570139421863,0.005279423989352185,0.15157791014809396,-0.8258963851603655,-1.0472787796109426,-0.9458115403945904,1.0727114083116638,0.9435332965045233,network_sweep_final
grn_n6_e9_pos0_sign_ratio_rep1,6,9,0.3,1.0,30,9,1.5693367700391931,1.5250641123759257,0.44812907733889157,-0.15877042167689473,-0.31532162885588594,0.9111319331681064,-0.17797878794840463,0.4209418807279016,1.6930754913063282,-0.4047510973805859,-0.11657916717372166,0.18259389381857488,2.624270381257826,2.373596205613749,network_sweep_final
grn_n6_e9_pos0_sign_ratio_rep1,6,9,0.3,1.0,30,9,1.1212027020793895,1.3867506104785712,0.5345216266963325,-0.22786257933333584,-0.20625061534385142,0.8911550608897575,0.352409959447031,0.22269973459189757,1.3224834210001752,-0.9682195951059613,0.22412656365891992,-0.5093143101089003,2.3589293998288037,1.8100467055145417,network_sweep_final
grn_n6_e9_pos0_sign_ratio_rep1,6,9,0.3,1.0,30,9,1.226464481214204,1.1036877094444741,-0.6380291708529301,0.30794914004516954,-0.04586100026778304,1.073154952832071,-0.4463896071150644,-0.8285460369525884,0.4283220588142067,-0.9235185169696417,0.4616817924463446,-0.1551592668196201,1.7180349488533635,2.1342316785680633,network_sweep_final
grn_n6_e9_pos0_sign_ratio_rep1,6,9,0.3,1.0,30,9,1.3496091875837117,1.0674334396279885,-0.5820456430821345,0.029354326254182377,0.2228487269659087,1.0873019535208301,-0.27401020594162057,-0.32183594785222125,0.33023072431218686,-0.4961735239613074,0.20667215719791593,0.06672330934603882,1.2002243960098367,2.0778244348757857,network_sweep_final
grn_n6_e9_pos0_sign_ratio_rep1,6,9,0.3,1.0,30,9,1.0666543499006125,1.793482050705413,-0.0571566396083317,0.44855984672059235,-0.47441514155355674,0.49574380148584074,-0.6042794996746574,0.26433384913479385,1.1695575263343878,-0.8199213884138686,0.07869935052364885,-0.3912262825838722,1.8234843995077914,2.5104199641236686,network_sweep_final
grn_n6_e9_pos0_sign_ratio_rep1,6,9,0.3,1.0,30,9,1.4934326408862015,1.2659430645064966,0.5446285153506415,-0.1403029418055973,0.2803946391063243,1.2809708685486094,-0.32028231440119714,0.5798682342161332,1.3143965199395753,-0.8550149295303674,0.025661743680999514,0.22003513376653644,2.264896214896215,2.5824319529207282,network_sweep_final
grn_n6_e9_pos0_sign_ratio_rep1,6,9,0.3,1.0,30,9,1.144311989486282,1.579926308112292,0.2074290343091675,-0.7187301207369614,-0.38680321573687837,0.4020556677173482,0.48234137209646755,0.0780323951086001,0.9176383636686768,-1.4758098977089678,-0.8854688601906976,-0.44028265370618175,2.039297511398961,2.325319284802043,network_sweep_final
grn_n6_e9_pos0_sign_ratio_rep1,6,9,0.3,1.0,30,9,1.0247149744875959,1.5916348829079372,-0.6481277120334552,0.48937379856337904,0.31395222872701634,1.603905059058108,-0.5248427365702536,0.09045574972761716,1.2172482535119296,-1.909108256918851,-0.5167627896490808,0.2791705059668636,2.363559029458433,2.3667480667480674,network_sweep_final
grn_n6_e9_pos0_sign_ratio_rep1,6,9,0.3,1.0,30,9,1.7705601258501458,1.7507369606252419,-0.13710198425097678,-0.19657443869828214,-0.35587194521818466,0.3731449983421554,0.1349524612927936,0.316596560840931,1.2780840220151584,-1.2402674393299589,-0.29107474516854775,-0.47877756675248356,2.392197640156994,2.525295863258827,network_sweep_final
grn_n6_e9_pos0_sign_ratio_rep1,6,9,0.3,1.0,30,9,1.446559445133646,1.8269878822009038,-0.29181911837851693,0.7765432503861103,-0.5734143312731669,0.6023475776801158,-0.09122783450572779,0.048228875509345195,1.0054783017110582,-1.6581891609449986,-0.4563874381199211,-0.7940326382367355,2.139074505741173,2.427454061713321,network_sweep_final
grn_n6_e9_pos0_sign_ratio_rep2,6,9,0.3,1.0,30,9,0.21565182263051708,0.2046095274509506,-0.23531390903820396,0.3168615826704656,0.019056406000089614,0.48356861431098597,-0.6294774847207582,-0.49639249131974456,0.160831605044924,-0.3277820901079271,-0.08767650719113192,-0.23122043098982448,1.1217355129688178,1.354929988916917,network_sweep_final
grn_n6_e9_pos0_sign_ratio_rep2,6,9,0.3,1.0,30,9,0.224692371310029,0.2822046760824284,0.08173145625280563,-0.4231191760182241,-0.41813341016228533,0.25769130905507226,-0.30219792605161333,-0.10436692946215993,0.14419045312708784,-0.5105802623142764,-0.526944674881583,-0.29655888578639483,1.3867709129992203,1.336441028107695,network_sweep_final
grn_n6_e9_pos0_sign_ratio_rep2,6,9,0.3,1.0,30,9,0.45112860830769635,0.3592496443840894,-0.4399583694769985,-0.23066761625971852,-0.12796147154919996,0.33387069786171963,0.19452647378572752,-0.48583046605625585,0.2571673181607541,-0.2073282959502005,0.5382968873469375,-0.47075022952294193,1.0856424691664344,1.418085696680468,network_sweep_final
grn_n6_e9_pos0_sign_ratio_rep2,6,9,0.3,1.0,30,9,0.44322188311842836,0.42820320677564017,0.8310870033648892,-0.7363373508177855,0.30034170409832184,0.6965782820773609,-0.387387603384509,0.46800838665063466,0.4030301374195286,-0.5139952817960868,-0.7425313733597004,0.34973109957768617,1.269674980639893,1.1115216767703024,network_sweep_final
grn_n6_e9_pos0_sign_ratio_rep2,6,9,0.3,1.0,30,9,0.3066098804639952,0.37434442860952977,-0.3742605896508923,-0.09435366218811583,-0.025432527758194528,0.29752164104684425,0.004535203732396161,-0.5290461871101642,0.2690195472392117,-0.6647874604652456,-0.47507445201197424,0.044572080739854414,1.4755894047484064,1.4541114472945191,network_sweep_final
grn_n6_e9_pos0_sign_ratio_rep2,6,9,0.3,1.0,30,9,0.20378825906528328,0.33089281344807725,0.2040439276627723,-0.6177682348645865,-0.36311535861627753,0.268604134759285,-0.07891441450401489,-0.5782194642332464,0.18115655953256374,-0.375876429595637,-0.09847252582832523,-0.3778744735792992,1.3595500303484032,1.4008905748036182,network_sweep_final
grn_n6_e9_pos0_sign_ratio_rep2,6,9,0.3,1.0,30,9,0.28434400625970196,0.09148680087411672,-0.5522293283691452,-0.0872927464535071,-0.33483809787757524,0.2703413782478825,0.07189799339798682,0.2709654125663721,0.3266986807366059,-0.4609549414473059,0.3115735516957123,-0.3922788718741708,1.4903548400280426,1.5216505216935214,network_sweep_final
grn_n6_e9_pos0_sign_ratio_rep2,6,9,0.3,1.0,30,9,0.20313802893485558,0.2631613454424218,-0.2651081987176234,0.7462943929996018,-0.36053087187979993,0.3170315641797442,0.01023911858984706,-0.05875564420570853,0.2851746414152882,-0.2821273360701318,0.2401233743366449,-0.651645932102776,1.420363937684199,1.3685911878894335,network_sweep_final
grn_n6_e9_pos0_sign_ratio_rep2,6,9,0.3,1.0,30,9,0.22448027461142012,0.2412566761155275,0.0762934812845784,0.006255113788224154,-0.36478685318365417,0.2896226590538284,-0.07127554721167134,-0.38333014598635784,0.11835983390465132,-0.3446918217173909,-0.03068959568993311,-0.5797230374863274,1.1119815359739107,1.3281447094207897,network_sweep_final
grn_n6_e9_pos0_sign_ratio_rep2,6,9,0.3,1.0,30,9,0.36372921396454894,0.28355590570889705,0.1899862811678922,1.0868084551105819,-0.29282490706683,0.40088887435051135,-0.6783072733596311,0.5252013409607903,0.4541980485857524,-0.6102177112664041,-0.9813197488554564,-0.4905048993993442,1.5584939751606417,1.4060416909000786,network_sweep_final
grn_n6_e9_pos100_center_rep0,6,9,0.3,0.0,30,9,0.766468147129802,1.3136794703735681,0.33712993746397063,-0.4582116150649355,0.2654309411979723,-0.2569600837092606,0.34749798824314154,0.3859279788650966,-0.2841712972434638,-0.09817653414049862,-0.16149908735207696,0.41529917916970105,0.864136660478823,1.2259556208113795,network_sweep_final
grn_n6_e9_pos100_center_rep0,6,9,0.3,0.0,30,9,0.38764121022655545,0.5188820083057949,-0.35564516228962567,-0.012532354477570493,0.4859352239237017,0.07833962476212158,0.1605119031367376,0.37959873000349664,0.7401392482536271,0.39223600872420755,-0.17296905432621126,0.5742641458664702,1.754109204894229,1.8040792685042195,network_sweep_final
grn_n6_e9_pos100_center_rep0,6,9,0.3,0.0,30,9,1.0109705196496457,1.0895411223395823,-0.28111349122798324,0.30447021362534316,0.777762329324111,0.12498257276838183,0.11759292671297748,0.08848067305374158,0.22977990527477363,0.8693521513062493,0.11286380908221634,0.9954842087607981,1.2027347854894608,1.9718390316767602,network_sweep_final
grn_n6_e9_pos100_center_rep0,6,9,0.3,0.0,30,9,0.8865993608428067,-0.15828184316994787,0.6391922607339047,-0.7391904485762513,-0.08109742485109996,-0.4418033959212561,0.4812825232088094,0.4854539920585683,0.5090662511576767,-0.07855477257855252,0.35071807810123856,0.40650610567509,1.3650299235094558,1.6326021893654745,network_sweep_final
grn_n6_e9_pos100_center_rep0,6,9,0.3,0.0,30,9,0.22487222665758264,1.0680743076010333,0.42802436165995694,0.9979445077719706,-0.9946147331014591,-0.9104088296233805,1.1908886032525787,0.5925113787628253,1.0779077574897513,0.9217990578461499,0.2639206109333091,-0.35309796097624463,2.2728049728049733,1.589176582168573,network_sweep_final
grn_n6_e9_pos100_center_rep0,6,9,0.3,0.0,30,9,0.8625299696568149,0.22559549263274442,-0.19801910647556467,-0.4409322355230207,-0.27104459923407115,-0.770646347633777,0.3973307966186599,-0.20558174417629893,-0.18873569825497033,-0.1027536488538261,0.15877443735066557,-0.22913896049231744,0.8458948856418982,1.4032102010339198,network_sweep_final
grn_n6_e9_pos100_center_rep0,6,9,0.3,0.0,30,9,-0.13402183652666583,0.11715071147563286,-0.08585653406867355,0.08127524108438142,-0.07360495813729798,-0.11980314269028539,-0.3731373678613095,0.3525555560140732,0.4980278612739579,0.7120006241787429,0.20398434122838194,0.9555283074530488,1.2957978522134008,1.2796412240377761,network_sweep_final
grn_n6_e9_pos100_center_rep0,6,9,0.3,0.0,30,9,0.7067098404806365,0.8422579201927061,0.4634756563940987,0.22768013896421893,-0.1726591072115759,-0.6115413471265545,-0.05252861871121548,-0.46078903611097377,0.218666117761668,0.04825620743831187,-0.06970013769362456,0.5650155743106956,1.020972779880826,1.1602568672542457,network_sweep_final
grn_n6_e9_pos100_center_rep0,6,9,0.3,0.0,30,9,1.1996409056900699,0.3201674687585079,0.6603095741857313,-0.21047115473870587,-0.09034527586924955,-0.5379544420714045,0.24503222537760824,-0.06609591537679607,0.6167897897706224,0.7983054305627074,0.0790289533469922,0.16272290842639836,1.5669620459174212,1.3274301928637042,network_sweep_final
grn_n6_e9_pos100_center_rep0,6,9,0.3,0.0,30,9,0.3273085116920033,1.1637087133353032,0.6177392675200338,1.1335706014028235,-0.5224038367531948,-0.46442891045771134,0.21712764103064602,0.1640525504715587,0.6816766390684103,0.8016407961879813,-0.2955758929788226,-0.13642351151566354,1.555238213825587,1.2115435936495178,network_sweep_final
grn_n6_e9_pos100_center_rep1,6,9,0.3,0.0,30,9,0.9284975780922675,0.5439857086025544,0.8324158004739272,-0.39154427266764524,0.43970411016470984,-0.48589396393065587,0.39010210963986747,0.264923112898095,0.5825408025781703,0.3009080819111527,0.07541397842861963,0.39377667776695663,1.3958417416271824,1.4126276380361347,network_sweep_final
grn_n6_e9_pos100_center_rep1,6,9,0.3,0.0,30,9,0.7141223059235591,0.5054253789647527,0.21488536695930838,0.14274709083166293,-0.5878809184312799,-1.0040994799407856,1.2971179600062241,0.24363927072248479,0.18813954375979206,0.21947470051063708,-0.2727202621753692,-0.4619061286104789,1.427641448235318,1.6566290785427134,network_sweep_final
grn_n6_e9_pos100_center_rep1,6,9,0.3,0.0,30,9,0.659412485226365,0.8006733797243993,-0.544004573819525,0.1003610036527639,0.36659901321681104,-0.22754757589621713,0.3804981048853446,0.06910453654878086,-0.12173507848580924,-0.2989222120996321,-0.3029892058963749,0.642691579353109,0.9186787549326052,1.2638429008254715,network_sweep_final
grn_n6_e9_pos100_center_rep1,6,9,0.3,0.0,30,9,0.747101411596721,0.9425120100361417,-0.12693683295145675,0.39166038303587986,1.2992723772142774,-0.12977931526059813,-0.22247699402895213,0.5933720113841687,0.33400256653524596,0.640627311640271,0.43277167606050626,1.3670141382117502,1.1844890736468339,1.8178897627427038,network_sweep_final
grn_n6_e9_pos100_center_rep1,6,9,0.3,0.0,30,9,1.0442768399917393,0.5034299898084802,-0.4621449565115273,-0.8888024341249366,0.5293659104431709,-0.20293101559413726,0.34268196960666797,0.3740401627200607,1.0277587765560734,0.5547291456536485,0.1379750978693352,0.7240974522226389,2.113284900590809,2.149909003710173,network_sweep_final
grn_n6_e9_pos100_center_rep1,6,9,0.3,0.0,30,9,0.7148185458236959,0.8322265802662264,-0.3398746548977296,0.2825347513219021,-0.0008929031513058455,-0.5190132857983878,-0.12735042605288655,0.6083581102677947,0.7710873977040149,0.7054444360186534,0.1812981299194993,-0.10424426023834095,2.078948800387836,1.553276555079575,network_sweep_final
grn_n6_e9_pos100_center_rep1,6,9,0.3,0.0,30,9,0.4194747052065444,0.9405218992245332,0.11823817665202271,0.5767985209612126,0.10594168261942502,-0.3017185771886026,-0.09903823304451055,-0.11890358103573091,0.7166461284836845,0.6011865911078813,-0.2177176163337092,0.4688425828497099,1.4867117756981305,1.611947829344523,network_sweep_final
grn_n6_e9_pos100_center_rep1,6,9,0.3,0.0,30,9,0.2599756967588369,1.2215481705232525,0.15197905902759282,1.1456783246853874,-0.6607411989340899,-0.6961622601145316,0.6084410736707211,0.5810711149170393,0.7908627105149257,0.7799077617358766,-0.02867722048783079,-0.280742938939869,1.850728826303539,1.4535883913903236,network_sweep_final
grn_n6_e9_pos100_center_rep1,6,9,0.3,0.0,30,9,0.7761877600381741,0.8043382699997017,0.38819197633918057,0.0004072721659764177,-0.5830010971757573,-0.8863820456858632,0.7779317024401845,0.9291750755185716,1.1879779127884982,1.1958677312794608,0.4953969746378334,-0.28713207348762204,2.2887648374189484,2.1158518450615116,network_sweep_final
grn_n6_e9_pos100_center_rep1,6,9,0.3,0.0,30,9,0.47117448828194347,0.7890144537765678,0.3340689184634096,0.2883742282491429,0.280134145742945,-0.14628434213145064,-0.2620650992764788,-0.2912200543193756,0.2722528791101084,0.29903384671255023,-0.2280086267972098,0.4335497034539742,1.1619535363200082,1.3620789913685132,network_sweep_final
grn_n6_e9_pos100_center_rep2,6,9,0.3,0.0,30,9,0.6910378128839127,0.608534111170152,-0.49350070652902345,-0.08341999498338337,0.23835735994838714,-0.4088716527374808,0.3790556858358966,-0.5429523496629544,-0.3654617137345832,0.3959540020916456,-0.05091264151459709,0.6293162506014673,1.0382750932956095,1.3663126987698362,network_sweep_final
grn_n6_e9_pos100_center_rep2,6,9,0.3,0.0,30,9,0.7144962132524102,0.9140743184685228,0.008893930562199453,0.5904113816222922,0.046731306962291635,-0.37485587003061777,-0.04766069869493147,0.4716746681800714,0.343799750402061,0.97645192093892,-0.2851591684192975,0.015694680864359413,1.308265022407951,1.5321863526168238,network_sweep_final
grn_n6_e9_pos100_center_rep2,6,9,0.3,0.0,30,9,0.8668473245144566,0.4450458775292032,-0.19060668829293237,-0.22951451175775706,0.3362192135537817,-0.1863667349022978,0.20430589327766993,0.7591921791516772,0.9037984191988583,0.6489775921089117,-0.09086085234441897,0.5319450600394522,2.103585880086519,2.0534627318941046,network_sweep_final
grn_n6_e9_pos100_center_rep2,6,9,0.3,0.0,30,9,0.7264182224768794,0.6361284525849443,-0.6258033360425087,-0.32939110881472444,0.43857594250077425,-0.13860774099895928,0.3313015658033983,0.47354153101126795,0.647722454996701,0.7524578569481104,0.5309730271301975,0.6133567617118385,1.5915851638073861,1.6804716253245664,network_sweep_final
grn_n6_e9_pos100_center_rep2,6,9,0.3,0.0,30,9,0.37778424755914825,0.3563258881863239,0.011045488580568296,-0.03346108449186459,-0.14098653523190535,-0.6515136670788851,0.2529727294489615,1.0067018599966369,0.9525794392248925,1.3465933322877703,0.6498549358691684,-0.2540097642064553,1.933313796598821,1.8556995282213145,network_sweep_final
grn_n6_e9_pos100_center_rep2,6,9,0.3,0.0,30,9,0.731318974849205,0.816403542336708,0.12175796066401061,0.24972177147394908,0.21623129610126057,-0.19623882136945073,-0.19513757801917267,0.500457299960929,0.6342962092434006,0.7204732292468181,0.36150404124240043,0.4151050493457144,1.6135847348810313,1.980132209087584,network_sweep_final
grn_n6_e9_pos100_center_rep2,6,9,0.3,0.0,30,9,0.4919511921204978,0.5566965564921795,-0.34604226593813514,-0.06846446032756931,-0.10933383039808807,-0.36606212515451864,0.27081529355269945,0.46225644235892344,0.7449138036999572,1.0408415289340012,0.20340859756572818,-0.03977640450263122,1.6516488709471164,1.9156918184695964,network_sweep_final
grn_n6_e9_pos100_center_rep2,6,9,0.3,0.0,30,9,0.2515307168075268,0.6590682670759793,0.3945329830914453,0.1941007222000871,-0.29183110608705404,-0.4907589962510503,0.3186155759329286,-0.45034198183382745,0.22568392221174868,0.4515312452243251,-0.2428437633631584,-0.009586909245738974,1.296729958458408,1.064093574986228,network_sweep_final
grn_n6_e9_pos100_center_rep2,6,9,0.3,0.0,30,9,0.5723972027084473,0.7788508292829361,-0.055544649711686454,-0.05963451853930262,0.5347473585188643,-0.3301826902117325,-0.15900095738390269,0.8769762966443058,0.6555604877937512,1.1120158579551527,0.19763023757995496,0.605268632322925,1.7401053760755856,2.1565994437926634,network_sweep_final
grn_n6_e9_pos100_center_rep2,6,9,0.3,0.0,30,9,0.5811722065457566,0.5596007325181676,0.011173307856430831,0.0654319285988208,0.21992686965069475,-0.3104609045084983,-0.028163814335334988,0.0160722150182259,0.3729740477956244,0.4406556181505314,-0.3457320535307499,0.16016645979766356,1.636526073182745,1.3899624614727588,network_sweep_final
grn_n6_e9_pos50_sign_ratio_rep0,6,9,0.3,0.5555555555555556,30,9,0.39157235583093636,0.5010876811231172,-0.4012374467212811,0.19184212953132038,0.8139277503934815,0.5483161218768898,-0.41298074255912354,0.6216667800093301,0.8469151981834159,-0.0603818058818337,0.14851200549557778,0.16416384230736492,1.8480470705712253,1.8673511673511671,network_sweep_final
grn_n6_e9_pos50_sign_ratio_rep0,6,9,0.3,0.5555555555555556,30,9,0.43773662093106774,0.1722086374425926,0.6680991422157345,-0.14511657889605456,0.6051781313152435,0.26875231218607043,0.3406453704602086,0.5443343020505215,0.7262388669853737,-0.09413065770658441,0.4066035927774001,0.16300417804570647,1.8384957823893326,1.451158842932448,network_sweep_final
grn_n6_e9_pos50_sign_ratio_rep0,6,9,0.3,0.5555555555555556,30,9,-0.19175860161218972,0.3981567035517532,0.06871623812600558,-0.4625539115013902,-0.10072054688638091,-0.2889606641025897,0.994256398673195,0.2895681626576578,0.9455476535975388,-0.3780137520049842,-0.21189261353302027,0.20417636183244767,1.8083160765273658,1.050418548478729,network_sweep_final
grn_n6_e9_pos50_sign_ratio_rep0,6,9,0.3,0.5555555555555556,30,9,0.38305804156353535,0.33956228763873514,0.15256286366477817,0.24754954648773844,-0.3516418511413031,-0.2446856434695454,0.6555703398853923,0.4006199484787371,0.5067075748978409,-0.07577477936057854,0.18863049575645818,-0.24501844220903954,1.4528961065161168,1.561597161231664,network_sweep_final
grn_n6_e9_pos50_sign_ratio_rep0,6,9,0.3,0.5555555555555556,30,9,0.16224374558890065,0.834552685622245,0.5203973684221337,0.8061352038560694,0.3569821220038332,0.27289620845519075,0.3788817773045466,0.6831460800388499,0.8246520806752315,-0.5509149717241754,-0.9279124185893765,0.013265153646689787,1.802197459604867,1.2266556565198654,network_sweep_final
grn_n6_e9_pos50_sign_ratio_rep0,6,9,0.3,0.5555555555555556,30,9,0.573615842549582,0.4621388362615168,-0.3266235618177552,0.9774912478009768,0.5977543402661669,0.3591357391249036,-0.02806649052662146,0.7129234752401641,1.033860493773584,-0.05116093178386303,-0.04298010405007603,0.27650559581453077,1.9391785080190875,1.8015085102503403,network_sweep_final
grn_n6_e9_pos50_sign_ratio_rep0,6,9,0.3,0.5555555555555556,30,9,0.320136187562914,0.47547294189154604,-0.3246254958720386,0.059497726235391776,0.16841406081593346,0.039055106621163634,0.45850851569269396,0.052441711872474255,-0.1823734761815241,-0.26372136547455854,0.5095813368146981,0.24813418400680193,0.8758445566694778,1.5934816028592669,network_sweep_final
grn_n6_e9_pos50_sign_ratio_rep0,6,9,0.3,0.5555555555555556,30,9,0.45104488002036563,0.2495529496689119,-0.2961006767726357,0.3606044835824601,-0.3477188686412526,-0.4359523548710385,0.40938057696967506,-0.4346889488694696,0.5930481013844786,0.19387981207139215,0.14745992656758083,-0.6045517746635681,1.6262246678277699,1.489201549079505,network_sweep_final
grn_n6_e9_pos50_sign_ratio_rep0,6,9,0.3,0.5555555555555556,30,9,0.3117345686671227,0.08352819133549709,-0.07472279424693734,-0.2946508418058042,-0.10188243787567822,-0.12104214096160086,0.2736189963204623,-0.16636191689978494,0.4532940813110928,0.002392377648328066,0.4356904773259146,-0.047472574649733416,1.3943341917938468,1.4816698191114892,network_sweep_final
grn_n6_e9_pos50_sign_ratio_rep0,6,9,0.3,0.5555555555555556,30,9,0.1428883477491104,0.2052289983619039,0.16612525377360887,0.35933589024831697,0.11936242487029615,0.21830199820921792,-0.1544450539073482,0.011417917207754225,0.9222237805087877,-0.12345770836541295,0.031013371995783204,-0.10371527457243859,2.040235901200814,1.216556220713864,network_sweep_final
grn_n6_e9_pos50_sign_ratio_rep1,6,9,0.3,0.5555555555555556,30,9,0.9154117351377845,0.4540861156030365,-0.0035949752244563166,0.5892978252162485,-0.5380305158885297,-0.5528921677761881,-0.0646103561506731,0.6587167355934747,0.5576662618414931,0.10166695839142789,-0.20813917377815983,-0.4665643743005068,1.6305338589960168,1.9479018973844684,network_sweep_final
grn_n6_e9_pos50_sign_ratio_rep1,6,9,0.3,0.5555555555555556,30,9,0.8039080099073587,0.4929929058549937,0.2035703019088203,0.07068112516370176,-0.19152642721479557,-0.48218837976319523,-0.079352670303638,0.47904253552251186,0.5606732938416744,0.30577357373203,-0.23198762140479748,0.0007614572671745668,1.475649217006286,1.5833199315563524,network_sweep_final
grn_n6_e9_pos50_sign_ratio_rep1,6,9,0.3,0.5555555555555556,30,9,0.48782105622554867,0.4534050827328108,-0.17050833876551577,-0.4149205481245806,-0.16808089723417535,-0.6567321124441516,0.8474393016179163,0.553137960932785,0.4282674025384404,0.013500943683685282,-0.052093689946478346,-0.2497538955844912,1.4268794386441446,1.928873353709955,network_sweep_final
grn_n6_e9_pos50_sign_ratio_rep1,6,9,0.3,0.5555555555555556,30,9,0.49304200335672205,0.6598939249993245,0.36387320062425216,0.3426036018585114,-0.05872543162468707,-0.10990654495591164,0.3331100741205644,0.3714348925138209,0.25501766538905163,0.34472530699222814,0.11797522414323751,-0.3480136503871383,1.2659276994037718,1.4797936956892352,network_sweep_final
grn_n6_e9_pos50_sign_ratio_rep1,6,9,0.3,0.5555555555555556,30,9,0.42475628750556754,0.6786651657939676,-0.8574745866604945,-0.580783560968248,0.8197040805799672,0.1276146072957358,0.04262143768442101,0.4202548537718888,0.35107242638896646,0.26443820589699635,-0.32174240059943604,0.5178763191703646,1.657923052226595,1.740574876541626,network_sweep_final
grn_n6_e9_pos50_sign_ratio_rep1,6,9,0.3,0.5555555555555556,30,9,0.6486530220203028,0.17503593938831383,0.5115897689744523,-0.10390054531680104,-0.012466321824335967,-0.43558579589713187,0.3671352200507126,-0.2677232227970916,0.02245441474059258,0.15359475177891843,-0.10913638418178871,-0.20012136669100772,1.180314879958823,1.2950408676887544,network_sweep_final
grn_n6_e9_pos50_sign_ratio_rep1,6,9,0.3,0.5555555555555556,30,9,0.3854636677385621,0.5826581795969608,-0.4843377825273481,0.2083812495398042,0.33583423108639265,-0.01830698483526183,-0.591058505028942,0.2495912182515313,0.15109656476523173,0.032839256911623954,0.1665646683377374,0.4757780575026607,1.1963468763830838,1.6190717534494177,network_sweep_final
grn_n6_e9_pos50_sign_ratio_rep1,6,9,0.3,0.5555555555555556,30,9,0.29388290365982445,0.6885592659745278,-0.4217237528437064,0.06708558919990312,0.023419311328423932,-0.31685550662838435,0.005322396976810928,0.9825235404311025,0.40494992325898493,0.18828428718077647,-0.43871775264917995,0.33336058287985704,1.497604378072967,1.4856763979823064,network_sweep_final
grn_n6_e9_pos50_sign_ratio_rep1,6,9,0.3,0.5555555555555556,30,9,0.41218260490071645,0.8940432249086205,0.6217474531423915,0.185274285636874,0.08119939606513224,-0.15300969629924616,-0.04691921938113217,0.25624428379189795,0.35433593029927535,-0.16384858633052266,-0.19458016258288638,0.2620124691355476,1.410308407941944,1.164239653673205,network_sweep_final
grn_n6_e9_pos50_sign_ratio_rep1,6,9,0.3,0.5555555555555556,30,9,0.6568175551364862,0.3527244624204051,0.4613103824146715,-0.7217534911613304,0.15373877809974631,-0.23075437133079246,0.5954942287666887,0.869066836477231,1.0751272689772338,0.878694280027613,-0.04448307788923022,0.3111037229288525,2.253053278924739,2.0616619261255273,network_sweep_final
grn_n6_e9_pos50_sign_ratio_rep2,6,9,0.3,0.5555555555555556,30,9,0.57467892428049,0.5108195350450999,-0.8968442901394325,0.15295864693189365,-0.03864343570102959,0.12857419724103553,0.19571351629236597,1.3218921427195618,1.4263519227630153,-0.19984635983517632,0.5819871675071528,-0.21758863856750077,2.192779442779443,2.4876328404106185,network_sweep_final
grn_n6_e9_pos50_sign_ratio_rep2,6,9,0.3,0.5555555555555556,30,9,0.8815947073732218,0.7095884585232173,0.16653170440349108,0.2640650986725753,-0.2688316820627702,0.1379839428084212,0.298212242940713,-0.47915887163443127,0.2242395916638702,-0.849349999284694,-0.0589804938022185,-0.1287289686352708,1.2290160072176746,1.2792443491173076,network_sweep_final
grn_n6_e9_pos50_sign_ratio_rep2,6,9,0.3,0.5555555555555556,30,9,0.8513969323484842,0.7718086885114164,0.44529520591878263,0.6313046600486153,-0.1678760500934706,0.35198574519511944,0.04602685909444992,-0.12233089791445202,0.06025549484744613,-0.3880112651250082,0.4919574522613663,-0.3556687188421043,1.02966230392701,1.4402244540497782,network_sweep_final
grn_n6_e9_pos50_sign_ratio_rep2,6,9,0.3,0.5555555555555556,30,9,0.4343092268470127,0.7677873009458899,0.023871177198308863,-0.25850006061813735,0.37157501284001077,0.24498904865557408,0.10658626980662571,0.5838000804524208,0.8494292598339935,0.03316808600286124,0.39323581858752954,0.3852175615851817,1.883427857177502,1.7013633026059924,network_sweep_final
grn_n6_e9_pos50_sign_ratio_rep2,6,9,0.3,0.5555555555555556,30,9,0.7824334183317698,0.4001808448149609,-0.39033634813130996,0.049499738198284196,0.6535854753118543,0.7066574732274745,-0.3712080378966296,0.6400245764841859,0.816821374041208,0.021841863563852836,0.4422214642535728,0.6026028675017282,1.7971927616831471,1.9997839095061318,network_sweep_final
grn_n6_e9_pos50_sign_ratio_rep2,6,9,0.3,0.5555555555555556,30,9,1.0325438277883345,0.9293491855233189,0.2683673359865165,-0.12103410374094213,-0.23601352402705708,0.05484583082686222,-0.021862061700307692,0.0828755508886225,0.4180259929307472,-0.34293797539531273,-0.3475648893733329,-0.34628131204586454,1.500878166108051,1.9322414494828288,network_sweep_final
grn_n6_e9_pos50_sign_ratio_rep2,6,9,0.3,0.5555555555555556,30,9,0.822821669582486,0.7695326779906472,-0.2534260840679729,-0.10728710207728596,0.2799319832632939,0.5007055906453705,-0.3326678476643477,0.9167285765327695,1.0257122552330322,-0.303194428365086,0.0318400292366422,0.15195987948809697,2.0014084852047818,2.083069798756074,network_sweep_final
grn_n6_e9_pos50_sign_ratio_rep2,6,9,0.3,0.5555555555555556,30,9,0.5792355125724997,0.9353679795675982,-0.20944452614613074,0.12101121846688831,0.2014008221578658,0.34116424913720816,0.08153011574484413,0.019187838304547476,0.36002072303098154,0.07569736985392655,0.43786227683378676,0.06967616459998487,1.5143456792100671,1.6210152086709422,network_sweep_final
grn_n6_e9_pos50_sign_ratio_rep2,6,9,0.3,0.5555555555555556,30,9,0.7611868996084286,0.7283667101239939,-0.2634431297277438,-0.15497314612130336,-0.020439537730042708,0.03490979972341581,0.2855356507858949,0.3411770193472063,0.4642303476191863,-0.31754807651851713,0.09534197731718023,-0.21239673380169571,1.3399455482788818,1.8035357132579355,network_sweep_final
grn_n6_e9_pos50_sign_ratio_rep2,6,9,0.3,0.5555555555555556,30,9,0.7854072936327465,0.29862641211034807,0.45104234176997215,0.26637845053999365,0.5482416440172622,0.7979828490637924,-0.25210873805581707,0.39668503593888566,0.7682857918142835,-0.36137220573631923,0.2915935211197074,0.30629479579299723,1.8588089974255555,1.8680200971867638,network_sweep_final
grn_n10_e10_c5_a0_pos50_rep0,10,10,0.1111111111111111,0.5,90,10,0.8396635777111989,0.7135943363055872,-0.35584339492641975,-0.2618946336374901,-0.19438317516285095,-0.2977527885264191,0.12231135904691627,1.311230768423434,0.8675950594157548,0.37085477740912987,-0.11429473385448695,-0.2159218830607132,3.2964359244414396,3.4135564605956703,mixed_network_sweep
grn_n10_e10_c5_a0_pos50_rep0,10,10,0.1111111111111111,0.5,90,10,0.646377263543169,0.7822810959648338,0.3062429965258015,-0.6882238944897741,0.17428460183816585,-0.25451654547006214,0.19548646073774445,0.9992769978124645,0.7102748937337823,0.23264388588937485,-0.1405929107451463,0.048661904518334194,2.868554670703982,3.1763502993493242,mixed_network_sweep
grn_n10_e10_c5_a0_pos50_rep0,10,10,0.1111111111111111,0.5,90,10,0.7774769084587224,0.6682249923000086,-0.42809060316936903,0.4457347315214064,-0.0050517651222585745,-0.16217850510784387,-0.306749075688241,1.0869289290371578,0.6804981714992488,0.25827411121192595,-0.3156869484537622,-0.03187968938081462,2.9986838286510076,3.135021779696486,mixed_network_sweep
grn_n10_e10_c5_a0_pos50_rep1,10,10,0.1111111111111111,0.5,90,10,0.48338388523300446,0.462671215114869,0.049550266445003224,-0.038768969227788726,0.42009987256934433,-0.1105359096213943,-0.07512728999557848,1.4222224832868464,0.38796755145139056,0.2602429245038549,0.37454145951693524,0.18808903021508472,1.474322179431523,1.6943341777858338,mixed_network_sweep
grn_n10_e10_c5_a0_pos50_rep1,10,10,0.1111111111111111,0.5,90,10,0.39830908622145983,0.45477671114157686,-0.038339463034226945,0.0018157977017401186,0.22505283735404788,-0.10035923978306842,0.36081999240418666,1.7722258864066793,0.6147037915269079,0.2572542361222696,-0.1087063381923074,0.10391870583838021,1.8482314983623027,1.8168586689777488,mixed_network_sweep
grn_n10_e10_c5_a0_pos50_rep1,10,10,0.1111111111111111,0.5,90,10,0.41950289434869287,0.4977071820649916,0.13635332440410117,0.043440508096318164,-0.0860115110693812,-0.21995442138307078,0.10246342601653294,0.35657539818673206,0.2601464087663827,0.16198238886707977,-0.20460119453662381,-0.24151504271104554,1.2754413604540373,1.3447274803357154,mixed_network_sweep
grn_n10_e10_c5_a0_pos50_rep2,10,10,0.1111111111111111,0.5,90,10,0.7302096114844964,0.785381960520243,-0.0909364053055556,0.14414864096659682,0.14163522864666897,-0.42651602567528224,0.23291468686840347,0.9763026397365918,0.6409405201840624,0.4611070237130628,-0.22319499945583146,0.008308647705830846,3.1259700880773487,3.221930260686437,mixed_network_sweep
grn_n10_e10_c5_a0_pos50_rep2,10,10,0.1111111111111111,0.5,90,10,0.7689451294396491,0.6318323390481039,0.3822532233533267,-0.31168497139147505,-0.01664722021920657,-0.517391068336084,0.2586995168959186,1.309959347125103,0.7473006699709984,0.5130337283345039,0.05794194592438382,-0.20036715018419457,3.3117443659487797,3.185706841550779,mixed_network_sweep
grn_n10_e10_c5_a0_pos50_rep2,10,10,0.1111111111111111,0.5,90,10,0.7737376315582568,0.621229876908197,0.09902615533759813,0.1340548926922825,0.5818284080484354,-0.3141045190107092,-0.3936535981490681,0.9613190023543723,0.7179237244945372,0.43243499320670636,-0.022588971802622725,0.42315928712394507,2.0457128812257195,1.9848224828987917,mixed_network_sweep
grn_n10_e10_c5_a5_pos50_rep0,10,10,0.1111111111111111,0.5,90,10,1.2062533676758391,1.4051865627542532,-0.09601079890501286,-0.26797604478130865,0.27733445744905716,-0.3966663006220721,-0.17067756973990764,0.9331321319517893,1.5164758573061914,0.45131879216739973,-0.11654192313730972,0.048162406035376075,4.1892469348521,3.692362621268355,mixed_network_sweep
grn_n10_e10_c5_a5_pos50_rep0,10,10,0.1111111111111111,0.5,90,10,1.3565407268433556,1.2703955888531548,-0.21869128850359656,-0.03786674365862678,0.08730715348660227,-0.4305870240498909,-0.18779654209221322,0.9665702701340403,1.2245817286590137,0.47450422201167003,-0.011905162574289805,-0.1904133613795319,2.692878331752282,3.746585957151151,mixed_network_sweep
grn_n10_e10_c5_a5_pos50_rep0,10,10,0.1111111111111111,0.5,90,10,1.3194201557043355,1.3447795526973496,-0.3584551185841095,0.32752140022184,-0.4216513282081942,-0.5007476622831892,0.2705255100864866,1.0582146800194716,1.342301340840061,0.4769919734322149,0.08674080578659854,-0.27610592454306415,3.866959344615884,4.022009525492498,mixed_network_sweep
grn_n10_e10_c5_a5_pos50_rep1,10,10,0.1111111111111111,0.5,90,10,0.8936180161050253,0.7163546160689037,-0.06900843680595091,-0.2799062466171237,0.5052536099256812,0.26407080903051333,-0.408460211018635,0.3094412715282407,0.15748155256116853,0.415642530812156,0.4596697245891315,0.4934845308448468,2.1505002347273288,2.4988708160931146,mixed_network_sweep
grn_n10_e10_c5_a5_pos50_rep1,10,10,0.1111111111111111,0.5,90,10,0.5088167238843201,0.6185402490261573,0.40906336307569297,0.03440866248971761,0.044239038985997264,-0.04029297118759766,0.2577729502007809,0.24843348500286014,0.349015512337654,-0.24504549982036988,-0.055804480410743554,0.1329304676605303,1.3787289730956207,1.6380130893283618,mixed_network_sweep
grn_n10_e10_c5_a5_pos50_rep1,10,10,0.1111111111111111,0.5,90,10,0.31068846239917325,0.18786295488561433,-0.22744516569036918,-0.21065979765732432,-0.2512160748121664,-0.459241248199078,0.3208305581749433,0.007662407112140843,-0.022184183406198932,0.5433194588248902,0.2368766113149567,-0.09166918934494721,1.0430652155173394,2.0844523482782664,mixed_network_sweep
grn_n10_e10_c5_a5_pos50_rep2,10,10,0.1111111111111111,0.5,90,10,0.7001798171738922,0.5216235707348749,-0.01309800642874533,-0.221765519840889,-0.04440796597043777,-0.37867487379503667,0.22070843729533765,-0.7547737248552745,-0.03924538504052191,-0.010086576565428008,0.06254136795700531,0.25752788147782335,0.9813658710685464,1.2577860488177979,mixed_network_sweep
grn_n10_e10_c5_a5_pos50_rep2,10,10,0.1111111111111111,0.5,90,10,0.6735938734436204,0.8962421029889344,-0.31559398911225667,-0.08131064380003482,0.27734683093997536,0.21120357495732087,-0.06907170449108122,0.8262928418240381,1.2701087263544673,-0.5931221799763271,-0.27242812192470656,0.20530973965200014,4.946893381796412,3.527047249539248,mixed_network_sweep
grn_n10_e10_c5_a5_pos50_rep2,10,10,0.1111111111111111,0.5,90,10,1.024036025925771,1.114246610996806,-0.12043282925703121,0.20642778254370142,0.19464963968703294,0.28037618326258595,-0.3580515795365979,-0.35211254542639103,0.302028683250149,-0.04698021268347051,-0.31698368767736906,0.14087574305195,1.3060579073283145,2.7592723563307637,mixed_network_sweep
grn_n10_e10_c8_a0_pos50_rep0,10,10,0.1111111111111111,0.5,90,10,0.7940377152571741,1.001660676012598,0.09007882379105733,-0.42030571991842264,0.4175929058957411,-0.5010779284589324,-0.12006284099545554,0.9580982834296752,0.8700878053516831,0.5934991574546883,-0.22963100407566386,0.09985254025314147,2.1292599215894907,2.7055579859846115,mixed_network_sweep
grn_n10_e10_c8_a0_pos50_rep0,10,10,0.1111111111111111,0.5,90,10,0.9337280425425892,0.9352407034000895,-0.19345021547701027,-0.27613325576201303,0.7267615650110469,-0.4548593263218897,-0.2867023801030104,1.571473341407685,1.0518808436430465,0.777750257702622,0.10375848539903906,0.6309085990202341,2.9666466418522828,3.059347525058657,mixed_network_sweep
grn_n10_e10_c8_a0_pos50_rep0,10,10,0.1111111111111111,0.5,90,10,1.033955828573443,1.0136027426751848,-0.4824323466446534,0.08255619386983525,-0.16306013411507222,-0.7412870850576345,0.2585127282174159,0.9994491590681974,0.9577638632539366,0.6118952365666774,0.09737691695376594,-0.4182697921270943,2.368668875555217,3.0086628831269584,mixed_network_sweep
grn_n10_e10_c8_a0_pos50_rep1,10,10,0.1111111111111111,0.5,90,10,1.2228055402656375,1.1053540112312492,0.17232190480363754,0.33637567074056546,-0.06541982554064474,-0.2723816178073562,-0.08779340403959301,1.262379283061786,1.3699080808459796,0.29301082073992885,0.05260510946604787,-0.3186683065751258,4.441251306636706,3.2604397091681565,mixed_network_sweep
grn_n10_e10_c8_a0_pos50_rep1,10,10,0.1111111111111111,0.5,90,10,1.2221369011332348,1.2580049313686807,0.2900104916902286,-0.1828756075713564,0.027942612268019147,-0.3098542750269055,0.005113877247728438,1.1618748590011234,1.2379723585034639,0.3514032184633118,0.03643116879057471,-0.2177607466876755,4.340248665838411,3.922867927821865,mixed_network_sweep
grn_n10_e10_c8_a0_pos50_rep1,10,10,0.1111111111111111,0.5,90,10,1.21957060029178,1.148455545429676,1.2016690923972984,-0.33623007337561617,-0.11634337232282846,-0.3615523543174392,0.44468190346785563,1.2806782410204087,1.2135267648068029,0.3029531435429217,-0.18701453408589877,-0.18917546183560796,3.7766870880067125,2.7603149058328134,mixed_network_sweep
grn_n10_e10_c8_a0_pos50_rep2,10,10,0.1111111111111111,0.5,90,10,1.725206138997035,1.9776605248596457,-0.48593805862478406,-0.08016333138996962,0.1056213106534936,-0.568770304760476,0.43033850605932655,1.650675485367633,1.840992509063813,0.4248065595766547,-0.12908016194897767,0.03272521980587559,4.584194528297789,5.053665325902168,mixed_network_sweep
grn_n10_e10_c8_a0_pos50_rep2,10,10,0.1111111111111111,0.5,90,10,1.9007175204056752,1.9914050682784412,0.10198683994654578,0.2726776206963971,-0.13918487693475695,-0.6569511553122456,0.06438197010818039,0.8091247229494526,1.6071867739712922,0.5142090511568755,-0.2836783498098974,-0.2105570466290484,4.17307851140088,4.514729957349153,mixed_network_sweep
grn_n10_e10_c8_a0_pos50_rep2,10,10,0.1111111111111111,0.5,90,10,2.0631836542030286,1.895317845931633,-0.24467842374977355,0.00330833632630198,0.11585041408093719,-0.5077199441336984,0.45321930154737494,1.4362628625159188,2.1311068865538423,0.6908364810088131,0.00036715713559557763,0.12288813379157673,5.175851301059901,5.9994830827067664,mixed_network_sweep
grn_n10_e10_c8_a5_pos50_rep0,10,10,0.1111111111111111,0.5,90,10,1.3068067561522956,1.2222485241575083,-0.06957710890263091,-0.20222291227905165,0.1960180723698063,-0.405304943491846,-0.23559071526354894,0.6188450268309847,1.4583748234372695,0.44352457406300844,0.11607234154682848,-0.0688768009693172,3.8894310186594168,3.756210819409349,mixed_network_sweep
grn_n10_e10_c8_a5_pos50_rep0,10,10,0.1111111111111111,0.5,90,10,1.230680888905269,1.1868145193826716,0.11107551975321055,0.09877126279291011,0.03935065404817792,-0.525702348257622,-0.13640585695422755,-0.46780916690803276,0.8051805656393616,0.6277845676959006,0.18663799548024052,0.2603684988473429,2.802537233981561,2.6703889319782865,mixed_network_sweep
grn_n10_e10_c8_a5_pos50_rep0,10,10,0.1111111111111111,0.5,90,10,1.3038660812123306,1.22971234436137,0.15809232355466646,0.30520791486072196,0.5028183641958908,-0.21511514572023122,-0.5831493972256714,-0.09975790903308165,0.9542350115187476,0.7824093559192093,0.17234432786999485,0.5307168125544847,3.2957042798591365,3.5990891040295865,mixed_network_sweep
grn_n10_e10_c8_a5_pos50_rep1,10,10,0.1111111111111111,0.5,90,10,1.3714796744699569,1.1142238998699652,0.12547288575254056,-0.4711455772742291,0.22534356036841302,-0.3982922152092227,-0.11674947381412987,0.7944383365975327,0.795295474030274,0.5780785026218588,0.08380888094489283,-0.06041325556181692,2.573103838941645,3.473132869581399,mixed_network_sweep
grn_n10_e10_c8_a5_pos50_rep1,10,10,0.1111111111111111,0.5,90,10,1.2639908476043304,1.1482021939261717,-0.22117668699055562,-0.2635860702190038,0.10643526121721258,-0.4644003847741331,0.29851417425077237,0.006098387215434652,0.9671586675002359,0.39960424180157894,0.12032845617008313,0.017152865011788903,2.657016635493459,2.9536269181585677,mixed_network_sweep
grn_n10_e10_c8_a5_pos50_rep1,10,10,0.1111111111111111,0.5,90,10,1.2707977379966375,1.2453411206501215,0.1295610764865912,0.0887289890452999,-0.3662842876802553,-0.4448050905647512,-0.022818629598184623,1.1070691976872244,1.433911897512801,0.48288892084695084,0.1283695771152001,-0.40842597646037854,3.7550059489371623,3.8342250181249438,mixed_network_sweep
grn_n10_e10_c8_a5_pos50_rep2,10,10,0.1111111111111111,0.5,90,10,1.0517020618228001,0.9493271977322285,0.5610955334523478,0.12344141882770814,-0.01178824284673482,-0.3092972280981121,-0.07831739653822772,0.9263758848078143,0.9090137810355665,0.3582054454170145,0.008416017167140497,0.047970283545972076,2.930780283026832,3.1858833243887186,mixed_network_sweep
grn_n10_e10_c8_a5_pos50_rep2,10,10,0.1111111111111111,0.5,90,10,0.9403738695400529,0.917611225842301,-0.15318513184285712,0.8242507232768738,0.02477065226569048,-0.24894989817280636,-0.5918591805536427,0.22753988246596268,0.7751583613980757,0.22852428790750673,-0.09056042963853814,-0.1343414678089415,1.9160355681715193,2.65966577096476,mixed_network_sweep
grn_n10_e10_c8_a5_pos50_rep2,10,10,0.1111111111111111,0.5,90,10,0.8953590822857169,0.9527545727133762,0.22653441377669997,-0.3993844794316303,0.016240017479486307,-0.32099094471607087,-0.01035985632522896,0.15448294747725377,0.7317834666741619,0.36109677169403775,-0.03781854714482041,-0.09437084513066767,2.0130888904729694,1.9607213865386197,mixed_network_sweep
grn_n10_e20_c5_a0_pos50_rep0,10,20,0.2222222222222222,0.5,90,20,0.6099867990936855,0.23025194927419035,0.2625608255251828,-0.24944599314220978,0.03004533259872535,-0.4056139679807013,-0.027679445633619713,0.3465398753320481,0.46005297789424027,0.17600207833267031,-0.18941741358099856,0.21742746512030756,1.4417164756108294,1.6232578600065255,mixed_network_sweep
grn_n10_e20_c5_a0_pos50_rep0,10,20,0.2222222222222222,0.5,90,20,-0.07095089945579751,0.3902857567516958,-0.07820417722829015,-0.40580144881012836,0.5410371510794342,0.11697048243833201,-0.05516503407171211,-0.02528650120330675,-0.004092464567041341,0.4044611526969481,0.4704353138286365,0.7244213876855083,1.0121231949777443,1.296515333658862,mixed_network_sweep
grn_n10_e20_c5_a0_pos50_rep0,10,20,0.2222222222222222,0.5,90,20,0.3786578848958887,0.7275968789351241,-0.2533149593559691,-0.10146470450376563,-0.01433382506614788,-0.31559675995564085,-0.2588766334491165,0.12090204243072555,0.12547310690040092,0.4648175221014734,0.35858124708641975,0.08445276040469028,1.0849171568751346,1.4596133359552395,mixed_network_sweep
grn_n10_e20_c5_a0_pos50_rep1,10,20,0.2222222222222222,0.5,90,20,0.40143922432671775,0.42805773532469477,0.14228878478953386,0.08267252618545713,-0.0489414318921816,-0.16530083904248816,0.01547814479678531,0.6661607643144659,0.564819615126957,0.2806800237853889,0.27645553320050614,0.1964203581517743,1.6733010120712661,1.5366586257430137,mixed_network_sweep
grn_n10_e20_c5_a0_pos50_rep1,10,20,0.2222222222222222,0.5,90,20,0.4393743077353463,0.7006807374702737,-0.1803566250009589,0.2770998406992037,0.13708956630895916,0.04098386445117546,-0.18129521144435878,0.5843263382627418,0.6395915192048144,0.03842754416474916,-0.11815997184593952,0.30106164334508007,1.951005052869607,1.7215045835656286,mixed_network_sweep
grn_n10_e20_c5_a0_pos50_rep1,10,20,0.2222222222222222,0.5,90,20,0.4472276847623151,0.5630443057430441,-0.23973227936810607,0.1077289632458153,0.5367647954097243,0.17777028558556382,-0.424123332508631,0.08976442981130561,0.4292521133812432,0.15823152544093919,0.1853681871282817,0.5567175546713702,1.3959431181676514,1.477340287661834,mixed_network_sweep
grn_n10_e20_c5_a0_pos50_rep2,10,20,0.2222222222222222,0.5,90,20,0.09483869462023063,0.06808448938038489,0.14392975970827185,-0.34396436013596265,0.4145155865776411,-0.2601272951407396,0.11394521301582221,0.5430689824834642,0.0926778411690601,0.3965365744268244,0.44044639411678443,0.38073138159726827,1.0660360712683965,0.9994775502985923,mixed_network_sweep
grn_n10_e20_c5_a0_pos50_rep2,10,20,0.2222222222222222,0.5,90,20,0.04469216554755779,0.005343248544408669,-0.012151177809974963,-0.020077987443833396,0.32339494434620336,-0.2704258215564444,0.07521340114285553,0.36436402119083316,0.022025191041775288,0.3261562109713618,-0.2235504321689635,0.23748819886261485,0.9881021523109195,0.9802848652964544,mixed_network_sweep
grn_n10_e20_c5_a0_pos50_rep2,10,20,0.2222222222222222,0.5,90,20,-0.019113409007375407,-0.026443915092213114,0.04091408290479696,0.30076619744604793,0.174928751636609,-0.3024923271835213,0.09913627049670885,0.5283669808507238,-0.03980823712890401,0.38920098992835717,0.28061809119026393,-0.07869747381189476,0.9696452429528892,0.9693334564567645,mixed_network_sweep
grn_n10_e20_c5_a5_pos50_rep0,10,20,0.2222222222222222,0.5,90,20,0.5942193929736456,0.4705753799322997,-0.2132522677871951,-0.6195529972903979,-0.40853758393281187,-0.5451451011153133,0.5914861842762501,-0.2570877699034502,0.388100892504996,0.313450367094584,-0.3917096967844143,-0.34483921003703977,1.4056751667328715,1.5673538774279223,mixed_network_sweep
grn_n10_e20_c5_a5_pos50_rep0,10,20,0.2222222222222222,0.5,90,20,0.47123526070671945,0.4666881762917108,-0.26381545111471216,-0.08217629985199083,0.16217963625747098,-0.31666240520734057,-0.010173232776708814,-0.18852387051835093,0.3648979632209953,0.3053975591656266,0.016143340139904868,0.20281949055979168,1.361044360768195,1.6605213246422295,mixed_network_sweep
grn_n10_e20_c5_a5_pos50_rep0,10,20,0.2222222222222222,0.5,90,20,0.5574893728493936,0.46925211088300484,0.14101120997578181,-0.10542322598270842,0.43141392918108545,-0.25622431607078017,-0.20004528067182795,0.41097911584313523,0.5164648303685807,0.48951048037615535,0.7511096766085893,0.40219839173617117,1.5958846659096606,1.8936367961935798,mixed_network_sweep
grn_n10_e20_c5_a5_pos50_rep1,10,20,0.2222222222222222,0.5,90,20,0.2884576185872258,0.25522349236736663,0.42444466909881207,0.04880766369911444,0.33004004001831827,-0.1954176550658372,0.22503039820577508,0.27263694785986875,0.28035094574493635,0.4018092865097517,0.28281296022677205,0.4248622472505123,1.2547204828234286,1.2068802782610086,mixed_network_sweep
grn_n10_e20_c5_a5_pos50_rep1,10,20,0.2222222222222222,0.5,90,20,0.16923641791562086,0.23696344569815964,-0.19561377422903095,-0.0009618273296626076,0.2775025228306106,-0.2395226443958518,-0.25939000266937245,0.1925413639795131,0.323743821700223,0.31952228805551197,0.4125090490744181,0.24394451557806132,1.43612326742504,1.1945443976993435,mixed_network_sweep
grn_n10_e20_c5_a5_pos50_rep1,10,20,0.2222222222222222,0.5,90,20,0.2667117615584296,0.13916185994521296,-0.14890853830738676,-0.08986201793738303,0.1334063969940802,-0.29211420407755695,-0.002527053265068011,0.2638662897933981,0.31318592204037143,0.4056165571165998,0.6359704092781263,-0.07091183433852032,1.3000829330071877,1.2681833481793499,mixed_network_sweep
grn_n10_e20_c5_a5_pos50_rep2,10,20,0.2222222222222222,0.5,90,20,0.7301620981441331,0.7932382832742066,-0.14114122591655065,-0.43075525117884944,0.32749990573461835,-0.1399187557988851,0.2475150222662177,-0.10275017327675771,0.2826552173856794,0.214702556357419,0.36534178636946824,0.34544277565011056,1.3005171978461845,2.150874121713772,mixed_network_sweep
grn_n10_e20_c5_a5_pos50_rep2,10,20,0.2222222222222222,0.5,90,20,0.6842329961750185,0.7159984894899349,0.2949953938538731,-0.6471969042022423,0.5009823681314053,-0.011471717387330344,-0.3422145054782591,0.18287805715243144,0.7021880060060565,0.15029908980234039,0.11789158019712391,0.38303738800861814,1.9823594660196302,2.065167278413028,mixed_network_sweep
grn_n10_e20_c5_a5_pos50_rep2,10,20,0.2222222222222222,0.5,90,20,0.764520337099827,0.7571930762864401,0.22816974301343976,-0.3147881560068697,0.22134023241746986,-0.13072852148586278,0.018643956423063594,0.14313333998702116,0.6395946331482678,0.2572407435040942,0.493025460442794,0.10822471331820888,1.983262052940605,2.1234112524300146,mixed_network_sweep
grn_n10_e20_c8_a0_pos50_rep0,10,20,0.2222222222222222,0.5,90,20,0.47041239871989443,0.4652373192576099,-0.1099684313010927,0.12961380737370623,0.20744983473342177,-0.09660473699399519,0.19750351163063762,0.40962562151733184,0.39227208979653566,0.2125985329888325,0.055347751924450586,0.09785499854188519,1.384786709856864,1.4611151422764272,mixed_network_sweep
grn_n10_e20_c8_a0_pos50_rep0,10,20,0.2222222222222222,0.5,90,20,0.5176765766432462,0.4692437780666452,0.6050407827285313,0.1230197043902328,0.20817237394598742,-0.11218258476313123,0.26178893186314633,0.44418818520632564,0.44722093733715196,0.17833935825135433,0.06581063847890978,0.14506651174809576,1.4699627839926523,1.4663832876627632,mixed_network_sweep
grn_n10_e20_c8_a0_pos50_rep0,10,20,0.2222222222222222,0.5,90,20,0.48837202991485645,0.4903024033827062,0.03331571137544969,-0.19921967112898617,0.14613986568829065,-0.202346474205109,0.5090296862663465,0.7003732017674117,0.4397662334898716,0.10386576753520411,-0.43942680701205816,0.06586958318619511,1.4592445991894423,1.4524652396228588,mixed_network_sweep
grn_n10_e20_c8_a0_pos50_rep1,10,20,0.2222222222222222,0.5,90,20,0.6596562436182293,0.6929792016519909,0.0027179249467142105,-0.208761435591299,0.24878495637074086,-0.3832516474166685,0.13446187781903263,1.1011925657961135,0.8384451401193999,0.54801798223133,0.1314290159604119,0.48972384760944077,2.030999681838225,1.8294332344235904,mixed_network_sweep
grn_n10_e20_c8_a0_pos50_rep1,10,20,0.2222222222222222,0.5,90,20,0.6303978147231398,0.6983874819945861,0.3368204975603502,-0.5274061468389526,0.13162103438294398,-0.4792293262718947,0.3922365644178444,0.9454564142680368,0.7109628160270873,0.42992631302550977,-0.1378892503631251,0.012123637046486847,1.936310679748133,1.848797245882211,mixed_network_sweep
grn_n10_e20_c8_a0_pos50_rep1,10,20,0.2222222222222222,0.5,90,20,0.614692676770202,0.661188813499842,0.05006399895485407,0.08929597736544163,-0.19866837532760692,-0.6076230230188209,0.5466152441654494,0.8364138357586278,0.8338796290360865,0.686312229783062,0.23311036044964237,-0.06558300285416854,1.9971317906744035,2.041413692077897,mixed_network_sweep
grn_n10_e20_c8_a0_pos50_rep2,10,20,0.2222222222222222,0.5,90,20,0.44010255950512434,0.36685414143307066,-0.10969659935117612,0.2157854848514943,0.2763495155885859,0.08706611247463106,0.058358323955029996,0.15825142313476998,0.34052000460526644,-0.06650429839033216,0.49747801810490605,0.2708446997362295,1.4018484611312427,1.691482331265951,mixed_network_sweep
grn_n10_e20_c8_a0_pos50_rep2,10,20,0.2222222222222222,0.5,81,17,0.42623140372688595,0.5483383143745618,0.12077120038931347,-0.03842374746929543,0.0065844557070287415,-0.08844215867142811,0.2636710806675535,0.6391974874102854,0.5147795802079804,0.10944855790961572,0.2546564883346202,0.13124945260222237,1.4761444731246947,1.485977216657127,mixed_network_sweep
grn_n10_e20_c8_a0_pos50_rep2,10,20,0.2222222222222222,0.5,90,20,0.4837745964726568,0.3630446754476194,-0.24772172778475782,-0.2617559614438156,0.2709952794414909,-0.06162811070111811,0.25961056202000576,0.34402344447837746,0.42721968413736755,0.19151940550525487,0.17199020514497074,0.41474629864464263,1.6951595996841293,1.8611741298156677,mixed_network_sweep
grn_n10_e20_c8_a5_pos50_rep0,10,20,0.2222222222222222,0.5,90,20,0.3417802320105643,0.31923240637568273,0.09327716361627676,0.45512719170341154,-0.0861327248770795,0.011648697250968065,0.16981962029288838,-0.36112977477791,0.0686579243164694,-0.08666236786907448,-0.11808104630219293,-0.0008765636601509205,1.2203993035467258,1.1603067394204885,mixed_network_sweep
grn_n10_e20_c8_a5_pos50_rep0,10,20,0.2222222222222222,0.5,90,20,0.28971406060452115,-0.10870262557145724,-0.1304760983175979,0.008155845476926545,0.753761661434609,0.45117935304612855,-0.5419493446296972,-0.33571026647680713,-0.16166945389377743,0.0990518469798514,0.06879161360344942,0.741670298216903,0.9154910534995588,1.180762102918531,mixed_network_sweep
grn_n10_e20_c8_a5_pos50_rep0,10,20,0.2222222222222222,0.5,90,20,0.4802048688884022,0.0866243969145447,-0.02833353035874558,-0.27775094479387363,-0.27360418003289044,-0.2814249722024005,0.34487338245734195,-0.014854096719577126,0.2570941926801924,0.23460008439954683,0.03036091962323676,-0.030076680146518885,1.2051281474332871,1.583476922028684,mixed_network_sweep
grn_n10_e20_c8_a5_pos50_rep1,10,20,0.2222222222222222,0.5,72,14,0.3169086029674612,0.6178711855933495,-0.23017658381644604,0.029280134854034866,0.14035006300475272,0.17367694238439887,-0.10370409310439913,0.01104257846907479,0.40001823663739466,-0.1280254041615046,-0.18923953773617588,0.2689787237335769,1.3172532127070413,1.5770010158757013,mixed_network_sweep
grn_n10_e20_c8_a5_pos50_rep1,10,20,0.2222222222222222,0.5,90,20,0.1518722159458162,0.36675548714196504,0.030415496767920384,-0.06860992562712188,-0.2942621661850314,-0.4173924542479816,0.5735716727004276,-0.16053117032710082,0.06923791457222449,0.022174697201207905,0.018052281808528914,-0.005430307213723196,1.0837353879023566,0.9089505632512799,mixed_network_sweep
grn_n10_e20_c8_a5_pos50_rep1,10,20,0.2222222222222222,0.5,72,14,0.6503564888325921,0.598592613907824,0.3528054049305709,0.1311827896793437,0.12325955658371333,0.022596215998255995,0.01504202491564118,0.35504414565715203,0.7047952247826329,0.29159872499158407,0.005676553579719625,0.19792987252814556,1.8806454391042196,1.679001925285023,mixed_network_sweep
grn_n10_e20_c8_a5_pos50_rep2,10,20,0.2222222222222222,0.5,90,20,0.4544069232575592,0.45000896259186807,-0.18585494167584188,-0.022037176727503677,0.31188797423159637,-0.36264442375051587,0.2568112291579108,-0.19434013767072564,0.3556781439189469,0.3787565969026952,0.027033132040753298,0.40081694669413204,1.3074437558390917,1.3363025584223551,mixed_network_sweep
grn_n10_e20_c8_a5_pos50_rep2,10,20,0.2222222222222222,0.5,90,20,0.3325391339530887,0.4003949233016708,-0.04181848299418467,-0.44573146520153084,-0.1672040589591965,-0.5096135518244693,0.36369871718148683,0.16570815588104143,0.3657298512740438,0.32630602762359184,0.04999524879926305,-0.19545797390606137,1.216576993078339,1.1751872639863017,mixed_network_sweep
grn_n10_e20_c8_a5_pos50_rep2,10,20,0.2222222222222222,0.5,90,20,0.40842119958010836,0.4199634221669182,0.16514450465988595,0.13265216420982118,0.2054795798830158,-0.37609158671358023,0.11103930203827315,0.1078601462018976,0.36611233115048447,0.42688069033048054,0.14180305358053902,0.33059120340881626,1.3923959735953064,1.4557613711962132,mixed_network_sweep
grn_n6_e12_c3_a0_pos50_rep0,6,12,0.4,0.5,30,12,0.03182971076741389,0.035274295767886175,0.3019393839412638,-0.7301853287841448,0.26070264850589703,-0.3542287848910134,0.2746121411063014,0.07456694832375776,-0.009843984816940847,0.4419938542436021,0.7841691275816659,0.2180436349127955,1.1338343257143313,1.1258748646398606,mixed_network_sweep
grn_n6_e12_c3_a0_pos50_rep0,6,12,0.4,0.5,30,12,-0.016688148263950427,-6.092431104561635e-07,0.0325969519465501,0.3006687283510082,0.13245852908139355,-0.3383240028998858,0.2838392910915367,-0.057437885854743784,-0.03660849532111119,0.31728824664041805,0.2513218797577971,0.0257970259769302,1.1180245726761529,1.1398926887210776,mixed_network_sweep
grn_n6_e12_c3_a0_pos50_rep0,6,12,0.4,0.5,30,12,0.0005946838224150377,-0.035882700645978184,-0.3188716745428402,0.3148803785187213,0.013373861088339609,-0.3054642637509768,0.0055983420335323,-0.20764744932325468,-0.06801336037780444,0.33462408446491104,0.6351232334868077,0.06027142706856609,1.1055561298468832,1.0094190223216992,mixed_network_sweep
grn_n6_e12_c3_a0_pos50_rep1,6,12,0.4,0.5,30,12,-0.20636919987836072,-0.18949726385076177,-0.24535909910480114,-0.1768647896105925,0.18976051481518344,0.3219502510776407,-0.3818971410259095,1.0787169526457312,-0.191243506609645,-0.2767418095734079,0.711369997008954,0.18596051553709728,1.0620732337298227,0.9227484437022591,mixed_network_sweep
grn_n6_e12_c3_a0_pos50_rep1,6,12,0.4,0.5,28,11,-0.2884771760397468,-0.296881576010904,-0.32832499082968947,0.21468528885880753,-0.10309046466210268,0.38289398882024106,0.13864333193599795,1.154147453794516,-0.2265673850603147,-0.29408622320752803,0.9165658168413964,0.011119086484749805,0.8874767020874025,0.8783310338164055,mixed_network_sweep
grn_n6_e12_c3_a0_pos50_rep1,6,12,0.4,0.5,30,12,-0.21311612736186653,-0.21310266852163084,0.2673360512323301,-0.012432307879255266,-0.7494153715567565,0.2506650765346382,0.35556692185408983,0.7441634135996821,-0.19354590094697566,-0.315977444376187,-0.5171350486740515,-0.3409887754306552,1.0517601722250631,1.0911990091258454,mixed_network_sweep
grn_n6_e12_c3_a0_pos50_rep2,6,12,0.4,0.5,30,12,0.6543051621012906,0.8445703918592408,0.047913084398605546,-0.9800843455727694,0.2827258326525536,-1.2224389399358555,1.073375574546379,0.6325206740765897,0.869578324671194,1.1006450533668384,0.30333556178418336,0.3556913588738161,1.741417398431263,1.8023146774706438,mixed_network_sweep
grn_n6_e12_c3_a0_pos50_rep2,6,12,0.4,0.5,30,12,0.6551852357159227,0.7781997907460508,0.7997129002177932,0.06961837520454524,0.621112340862512,-0.7864847234062613,-0.4297835955460148,0.7176925843520933,0.7909691756641978,0.9149262482214227,0.6269469936792461,0.49646844759474257,1.6635467270831117,1.8973425096494319,mixed_network_sweep
grn_n6_e12_c3_a0_pos50_rep2,6,12,0.4,0.5,30,12,0.7616919709477581,0.8075042468069566,0.028099235252921524,0.17847998442684254,0.3541049578345064,-0.799919405684376,-0.08339282867174018,0.05453134512856494,0.6013569784976177,0.7854987774892258,0.01816421090800104,0.43331292777971847,1.5566068526646832,1.634009738737597,mixed_network_sweep
grn_n6_e12_c3_a3_pos50_rep0,6,12,0.4,0.5,20,7,0.7674619461412756,0.3471900028755302,-0.05349089653955817,-0.40258088954726456,0.18654472909860145,-0.21606088753797936,-0.12003851838494796,-0.4187119082142033,0.3049156674863771,0.7832821626052116,-0.15142508067509525,-0.03647046530718489,1.5914555369442587,1.5661662004304322,mixed_network_sweep
grn_n6_e12_c3_a3_pos50_rep0,6,12,0.4,0.5,20,7,-0.44326860632992504,0.7691667439525248,0.30962225875765187,0.7399433986472478,0.4230940405628829,0.9022855497229784,-0.4276205537336173,0.3117916087484106,0.21149595161478812,0.22733828624024113,0.03157645901957204,0.3562300993073991,1.1192868922460761,1.269951018071319,mixed_network_sweep
grn_n6_e12_c3_a3_pos50_rep0,6,12,0.4,0.5,20,7,-0.42403504704195555,0.30910904094106545,-0.1847994399417065,-0.11798653078739915,-0.05369812513716691,-0.24774194844937392,0.29700079914144883,0.19863607445678885,0.028438405851496276,-0.12553989974400911,0.2772909217510592,0.4994692787075916,1.044549854573864,1.0300506053412481,mixed_network_sweep
grn_n6_e12_c3_a3_pos50_rep1,6,12,0.4,0.5,30,12,-0.17158353103141386,-0.24130030955145823,-0.04079886991877659,-0.21218148837205444,0.8033875860841854,-0.039028095778811285,-0.09232768815468433,0.5135755334301553,-0.05731530775829832,0.25387877844012124,0.7465963302652568,0.7431506460503308,1.0596359536829678,1.1721770205762412,mixed_network_sweep
grn_n6_e12_c3_a3_pos50_rep1,6,12,0.4,0.5,30,12,-0.19350512382799748,-0.44925497263475356,0.3341271221701045,-0.05929669432785413,0.19184902768598414,-0.13062063713241873,0.4575435397580161,0.1143505005949586,-0.06818519377083253,0.23431781098090493,0.2551863236287362,0.13416899538041951,1.124891573322669,1.0576150415893493,mixed_network_sweep
grn_n6_e12_c3_a3_pos50_rep1,6,12,0.4,0.5,30,12,-0.17263306563403044,-0.14364174097083424,-0.054541558142001595,-0.694111504474638,0.5571240298376843,-0.06771854713326123,0.34967060272890865,0.6130652480983672,0.0335752309657019,0.11129906168877339,0.7116919517310084,0.452386880572654,1.2446786464616026,1.256301161933896,mixed_network_sweep
grn_n6_e12_c3_a3_pos50_rep2,6,12,0.4,0.5,30,12,0.07713478225772769,0.18345543963937186,0.20862354554487386,0.24058150644545934,0.20886961306876428,0.018939438400359936,-0.7519685780528217,0.2531123732530099,0.02150229857223619,0.021502298572236338,0.28275992697638086,0.08145237884782618,1.2745452901258076,1.3507950012428276,mixed_network_sweep
grn_n6_e12_c3_a3_pos50_rep2,6,12,0.4,0.5,30,12,0.15476410970792084,0.15942527375003232,0.06520404263991998,-0.009209384769028849,-0.22149256629595998,-0.29081225654978027,0.026544021652950278,-1.3036285696403886,-0.20347778140865175,-0.2034777814086522,-0.7962780542136423,-0.2590423627942987,0.8784771157339467,0.9556901498732804,mixed_network_sweep
grn_n6_e12_c3_a3_pos50_rep2,6,12,0.4,0.5,30,12,-0.023889715072800948,-0.017521408977075506,0.5973968894225199,0.055266258260016396,0.1615083794685888,0.15117388898965617,0.5787853441736333,0.30116811471018295,-0.024772533100719682,-0.02477253310071967,0.5092211518101009,0.29394905993761045,1.26267173151168,0.932015580172998,mixed_network_sweep
grn_n6_e12_c4_a0_pos50_rep0,6,12,0.4,0.5,30,12,0.19437856143633409,0.20346800625408534,0.5644531207357263,0.12365627870055662,0.2297276643358324,-0.8488043372751263,0.12836214335376422,0.5852968928860125,0.24763222762711823,1.06785981326245,0.2970019246874007,0.1861683639089392,1.2607600293384047,1.3889264735011437,mixed_network_sweep
grn_n6_e12_c4_a0_pos50_rep0,6,12,0.4,0.5,30,12,-0.08581644571826533,0.013016884298941067,-0.8003199267725326,-0.5556799244526125,0.38460922834212474,-1.0088003898991964,0.4000535787744002,0.3943913559541796,0.11919407382391044,1.0034065356002406,-0.04560367952247824,0.382111340956748,1.1742827851021285,1.1419807101815191,mixed_network_sweep
grn_n6_e12_c4_a0_pos50_rep0,6,12,0.4,0.5,30,12,0.2397084478605388,0.1480608783544046,-0.29433214133206337,0.039383438087613486,0.8552723315319644,-0.5782643723718672,-0.4685632152998241,0.6771590826866172,0.36310338832343075,1.1980079698995796,0.6368158864037248,0.7079659421124812,1.1626398318421345,1.3817404157490303,mixed_network_sweep
grn_n6_e12_c4_a0_pos50_rep1,6,12,0.4,0.5,30,12,0.21123770333636335,0.1411122750236828,-0.05031465449824953,-0.09240711547784161,0.8543679922731359,-0.25206452938174784,-0.41739569749995664,0.5584950491003444,0.3397934690156479,0.42625902987722036,0.4409213216262097,0.744345048542293,1.366381050526271,1.3617104304157364,mixed_network_sweep
grn_n6_e12_c4_a0_pos50_rep1,6,12,0.4,0.5,30,12,0.21450137008991665,0.21216350442914078,0.9029917193519761,-0.4683702819191235,0.28881601461235273,-0.34263920438180684,0.7355350396422384,0.16294016589938282,-0.05227906410379691,0.4420350115491252,0.6876816247940148,0.4261398961469047,0.9645690285640868,1.12728071128166,mixed_network_sweep
grn_n6_e12_c4_a0_pos50_rep1,6,12,0.4,0.5,30,12,0.25943469353543913,0.16293075484563518,-0.028462033318247308,-0.23634340490142605,0.5290400126162784,-0.2992001713610101,0.44437258192966334,-0.27107691406828804,0.015890673045889942,0.39685987441382364,0.6253568212000508,0.7600100467666748,1.077893261020057,1.2664874784613627,mixed_network_sweep
grn_n6_e12_c4_a0_pos50_rep2,6,12,0.4,0.5,30,12,-0.44115830452732824,-0.3799099092435407,-0.40848819756077187,-0.22582339475411797,0.6921991356665176,0.45579709101462734,-0.15372067274732235,-0.13340231644720615,-0.44680366324425214,-0.23486723612417643,0.36680883392153657,0.7008523147896984,0.8192972789747012,0.8407836658813964,mixed_network_sweep
grn_n6_e12_c4_a0_pos50_rep2,6,12,0.4,0.5,30,12,-0.37899260387831113,-0.2584784263787175,-0.3140233534695255,0.4664073548648965,-0.2754968431181445,0.17053078005795536,0.5850996661314106,-0.49082349922695023,-0.5708447814894188,-0.3905824965535644,0.4729753261387227,-0.21902605276988504,0.7663905984638542,0.8929714326653266,mixed_network_sweep
grn_n6_e12_c4_a0_pos50_rep2,6,12,0.4,0.5,30,12,-0.397748857882213,-0.33539320379545284,-0.585362463707271,-0.31700150886231715,0.3380548512240868,0.3320857777948697,-0.14953423515160685,-0.18558549453540957,-0.40916400059336355,-0.05606928798044275,0.2944667364842867,0.3298619747907486,0.8082787508824488,0.8370028787361481,mixed_network_sweep
grn_n6_e12_c4_a3_pos50_rep0,6,12,0.4,0.5,30,12,-0.1855247398917549,-0.00953778177237492,0.342850096121008,0.14280271657418428,0.05788271675195753,0.25468835207392176,0.02675624137717751,-0.0921046630533286,-0.20791784221302378,-0.14546504609010077,0.30341863400043967,0.041509190621783106,0.8824651296295818,0.8327435513951895,mixed_network_sweep
grn_n6_e12_c4_a3_pos50_rep0,6,12,0.4,0.5,30,12,-0.16374605872912776,0.04802515820719779,-0.08079204620510726,0.1985655536586671,0.1559133363666397,0.2932538494042795,-0.1475231465683552,0.35623944493632814,0.13693973076468308,0.20898390351348983,0.0629280683071885,0.19595528784509367,1.1736389178178392,1.1346631986128703,mixed_network_sweep
grn_n6_e12_c4_a3_pos50_rep0,6,12,0.4,0.5,30,12,0.3595118930516716,-0.04976092003212072,-0.32524604554753656,-0.5415759979210121,0.21205412866226353,-0.15146863624494458,0.03586932901689088,0.1989874660868911,-0.19440577602220338,-0.34217521785108773,0.5297066018639189,0.33303738493362595,0.9884153975268608,1.112777313929471,mixed_network_sweep
grn_n6_e12_c4_a3_pos50_rep1,6,12,0.4,0.5,30,12,0.6927129689287814,0.6669389528285226,0.09676888038908199,-0.19227817663538818,0.19253930023906154,-0.5665434440736168,0.41520916857813583,-0.616925153433668,0.5952482464001987,0.6147961243480922,0.3180859593385434,0.09341109547718042,1.4402423778510816,1.4714474339551809,mixed_network_sweep
grn_n6_e12_c4_a3_pos50_rep1,6,12,0.4,0.5,30,12,0.6891170694647493,0.6534434140233245,-0.21068926845947836,0.09865465160462983,0.16827095353987673,-0.5107343757595081,0.11460876941643418,0.22983830622996385,0.7112299666251691,0.5129426087384462,0.5583707958499066,0.35324886080351287,1.5579929907748995,1.5359198203947946,mixed_network_sweep
grn_n6_e12_c4_a3_pos50_rep1,6,12,0.4,0.5,30,12,0.653452430394675,0.6497252463751363,0.1926442093112929,0.14599979343221817,0.1717845071951608,-0.5419822575101649,0.42356812781378456,0.13860737587478408,0.6074156952595907,0.5623868798624583,0.7147833020572203,0.3588440516309538,1.5060430335566204,1.5197959134194141,mixed_network_sweep
grn_n6_e12_c4_a3_pos50_rep2,6,12,0.4,0.5,30,12,0.5748737879055589,0.5634825548023249,0.05103927684353455,0.1253900443974797,0.11009575818397047,-0.5134875161662107,0.05402263296280703,0.34297895614827145,0.5849212400093246,0.5849212400093249,0.4488259456640106,-0.05422631374419484,1.6348633164276123,1.624779126232329,mixed_network_sweep
grn_n6_e12_c4_a3_pos50_rep2,6,12,0.4,0.5,30,12,0.6961400114218395,0.5775585003811419,-0.1431488713355108,-0.2078913171279133,0.0689145276123013,-0.7110474728581236,0.17715688592927578,0.1452399529416106,0.6527424797366099,0.6527424797366098,0.18675745981955472,0.03210286584465978,1.53815189935179,1.6492249988267604,mixed_network_sweep
grn_n6_e12_c4_a3_pos50_rep2,6,12,0.4,0.5,30,12,0.5814677190853563,0.5588457457089815,-0.24131644680188172,0.004786755223499829,0.33165864342734586,-0.38725510577223765,0.23909249425069282,0.30763499367409114,0.5591543496878956,0.5591543496878952,0.79699261925856,0.2780063231701437,1.5560759410943694,1.5745252557446188,mixed_network_sweep
grn_n6_e6_c3_a0_pos50_rep0,6,6,0.2,0.5,30,6,0.10828644240569284,0.05058941748993524,0.005712256480847513,0.13731137434456384,-0.21439586271207656,0.15426896647316202,0.41036760209009576,0.6747508032588878,-0.07646073937417504,-0.3082327435345601,0.3114004027126889,-0.5645069856587104,1.1469563252651487,1.664126382876383,mixed_network_sweep
grn_n6_e6_c3_a0_pos50_rep0,6,6,0.2,0.5,30,6,0.2607473664452942,0.08940164640509789,0.4482214724774749,-0.08847484667861606,0.19875264772424014,0.30242455303785953,0.153427237549005,1.8320621667070407,0.6596033524338009,-0.3190465096046169,0.14976341952269281,0.2771578082315326,2.028018278018278,1.8075632496588379,mixed_network_sweep
grn_n6_e6_c3_a0_pos50_rep0,6,6,0.2,0.5,30,6,0.21769127039160466,0.14105260899296013,-0.04373390832823899,0.40974207649305777,0.5265570872712065,0.31775579093136214,-0.15921721154287446,0.8874409797049356,0.17307557075447438,-0.03733894006159799,0.4680633493644502,0.4248234338778986,1.3147766585266585,1.5887256018834965,mixed_network_sweep
grn_n6_e6_c3_a0_pos50_rep1,6,6,0.2,0.5,30,6,0.12335815599398517,0.2680156752849147,-0.13691760863957353,-0.47914918401251294,0.378201873423806,-0.5231913472478198,0.2519140947223317,0.6690447859008555,0.2311175259863605,0.5612985161904575,0.5351081300076939,0.42307733129933234,1.7349637681159418,1.3473156047169204,mixed_network_sweep
grn_n6_e6_c3_a0_pos50_rep1,6,6,0.2,0.5,30,6,0.2739157684849655,0.1638089436858315,0.4913650207214172,-0.3738936154096396,0.29350000331647125,-0.5502511564229298,0.05677496383051021,0.9096272082031754,0.26673302649848074,0.5744286226730562,0.09419141031262879,0.18258952912572024,1.9649200772389177,1.071633378698596,mixed_network_sweep
grn_n6_e6_c3_a0_pos50_rep1,6,6,0.2,0.5,30,6,0.22829922374718697,0.22261065540235364,0.10533137216351018,-0.5810344812701563,-0.23157478532645095,-0.5813118164594382,0.6327065837657921,0.9389148090401159,0.2838589443944302,0.5553571734828957,0.33732793555309293,-0.46692073218809704,1.9279364640169143,1.898997561987758,mixed_network_sweep
grn_n6_e6_c3_a0_pos50_rep2,6,6,0.2,0.5,30,6,0.1104464940046297,0.21276383905108046,-0.14431102248133296,0.3200320835809093,0.024942257824547096,-0.0682435457736961,0.05269944979848708,1.7269357392746705,0.6393796798766983,0.24060953861101145,-0.12127426530479114,0.06089763979035102,1.5434287934287934,1.3429293407741683,mixed_network_sweep
grn_n6_e6_c3_a0_pos50_rep2,6,6,0.2,0.5,28,6,0.4153075596470543,0.359630334856164,0.2081566463108548,-0.7581090942382809,-0.3614229183031949,-0.1705431519661154,0.1537989685925686,1.5140395063893213,0.5795744877890827,-0.13419895821265526,0.1325878454513448,-0.3107176657385789,2.330923202614379,2.1762755762755766,mixed_network_sweep
grn_n6_e6_c3_a0_pos50_rep2,6,6,0.2,0.5,30,6,0.23021461305052432,0.18790139692386892,-0.41172844400411257,0.2282339336624193,0.04988766198989737,-0.06187046608769656,0.08667743516524899,0.4712484189207862,0.14736778713416515,0.20420326821957752,-0.11012709130948334,0.1310483706851501,1.1813963612264828,1.029352893483328,mixed_network_sweep
grn_n6_e6_c3_a3_pos50_rep0,6,6,0.2,0.5,30,6,0.7460291332054004,0.72748052663917,-0.18668834076235097,0.026118591064070353,0.4722247451669976,-0.1310761931674671,-0.5138320689593426,0.14067782863309264,0.6561377180623875,0.21678541931143638,0.34603007543306524,0.29880392890814717,2.0281664285147256,1.5597492784992786,mixed_network_sweep
grn_n6_e6_c3_a3_pos50_rep0,6,6,0.2,0.5,30,6,0.776090755838788,0.7291320047563047,-0.2900564031315941,-0.3605201611477663,-0.17900993193372455,-0.371035055296575,-0.6428984269218158,0.456682272880103,0.7092065651063588,0.3936531023332517,0.18622584183955426,-0.46468024519391143,1.4403998778998777,1.7361562049062047,mixed_network_sweep
grn_n6_e6_c3_a3_pos50_rep0,6,6,0.2,0.5,30,6,0.7089685792726508,0.7605632754346399,0.32094628149621696,0.5215413943852003,0.34009755748676124,-0.2703728882434728,-0.36060879642395754,0.7026060229661246,0.7159455638241751,0.32479779718094537,-0.5030063624431331,-0.04261830315931956,2.0444718823201793,1.2976005476005474,mixed_network_sweep
grn_n6_e6_c3_a3_pos50_rep1,6,6,0.2,0.5,30,6,0.06029752283398762,0.42638460502523556,-0.12868929889867586,0.23666923817016577,-0.23810836514454417,-0.3803462928776333,-0.09474214480388557,0.5035533702235379,0.17933180201654356,0.46029251563165335,-0.020545893646359583,-0.2032529952121611,1.1997113510271402,1.1413740580407246,mixed_network_sweep
grn_n6_e6_c3_a3_pos50_rep1,6,6,0.2,0.5,30,6,0.5361912634481856,0.09670022764364468,0.2028129592812295,0.89365732777412,0.03921201180702032,-0.43685794790409044,0.14944150173831874,1.6743278572369311,0.8218751064055752,0.22822097663677335,-0.1983575444666048,0.12137406504138601,1.7282509157509156,2.417167708834375,mixed_network_sweep
grn_n6_e6_c3_a3_pos50_rep1,6,6,0.2,0.5,30,6,0.4412428177026131,0.5307474063320109,0.032605984346722884,-0.29322539589004204,0.7520214842614713,-0.2112745357520772,-0.487105756998928,0.9275080914661761,0.09927706697782115,0.7880153664977039,-0.058894656903309126,0.4858297688327622,1.7731730988309935,1.4512750894329842,mixed_network_sweep
grn_n6_e6_c3_a3_pos50_rep2,6,6,0.2,0.5,30,6,-0.1875899955860634,0.172753363006097,0.06548337143653986,-0.09166692747122543,-0.16063217624586112,-0.4834641908737972,0.4236996130627591,-0.8637094240218733,-0.6926666766114989,0.3341225110595809,0.5686228232862458,-0.19475642740381316,0.6935652839372854,0.9293790167241309,mixed_network_sweep
grn_n6_e6_c3_a3_pos50_rep2,6,6,0.2,0.5,30,6,0.20743592076538855,0.09062947929708431,0.5303615905395073,0.567766000961876,0.2578447521146477,0.13964294370904345,0.08885232923521004,0.33315109425777034,0.1629205212209989,0.44412159357690484,0.23325214452885268,-0.02097788050021732,1.147929838466923,1.2920600711548984,mixed_network_sweep
grn_n6_e6_c3_a3_pos50_rep2,6,6,0.2,0.5,30,6,0.3718331610020906,0.324339118920159,0.57714788041056,0.46659626393982084,-0.12263092626734026,-0.18968946002155657,0.3362527185066652,-0.007415143762057801,-0.0453248831899085,0.49388486322711517,-0.10535156745384822,-0.1321705130362029,0.9738381744960691,1.6389324032014634,mixed_network_sweep
grn_n6_e6_c4_a0_pos50_rep0,6,6,0.2,0.5,30,6,0.7209754898659659,0.7691029131859163,0.007514665356107863,-0.054797693837560835,0.06733778879434876,-0.3594864359101841,-0.3845909720907617,1.2767780084922693,0.7637490929774045,0.5137102041126467,0.27986231339962037,-0.12212464249263826,1.5391935367264313,1.5843888689283425,mixed_network_sweep
grn_n6_e6_c4_a0_pos50_rep0,6,6,0.2,0.5,30,6,0.6674115174919856,0.6635644813115017,0.14825937461897357,0.8653766644344252,0.11050356939875736,-0.24514939551143297,-0.15986133945703793,1.4604434913595663,0.905972664147312,0.20086091848498808,0.054692403207222975,0.21129800765893234,1.7479707792207793,1.491851285968933,mixed_network_sweep
grn_n6_e6_c4_a0_pos50_rep0,6,6,0.2,0.5,30,6,0.9243090715756085,0.7469783443280977,-0.14472763390449694,0.005454469291056487,0.20947935574998752,-0.20836747218705173,-0.28982031249386986,1.9919259469530564,1.071657836271644,0.48728162739568226,0.1964373266085787,0.1079993512135578,2.6914935697830433,2.875890313390313,mixed_network_sweep
grn_n6_e6_c4_a0_pos50_rep1,6,6,0.2,0.5,30,6,1.5503070131790602,1.2824965511293802,0.32445277064570516,0.2913142408424971,0.10368432305883381,-0.22183286906516883,0.043749819590123445,1.4955250615376612,2.0509458319252496,0.5250681996058365,-0.013778769922246534,-0.024685649687875604,4.055312742812743,3.656565656565656,mixed_network_sweep
grn_n6_e6_c4_a0_pos50_rep1,6,6,0.2,0.5,30,6,1.1036525895406568,1.331718814309872,0.17339036171329078,-0.16667690371865548,-0.08563584961819395,-0.6202974239150989,0.1874421487280604,1.2441817546125284,1.323383561001603,0.39639300809157674,0.08984741600049022,-0.3386901011267927,2.7725468975468974,3.214636008114269,mixed_network_sweep
grn_n6_e6_c4_a0_pos50_rep1,6,6,0.2,0.5,30,6,1.1479609882717625,1.1213097843450193,-0.13245004287030784,0.8998725546925085,0.41861965291810693,0.246829723026693,-0.6403955593106733,-0.3017967174839033,0.5281516649792192,0.09826065029464734,-0.24075810391833996,0.549849852251768,1.4985169151835815,2.1381373256373255,mixed_network_sweep
grn_n6_e6_c4_a0_pos50_rep2,6,6,0.2,0.5,30,6,0.48576574686111523,0.31866728739293754,-0.00577879130531412,-0.044647414275773574,0.7187165551759425,0.20684397412817948,-0.487339988604618,1.3211887423247624,0.49142868404247175,0.011983249320556773,0.01575461436749813,0.6301693502724562,2.432924603576777,2.470525189672195,mixed_network_sweep
grn_n6_e6_c4_a0_pos50_rep2,6,6,0.2,0.5,30,6,0.25652005198235917,0.2127805421739367,-0.2987925903846569,0.8018005117165694,-0.15080035079082263,0.11786248462454371,-0.16270894648149054,1.0009001057276576,0.3039846963385226,-0.013208144445205065,0.0643009128103613,0.07059225352896599,2.4212830857945797,1.878418069103976,mixed_network_sweep
grn_n6_e6_c4_a0_pos50_rep2,6,6,0.2,0.5,30,6,0.27753819922818734,0.2691292934484408,-0.11673611621466698,-0.5037091415023268,0.23383759863552536,0.0694813055916474,0.022820991011324423,1.3512216553029153,0.3246476544029897,-0.00789167649323011,-0.12485788855682034,0.10237505004604416,2.410586250169583,2.404714504820701,mixed_network_sweep
grn_n6_e6_c4_a3_pos50_rep0,6,6,0.2,0.5,30,6,0.6229426144252292,0.5718637363306047,-0.27599942927734816,-0.1932172406997114,-0.09335331748378767,-0.16471219709485094,0.0012268711897448403,1.327014804571143,1.647925648025964,-0.047216743101922476,-0.09171008626335037,-0.2067255161547796,2.605019493177388,3.3316168282200884,mixed_network_sweep
grn_n6_e6_c4_a3_pos50_rep0,6,6,0.2,0.5,30,6,0.6941883069946567,1.0273769739547896,-0.286631661324866,0.5497049656560886,0.40994186422842166,0.5236747930778195,-0.2161080094233323,1.1041594264974899,1.2252908276575334,0.8845375858885022,0.10061405235535126,0.45569531767432775,2.9645876466528636,3.090157527657527,mixed_network_sweep
grn_n6_e6_c4_a3_pos50_rep0,6,6,0.2,0.5,30,6,0.896129626524352,0.691365744220971,0.7359332959161018,0.40166389627931226,0.061750609945313464,0.04571682073294457,-0.34428453566738176,0.6684002744791524,0.2599196581571691,0.2917470438090998,-0.10360943036296213,0.1324441933087271,1.3666888666888666,1.52883038920443,mixed_network_sweep
grn_n6_e6_c4_a3_pos50_rep1,6,6,0.2,0.5,30,6,0.756019453460009,0.7884376701890236,-0.09334159690368649,-0.19708242366851247,0.6357578135639462,-0.4558333816643877,-0.419175431306469,-0.04156670356791687,0.7554344668741997,0.5474091285766395,0.2008462125245721,0.48069757537574953,2.27058808637756,1.5694319977408213,mixed_network_sweep
grn_n6_e6_c4_a3_pos50_rep1,6,6,0.2,0.5,30,6,0.6113017177584961,0.6708694435030014,-0.036032152233654385,-0.47653140537823957,0.5891357275871076,-0.6066051624261475,-0.3716214065403497,-0.32285747798281816,0.5928741907362798,0.6305442418923264,-0.2298134428782825,0.4387242973443845,1.9697016345723242,1.9645992091644264,mixed_network_sweep
grn_n6_e6_c4_a3_pos50_rep1,6,6,0.2,0.5,30,6,0.8061797062096402,0.8258612366311655,-0.025957625597923247,-0.358940493554854,0.05923124306957271,-0.685119310333176,0.5234988423228386,0.17850746907423837,0.6245880145400631,0.6827009687743437,-0.1226781187688026,0.40284815267039203,2.099075591400153,2.332890874557541,mixed_network_sweep
grn_n6_e6_c4_a3_pos50_rep2,6,6,0.2,0.5,30,6,0.8229644305424988,0.8593631183589772,-0.04526030182360375,-0.8047139710627684,-0.30905184901241145,-0.7430593133323486,0.4081716731514372,0.048498555685958705,0.1827147049634144,0.7245823944862094,-0.15674392567609938,-0.2771072870029419,1.0934319246100854,1.3548153235653237,mixed_network_sweep
grn_n6_e6_c4_a3_pos50_rep2,6,6,0.2,0.5,30,6,0.5931353845770909,0.7323649718949774,0.042086594873634524,0.22087453946394978,0.03337196525010831,-0.5865974245381803,0.32851680730049226,0.8274981399095431,0.6137201878107423,0.8360088370219709,0.14150320781785433,0.38268052563356253,1.996487887112887,2.020427489177489,mixed_network_sweep
grn_n6_e6_c4_a3_pos50_rep2,6,6,0.2,0.5,30,6,0.7793549878584706,0.9495422213654121,0.5848655679804636,-0.5270091983001712,0.3543020937719953,-0.48784728467307725,0.3920380571214746,1.3558836104284782,1.3958072674829662,0.3975867200262359,-0.14692471313037914,0.3669414047688289,2.5056968494468492,2.2127976190476186,mixed_network_sweep
B_cell_activation_rep_0_08a5aeab_all_results.json,10,18,0.2,0.2777777777777778,90,18,0.5456715424561406,0.3676452322835757,-0.024343425094621916,-0.06110100093836257,0.37278575952675214,-0.05040664434869138,0.021217490813842367,0.23075202697677802,0.30658550979637467,0.7961787177686035,-0.27116637817288897,0.4757773013900234,1.476252277613847,1.5520807518937578,real_networks
B_cell_activation_rep_1_b7d605e0_all_results.json,10,18,0.2,0.2777777777777778,90,18,0.500906098771625,1.0467620356796035,-0.21830676337612762,-0.03996782144294202,0.5464290926795359,0.15653491857846133,-0.4089571677746396,0.23354948503500536,0.3374884759970338,0.3471111976671974,0.40089465824456655,0.6315800551565752,1.3452588218009667,2.1598789426893332,real_networks
B_cell_activation_rep_2_7dc404ae_all_results.json,10,18,0.2,0.2777777777777778,90,18,0.7053775733388642,-0.14236640555437885,-0.2729096270271296,-0.2729648754711422,0.5425229129113347,0.2320638833513278,-0.15641878021213654,-0.15452843817134745,0.09151838782098713,0.7509707283981848,-0.008909591153225179,0.6018598150998723,1.0842795573952895,1.5030459171024564,real_networks
B_cell_activation_rep_3_f388a313_all_results.json,10,18,0.2,0.2777777777777778,90,18,0.6206958661432493,0.7001625813839317,-0.3345631219540414,-0.12158254721282255,0.9299005536232623,0.33965886532298417,-0.4996061117709429,0.2980458173595969,1.0440241673637065,0.5514209601221437,0.16074633712258962,1.0543036430057438,2.5363902950325006,2.6385257317468396,real_networks
B_cell_activation_rep_4_107eb830_all_results.json,10,18,0.2,0.2777777777777778,90,18,1.357300295665977,1.0190439252771657,0.08978950168632968,-0.3860989844344444,0.43833300031956757,-0.26021307488868173,-0.12312322940966398,0.34478351502768134,0.8254014991510326,0.9139603378516203,0.43637468466017465,0.5400802780815492,2.2162142072812565,3.0963705411066877,real_networks
B_cell_activation_rep_5_2f069314_all_results.json,10,18,0.2,0.2777777777777778,90,18,1.2714237173932925,0.6720354936978791,0.45655180945208523,-0.04790758769855663,0.5440668210800995,0.021569926819188668,0.1554716177862127,0.13003097861396334,0.046020676774924725,0.4590807673854909,0.07389309066091136,0.5931163784325324,0.9738328483788561,1.5737316644526225,real_networks
B_cell_activation_rep_6_548798c1_all_results.json,10,18,0.2,0.2777777777777778,90,18,0.400444753630505,1.1455722373052417,0.2707963017486758,-0.005935372162563743,0.17118335441646942,-0.25462814296852393,0.1775690377190478,0.06570756026224367,0.11761720521085968,0.3739873299214019,0.15890941888660637,0.33665302888746484,1.1404172035927211,1.9075951058750296,real_networks
B_cell_activation_rep_7_3bef5b38_all_results.json,10,18,0.2,0.2777777777777778,90,18,0.7413716920235948,0.7144699234145011,0.01321487060075675,0.03614955096383981,0.1292153881488765,-0.30793387243936204,0.1527593683157439,0.3409464713819296,0.5789704380352055,0.5133338777496229,0.05519129673033168,0.2564191052015746,2.028264771021927,2.0901092780655155,real_networks
B_cell_activation_rep_8_d8e103cd_all_results.json,10,18,0.2,0.2777777777777778,90,18,0.5103432266615484,0.9955409646059615,-0.17587000181507198,0.3314714499778076,0.21078465695146156,-0.10203952109008115,-0.029663547279834446,0.4426625073210051,0.1613066330983879,0.6802563568976797,0.0510134978078616,0.20090027555012727,1.4286035599094782,1.930047541049733,real_networks
B_cell_activation_rep_9_14201498_all_results.json,10,18,0.2,0.2777777777777778,90,18,0.992947065083373,0.3710027938143164,0.15713971903454643,-0.4621995911003527,-0.08789500429949827,-0.6094990984659425,0.1975134000776485,-0.007575051919382646,-0.055622382749681315,0.1131519069129489,-0.22377134324018955,0.0026435420499733597,0.9663679332478453,1.3644788482556602,real_networks
Circadian_cycle_rep_0_3de670e6_all_results.json,4,7,0.5833333333333334,0.42857142857142855,12,7,0.5355448976995062,0.7278574094717676,-0.9078413708131899,0.21692486183924722,0.8332262810583327,0.4909179696786279,-0.47618115488857987,1.3479377880521806,1.8353955855933444,1.835395585593344,0.8040700353691983,0.8193557927147134,1.681486880466472,1.474198250728863,real_networks
Circadian_cycle_rep_1_792e8985_all_results.json,4,7,0.5833333333333334,0.42857142857142855,12,7,0.23827027195834283,0.8887557214132596,0.694682982878602,0.46201721113324834,0.38977651522701273,0.4022299714763677,0.17581581148253797,0.4889922723681387,0.17359706630287075,0.1735970663028699,0.4300712566894339,0.2902265294318669,1.170584857319551,1.4042053184910324,real_networks
Circadian_cycle_rep_2_e36e6f78_all_results.json,4,7,0.5833333333333334,0.42857142857142855,12,7,1.4281134291707327,1.3421344731531257,0.9512592705192628,-0.9443193988308505,0.17148451499966455,-0.86351178163153,0.3839322713325658,0.6238385895682648,0.43494567662762984,0.43494567662762934,0.29329489656015917,-0.17699671700156538,1.2029419560031804,1.6435860058309033,real_networks
Circadian_cycle_rep_3_fdadc8e7_all_results.json,4,7,0.5833333333333334,0.42857142857142855,12,7,0.961693222854164,0.7991254959192056,-0.4139585120569126,0.1266589540085931,0.1806879708616707,-0.2608412079756786,0.10195293269050744,0.7346389359108549,0.35079363435344524,0.35079363435344535,0.02490885651590599,0.2599348619993879,1.177338987543069,1.4499999999999997,real_networks
Circadian_cycle_rep_4_dfa5ed1d_all_results.json,4,7,0.5833333333333334,0.42857142857142855,12,7,1.0819053872206734,0.3244849715291364,-0.38627807931389113,-0.8016960666254643,0.9845514680629401,0.533081091333215,1.2951394788554287,-0.4690938363284039,-1.0562694172426972,-1.0562694172426967,-0.815924658368214,0.7324175056124057,0.7466030568071385,1.2002473716759428,real_networks
Circadian_cycle_rep_5_08537e0b_all_results.json,4,7,0.5833333333333334,0.42857142857142855,12,7,0.4696991332240709,0.7120929079637631,-0.8296479069208583,0.7025616322331998,1.5571272777788536,1.6743417311481739,-0.6792593539432589,0.26716373129872856,0.21678686422075902,0.21678686422076082,-0.7858179224308178,1.6014105085438495,1.0324410283593954,0.8308817033306829,real_networks
Circadian_cycle_rep_6_9c74503b_all_results.json,4,7,0.5833333333333334,0.42857142857142855,12,7,0.6412077808157469,-0.2829104466668724,0.30525686720217776,-0.5863303805254872,1.2312999470600359,-0.07343938904667584,0.0759455621392739,0.26419818174431464,0.5384003089134377,0.538400308913438,0.26080593614202396,1.3525808679914375,1.00466472303207,1.3129737609329442,real_networks
Circadian_cycle_rep_7_97db3f90_all_results.json,4,7,0.5833333333333334,0.42857142857142855,12,7,0.9275724136310441,0.29101598600129064,-0.5681963348157238,-0.7067165709122535,0.689618211164931,0.5523561064484225,-0.037559533801777484,-0.06519716540944767,-0.2737307478339937,-0.2737307478339938,0.2843968895336119,0.47615698358680647,0.9018729569749977,1.0522175103807758,real_networks
Circadian_cycle_rep_8_dc18ce50_all_results.json,4,7,0.5833333333333334,0.42857142857142855,12,7,1.3813657429110127,0.547596552785118,1.2799802959462259,-1.4738001120109276,1.5786244788586725,1.0452627444251201,-0.6557583044697141,0.012302602482623074,-0.3206760209430236,-0.3206760209430229,0.035114531521322406,1.6478869677319261,0.8893630179344465,0.9679830373707922,real_networks
Circadian_cycle_rep_9_e4692cb8_all_results.json,4,7,0.5833333333333334,0.42857142857142855,12,7,0.4221070796602026,0.5105137207973933,-0.32524556758832834,-0.12048268670688494,0.60193301663479,0.36512636085296213,0.09419763499321866,0.44882814736863685,0.5266542743929152,0.5266542743929151,0.5266272652755293,0.4681643982627927,1.1883381924198249,1.247402597402597,real_networks
GSD_rep_0_0_117c4801_all_results.json,19,76,0.2222222222222222,0.35526315789473684,342,76,0.26199265106848474,0.2041590185036791,-0.07228014534973529,0.003834208424781151,0.39668584478130786,-0.027658116163333538,-0.06911986563897336,0.15511333557099952,0.2492261546565729,0.2703127365325288,-0.006444952716653739,0.5360263174599317,1.3322102621786083,1.2901160105537488,real_networks
GSD_rep_0_0_44b48bf3_all_results.json,19,76,0.2222222222222222,0.35526315789473684,340,76,0.34045515267354043,0.2801876761092584,-0.19311337555804728,0.08231480627209145,0.07580293304086631,-0.24422576156550135,-0.10266876493712476,0.21013590179007682,0.22066707202614685,0.3504888451999252,0.3408175106787241,0.1686116840421199,1.25707210301334,1.678821899532714,real_networks
GSD_rep_0_0_7dd89a71_all_results.json,19,76,0.2222222222222222,0.35526315789473684,342,76,0.27053103158901015,0.33123831228642,-0.09538304250890857,0.06649248813846467,-0.06386283170408158,-0.28907393742990567,0.001754118995324048,-0.05334196421686079,0.22077376606598764,0.30890797099401046,-0.25911088496889645,0.18764115029882608,1.303470038265287,1.3314427395000112,real_networks
GSD_rep_0_1_68d8d2fd_all_results.json,19,76,0.2222222222222222,0.35526315789473684,342,76,0.32544523330975583,0.2659691723404337,-0.36239235985376805,-0.20175180965526462,0.27811502046690545,-0.1862449529650027,-0.10911577899955321,-0.023002205932908762,0.1994731127383577,0.2964754576031677,0.08288333820718624,0.3721194695808649,1.233896417699218,1.5101710822011316,real_networks
GSD_rep_0_1_6e30e930_all_results.json,19,76,0.2222222222222222,0.35526315789473684,342,76,0.3917182508521536,0.27660196691533623,0.1467390446399339,-0.10402331682921435,0.06387772939818118,-0.25456262721896494,0.056195768437408415,-0.02008810381520393,0.1223039591436652,0.18357467823316334,0.1294031688713915,0.08962770196764547,1.125645794271868,1.4430641492245926,real_networks
GSD_rep_0_1_a968dd05_all_results.json,19,76,0.2222222222222222,0.35526315789473684,342,76,0.3292205751747696,0.2912683726856676,0.13034060979482961,-0.3318649450569609,-0.22166678413177845,-0.46385328935845266,0.36694372216187837,0.19611725606556976,0.2307985252128306,0.37217779312182514,0.24712068932724474,-0.2109639939967936,1.283409309661122,1.4911216045013316,real_networks
GSD_rep_0_2_580915b8_all_results.json,19,76,0.2222222222222222,0.35526315789473684,342,76,0.2905431496825595,0.31906512749251886,0.030577515617425756,0.06617006814680006,0.04820169452922298,-0.2836647314708071,0.053274226246747144,0.16417572812699455,0.24047739273790997,0.2513503544928217,0.14882593541536793,0.029046475716849873,1.315864447459537,1.4660545664865052,real_networks
GSD_rep_0_2_774c5c47_all_results.json,19,76,0.2222222222222222,0.35526315789473684,342,76,0.4163992244301481,0.29387386376950136,0.016515868349161446,-0.13480890821974995,0.46503292248830186,-0.10748641129150067,-0.2019280014989917,0.2441634106238287,0.2760386962145684,0.37025599268185744,0.22137935767819353,0.5893032297395292,1.344155081566412,1.631185510433453,real_networks
GSD_rep_0_2_f7301f6f_all_results.json,19,76,0.2222222222222222,0.35526315789473684,342,76,0.20554915923821931,0.34383475518246925,0.00537629457048152,0.2784539679485686,0.036731981794083435,-0.21909946346050166,-0.017617316194883822,0.08837332180279531,0.2248775534565518,0.18546530799942312,-0.05337672782685276,0.15760383502821562,1.3046776645288276,1.2830280156322136,real_networks
HSC_rep_0_0_6bff4482_all_results.json,11,23,0.20909090909090908,0.6086956521739131,72,15,0.6177671978912445,0.5219255183702416,-0.62070775747489,0.07036686330755283,0.23398887534270443,0.04843637003707086,-0.003784849003689102,-0.18626123687276955,0.10851227247880339,0.35770536322166335,0.2524381529504064,0.23387921363865016,1.075474022471009,2.041769207605461,real_networks
HSC_rep_0_0_6ed5218f_all_results.json,11,23,0.20909090909090908,0.6086956521739131,72,15,0.6679824563246796,0.5308129975734469,-0.048808282802113516,-0.3245004666558839,-0.5759199658485835,-0.8183595914279426,0.7478188763417271,0.8356509766019637,0.47031775178930335,0.5821247555845789,0.15495856234314517,-0.4264303888157106,1.6184246134080262,2.255262550619241,real_networks
HSC_rep_0_1_6969c104_all_results.json,11,23,0.20909090909090908,0.6086956521739131,72,15,0.9833690777358731,0.6358106731247601,0.2694835497065541,-0.139756119883733,0.0185718226167579,-0.048751780443683945,0.028062423223445366,0.1094178843528318,0.2640535746258181,0.3475293851445699,0.40631130733505866,0.09238757282646654,1.325541248761341,2.3492407961810975,real_networks
HSC_rep_0_1_d38e9655_all_results.json,11,23,0.20909090909090908,0.6086956521739131,72,15,0.4248516495333026,0.516879031770857,0.1734183323510896,0.39294572655937304,-0.3487217464551024,-0.3566511940593157,0.19241177124324682,0.49314572458074846,0.7108444940306315,0.3608512833351108,-0.02137281069954573,-0.27016999009377923,1.9791359343591632,1.6888123510480941,real_networks
HSC_rep_0_2_aa294c10_all_results.json,11,23,0.20909090909090908,0.6086956521739131,72,15,0.686468641538189,0.5314746648515276,0.7881256987805454,-0.6864058439591623,0.3370062582025134,-0.04247175033649838,-0.16055634571990648,0.24348288418880074,0.08685828702320918,0.24088627766914802,-0.32811284734136065,0.19247537022001182,0.9583714154265118,1.3018761863710298,real_networks
HSC_rep_0_2_d7e88bea_all_results.json,11,23,0.20909090909090908,0.6086956521739131,72,15,0.5218592276623208,1.0693625679327385,-0.2918717756815729,0.143914909701675,-0.38739716783915623,-0.7846540106786907,0.2732351656439999,0.21055681645285762,0.6307387798737528,0.4062880384667907,0.2832399623786921,-0.059328356025648905,1.8515724210161146,2.1877774053145163,real_networks
HSC_rep_0_3_0645bb82_all_results.json,11,23,0.20909090909090908,0.6086956521739131,72,15,0.5118688678823734,0.6283987442982019,-0.12170128211214457,0.22361274681815796,-0.25561946876723607,-0.24323300083910748,-0.21228702529414453,0.33546644188197,0.23336808039756454,0.33754573918085556,0.006668391488610414,-0.06421413177024737,1.1805595219058973,2.0555795236926344,real_networks
HSC_rep_0_3_09551c76_all_results.json,11,23,0.20909090909090908,0.6086956521739131,72,15,0.6684788908177437,0.6773685609485277,-0.29197972507137254,-0.38852355134569655,0.5353013015561885,0.16265667812491838,0.06587703044362889,0.3288514529902443,0.442775377886134,0.21648740383195456,-0.2599255820966601,0.408707281725429,1.637720551399524,1.7370399905577596,real_networks
HSC_rep_0_4_4823f38c_all_results.json,11,23,0.20909090909090908,0.6086956521739131,72,15,0.5573713256710515,0.7689259351071039,0.5710306327669278,-0.18486396314626466,-0.13228242477724922,-0.36274989859058954,0.3615646569491571,-0.440754055395091,0.27351143592705063,-0.030228505580954395,-0.38210191799993287,-0.06334734664851985,1.2779173666627184,1.2398060082246432,real_networks
HSC_rep_0_4_6e31f8bb_all_results.json,11,23,0.20909090909090908,0.6086956521739131,72,15,0.49617540188372944,0.4344433429415592,-0.07002247952654014,-0.2320570539014913,0.43066795472147623,0.030972838445066053,0.1447426826059905,0.5620675428405197,0.750098995159869,0.36512421794743105,-0.23663836033631988,0.38554649801147894,2.075655162453751,1.8712606332901631,real_networks
Pluripotent_rep_0_eb8c3e1d_all_results.json,36,85,0.06746031746031746,0.2235294117647059,1190,79,0.34711982509525946,0.6347872253363178,-0.06553265300663562,0.10693704348374511,0.09494807531743898,-0.2122150772823645,-0.14499905166754473,0.15676050994868942,0.21777901777610428,0.4327520663292891,0.26887093650844607,0.29707869616641713,1.2567534629645136,1.7917668272132874,real_networks
Pluripotent_rep_1_4de1b9b1_all_results.json,36,85,0.06746031746031746,0.2235294117647059,1190,79,0.5978967682851724,0.7707366169519796,0.2309722972207542,0.03604386576361826,0.020745761503617798,-0.34108160562660994,0.1195794340653806,0.027727237242554523,0.04401362139386546,0.3214353683476069,0.11164148297216472,0.304244473411671,1.0807028041089286,1.2885993479623399,real_networks
Pluripotent_rep_2_df2be381_all_results.json,36,85,0.06746031746031746,0.2235294117647059,1190,79,0.8206551988767,0.4108702310190188,0.14164316940697394,-0.15751344522241353,0.2548819016286223,-0.21614394894885824,-0.04170445977283615,0.19889235103914765,0.3667297986941629,0.4602916789855927,0.18419732818574522,0.34497113074973784,1.482455653607816,2.0554224988188152,real_networks
Pluripotent_rep_3_2bb2df02_all_results.json,36,85,0.06746031746031746,0.2235294117647059,1188,79,0.49382789301519103,0.7290469967934299,0.08420364419298254,0.08114618334277295,0.15354569775515972,-0.22994968242697553,0.0518010314283656,0.04181201656754223,0.25000557911962207,0.4744265211785637,0.3154831975682565,0.33527382693451546,1.4833103987886478,2.024317211737697,real_networks
Pluripotent_rep_4_8302ee00_all_results.json,36,85,0.06746031746031746,0.2235294117647059,1190,79,0.8448284717213119,0.669870183394913,0.07897686828319607,0.09317010695621308,0.1652811103253213,-0.24472975249842033,-0.039828956159504145,-0.03706935328082784,0.0372328655098068,0.2758434907400313,0.5742019992777714,0.4195079049349819,1.0569874333279952,1.9225901546452178,real_networks
Pluripotent_rep_5_5a81e786_all_results.json,36,85,0.06746031746031746,0.2235294117647059,1190,79,0.5645929568106846,0.5089052746148397,-0.02462703186805003,-0.005788167431759051,0.2468823659097711,-0.16912729412214028,0.03639476513726099,0.11320027280081867,0.21557287395721803,0.420256292492075,0.1898637372726245,0.46236308881381166,1.3856264478965856,1.6031527173165492,real_networks
VSC_rep_2_0_2befd3f9_all_results.json,8,15,0.26785714285714285,1.0,56,15,1.0868394227156661,1.0582879322854226,0.002156323881208348,0.11552026435356937,-0.253128878553627,1.949126692865162,-0.5151657948737844,-0.0381154429491861,0.8756548416849204,-1.6319879438186045,0.4390222541811744,-0.3511582674171376,1.6013724443267043,2.1583527020162063,real_networks
VSC_rep_2_0_db467b5d_all_results.json,8,15,0.26785714285714285,1.0,56,15,1.169043901824441,1.0995869659508593,0.26771316303481546,-0.7559116544394568,0.10039268769965519,1.7592022361568085,-0.6163545197676163,0.2957945753351523,1.038959264492046,-1.712442632510735,-0.29393319174460636,-0.1434886133558128,1.7482141193120255,2.075161202043899,real_networks
VSC_rep_2_1_c867f15c_all_results.json,8,15,0.26785714285714285,1.0,56,15,1.0320573433136024,1.053425546106359,0.13445326279820316,-1.2501370062154646,-0.2260151682011082,1.8545573240497508,0.1692831847670804,0.24530738831626192,0.9499585093244084,-1.667023690646321,-0.2711580126965647,-0.6053343009108098,1.692599845873975,2.1989610460970592,real_networks
VSC_rep_2_1_fcb5875c_all_results.json,8,15,0.26785714285714285,1.0,56,15,1.008283934883933,1.0929970116055647,-0.3448095105628893,-0.005901420945656839,-0.8398661666896505,1.7572856801192691,-0.07687718155577308,0.08236646883481037,0.9884923226612334,-1.6818183993160747,-0.4550049057600109,-0.9773301775719523,1.7359769753329457,2.1393263878209843,real_networks
VSC_rep_2_2_a4b2efd7_all_results.json,8,15,0.26785714285714285,1.0,56,15,1.1714261356315532,1.1178977569330624,-0.09826768942597969,-0.4487134857688674,-0.36646610803245777,1.7978283804701876,0.11383712462219263,0.3181198715929954,1.1540116003604313,-1.7380613356771684,-0.24683436781782156,-0.6286565282111055,1.8565401499360796,2.391288832505461,real_networks
VSC_rep_2_2_c8e468fc_all_results.json,8,15,0.26785714285714285,1.0,56,15,0.9681771494767082,1.0664217704269914,-0.23372919738384537,0.27430708492611494,-0.4516378157941943,1.8635336788233055,-0.3275632734209126,0.01575153082294085,0.9092583455302616,-1.6554072459244256,-0.0022718692499388788,-0.27435594248008793,1.627442266457555,1.8305601516809955,real_networks
VSC_rep_2_3_0fa3a94a_all_results.json,8,15,0.26785714285714285,1.0,56,15,1.1025519406677209,1.1099279018016668,-0.2972260209794698,-0.24103168062413566,-0.23638681353514898,1.829233014680462,-0.2710677839711597,0.2336495340061728,1.0586349115005105,-1.7193182870087909,-0.08611855942668642,-0.40024003127852825,1.7840558407053075,2.1121314263337974,real_networks
VSC_rep_2_3_dd8881d6_all_results.json,8,15,0.26785714285714285,1.0,56,15,1.0547558541866622,1.095059780167256,-0.1632453566793383,-0.12535187104947945,0.05725291191125768,1.7388559525435192,-0.3804076969509223,0.13843926378153004,0.9850337989685392,-1.671112264967894,-0.04469127425904416,-0.0715446497458743,1.6951494506334548,2.062776730978382,real_networks
VSC_rep_2_4_54a9a55d_all_results.json,8,15,0.26785714285714285,1.0,56,15,0.9365863809495797,1.0439433839821834,0.026482640481949687,0.05436717640524392,-0.34235374262631796,1.738740343020974,-0.08097364120072185,0.19535402847398256,0.995115251337027,-1.6493024983329245,-0.3300884823309819,-0.35498960333699936,1.6603235786207258,1.7452733082100604,real_networks
VSC_rep_2_4_87f1b91d_all_results.json,8,15,0.26785714285714285,1.0,56,15,1.1309223309993548,1.1209368643360398,0.05167744966137409,0.10028087365690168,-0.3690930728962326,1.80807138500925,-0.07846638489683129,-0.17365513699336554,0.906953816205691,-1.6204073371376675,0.13820728281570976,-0.4274081285076216,1.6296396349622588,1.9416228945048926,real_networks
mCAD_rep_1_0_3f3127d1_all_results.json,5,13,0.65,0.6923076923076923,20,13,-0.36944345768287407,-0.34534657042265476,0.443087528741629,0.03368265661213425,-0.42077294831927015,0.772708407962645,0.058723985535856504,-0.5699960185810632,-0.43814864612670174,-0.7687461502183125,0.22197335564567153,-0.2596531246985377,0.9791400379612772,0.9657572715123048,real_networks
mCAD_rep_1_0_c733c5af_all_results.json,5,13,0.65,0.6923076923076923,20,13,-0.34929934255931905,-0.2721842541515372,-0.8962096463525866,0.6235371640581767,0.5446008447833978,0.8228190274232627,-0.7540342025259652,0.5904388477309708,-0.3442090060581007,-0.745884815957941,0.8635100908635878,-0.31806459017375815,0.9770953684660243,1.0159214601000188,real_networks
mCAD_rep_1_1_984e3851_all_results.json,5,13,0.65,0.6923076923076923,20,13,-0.353785191347506,-0.37448221104439355,0.005394297103567955,0.6864344652685566,0.09489862636752595,0.839079001710142,-1.0198685394610219,0.39419030262682153,-0.3577614888265352,-0.7159166827069645,1.0460038543834769,-0.22373232886853034,0.989585257043626,0.9072027364432149,real_networks
mCAD_rep_1_1_98d3784d_all_results.json,5,13,0.65,0.6923076923076923,20,13,-0.36888789965247026,-0.31551068829253304,-0.030149288789899555,-0.527997349477743,-0.3368305494090954,0.7630972817019532,0.5935754131588518,-0.42112459749748093,-0.4042178800615558,-0.7330157839274254,-0.4087734563242203,-0.31143737204820665,0.8716834349997923,0.8779711260338515,real_networks
mCAD_rep_1_2_9c719c8a_all_results.json,5,13,0.65,0.6923076923076923,20,13,-0.34430320535061143,-0.34556551368064575,-0.5492453422629704,-1.3486185051705641,0.3555422106597348,0.8164056908839467,0.24271494819824113,-0.02869363894323828,-0.4232482668230674,-0.76810941657976,-0.0926722822756471,-0.15753432305415366,0.8986864094009567,0.9649409686598025,real_networks
mCAD_rep_1_2_a7063ed4_all_results.json,5,13,0.65,0.6923076923076923,20,13,-0.3283524282360808,-0.31350350980466873,-0.07477308027039734,0.7172216499080862,0.2533192016710377,0.8469696001645048,-0.8993047772797809,0.7581862556815622,-0.30003604855331006,-0.7537930745497397,-0.2414634981956785,-0.3393225330885298,1.007251304609192,0.917064669382071,real_networks
mCAD_rep_1_3_4b249088_all_results.json,5,13,0.65,0.6923076923076923,20,13,-0.31650211597030853,-0.332229248342315,0.28207575064198287,0.7482736723284483,0.5435492631741778,0.8661967762130863,-0.7207476382640903,0.1843185470143467,-0.3618773928351816,-0.7591232059972735,-0.5847984030871408,0.5513521191455422,0.8751918540238102,0.9022717699737869,real_networks
mCAD_rep_1_3_bc300850_all_results.json,5,13,0.65,0.6923076923076923,20,13,-0.29873817737560876,-0.3557623761969992,0.44298642229505186,0.49999034706744305,-0.3160300354976912,0.7324790858202954,0.1924884515603575,0.7840447177281638,-0.25713672234779716,-0.7011308579215828,0.7641767330751503,-0.2019332925817344,1.0046868598149121,1.006638368684277,real_networks
mCAD_rep_1_4_6e99bcc8_all_results.json,5,13,0.65,0.6923076923076923,20,13,-0.30186153636345864,-0.2933070069875525,-0.35282972950472696,0.4834128346494751,0.48829907541321155,0.8636902645044622,-1.3058084003489827,-0.20719141191228743,-0.4010397604946339,-0.6815865009351559,0.8033912719530335,0.2727035023599038,0.989585257043626,0.9015858249444084,real_networks
mCAD_rep_1_4_986cdabb_all_results.json,5,13,0.65,0.6923076923076923,20,13,-0.248829750178454,-0.2799663586808105,-0.23790956877747305,0.4872576549028198,0.5453418807656029,0.8702395533048349,-0.42427599039483677,1.375224745309322,-0.2582046974213782,-0.7174935302636882,0.49896700873722705,-0.07824306631073992,1.0030094995837753,0.9216343369667422,real_networks
